; Spirits (Topo Soft, 1987), MSX — STAGE2
; Дизасм ref/msx/SPIRITS.2.payload, собирается байт-в-байт: tools/verify_disasm.py
; Диапазон 83A0..D100 (19809 байт), entry 83A0
; Сдвиг +0x100 относительно оригинала (82A0).
; Достижимый код 4980 байт, остальное — db (графика/таблицы).
;
; Абсолютные адреса вынесены в метки, чтобы переезд на другую раскладку
; делал ассемблер, а не пересчёт операндов скриптом.
; Абсолютных адресов 683: метками 557, стухших 126 (помечены в строке —
; символизировать их нельзя), не опознано 0. Относительных переходов 231.
; Разбор — docs/msx-relocation.md.
;
; Сгенерировано tools/disasm_msx.py — правки вносить туда или в tools/entries.json.
; Наложения (цель внутри предыдущей инструкции): CC12

; Символы вне этого образа: резидентный слой (он копируется в верхнюю RAM
; из SPIRITS.1 — см. docs/msx-vdp-abi.md), копия в page 1, BIOS и цели,
; попавшие внутрь чужой инструкции. equ байтов не порождает — канон не
; трогается, а при смене org правится в одном месте.
BIOS_ENASLT:	equ	0x0024
BIOS_CHGCLR:	equ	0x0072
P1_RESIDENT:	equ	0x5000
P1_STACK_TOP:	equ	0x61A8
P1_HIMEM:	equ	0x6522
D_D100:	equ	0xD100
L_D107:	equ	0xD107
L_D121:	equ	0xD121
SCR_ADDR_BIT13:	equ	0xD192
L_D1A0:	equ	0xD1A0
L_D1F2:	equ	0xD1F2
D_D223:	equ	0xD223
L_D224:	equ	0xD224
L_D26C:	equ	0xD26C
L_D284:	equ	0xD284
L_D2C2:	equ	0xD2C2
L_D302:	equ	0xD302
VDP_WR_STRIDE8:	equ	0xD31D
SPR_BANK_VAR:	equ	0xD352
SCR_ADDR_BIT14:	equ	0xD370
VDP_FILL:	equ	0xD411
VDP_RD_BYTE:	equ	0xD420
VDP_WR_BYTE:	equ	0xD428
VDP_COPY_TO_VRAM:	equ	0xD433
VDP_RD_STRIDE8:	equ	0xD4B4
KBD_SCAN:	equ	0xD4DF
RET_STUB:	equ	0xD4F8
THUNK_CDC5_D00:	equ	0xD4FE
THUNK_CDC5_D60:	equ	0xD503
D_D508:	equ	0xD508
L_D5F1:	equ	0xD5F1
L_D5F7:	equ	0xD5F7
ATTR_ADDR:	equ	0xD700
L_D719:	equ	0xD719
L_D736:	equ	0xD736
L_D73F:	equ	0xD73F
KBD_CHK_F3B5:	equ	0xD784
L_D792:	equ	0xD792
L_D79F:	equ	0xD79F
SFX_64D7:	equ	0xD7DA
SFX_64E6:	equ	0xD7E5
SFX_64D7_x25:	equ	0xD7F2
L_D87E:	equ	0xD87E
SFX_64B9:	equ	0xD888
SFX_64C8:	equ	0xD894
SFX_64F5:	equ	0xD89A
L_D8A8:	equ	0xD8A8
L_D968:	equ	0xD968
L_DA8E:	equ	0xDA8E
L_DBCF:	equ	0xDBCF
L_DBE9:	equ	0xDBE9
L_DC24:	equ	0xDC24
MUS_TRACK_1:	equ	0xE0E7
MUS_TRACK_2:	equ	0xE119
SPR_BANK_E14B:	equ	0xE14B
RG1SAV:	equ	0xF3E0
BDRCLR:	equ	0xF3EB
H_KEYI:	equ	0xFD9F
SSLOT_REG:	equ	0xFFFF

	org	0x83A0

STAGE2:
	ld b,0x80                     ; 83A0  06 80
L_83A2:
	push bc                       ; 83A2  C5
	call H_KEYI                   ; 83A3  CD 9F FD
	pop bc                        ; 83A6  C1
	djnz L_83A2                   ; 83A7  10 F9
	ld a,0xC9                     ; 83A9  3E C9
	ld (H_KEYI),a                 ; 83AB  32 9F FD
	ld hl,RG1SAV                  ; 83AE  21 E0 F3
	set 1,(hl)                    ; 83B1  CB CE
	ld hl,BDRCLR                  ; 83B3  21 EB F3
	ld (hl),0x01                  ; 83B6  36 01
	call BIOS_CHGCLR              ; 83B8  CD 72 00
	in a,(0xA8)                   ; 83BB  DB A8
	and 0xC0                      ; 83BD  E6 C0
	rlca                          ; 83BF  07
	rlca                          ; 83C0  07
	ld b,a                        ; 83C1  47
	ld a,(SSLOT_REG)              ; 83C2  3A FF FF
	cpl                           ; 83C5  2F
	and 0x30                      ; 83C6  E6 30
	rrca                          ; 83C8  0F
	rrca                          ; 83C9  0F
	or b                          ; 83CA  B0
	or 0x80                       ; 83CB  F6 80
	ld h,0x40                     ; 83CD  26 40
	call BIOS_ENASLT              ; 83CF  CD 24 00
	ld sp,P1_STACK_TOP            ; 83D2  31 A8 61
	ld hl,P1_RESIDENT             ; 83D5  21 00 50
	ld de,D_D100                  ; 83D8  11 00 D1
	ld bc,0x104B                  ; 83DB  01 4B 10
	ldir                          ; 83DE  ED B0
	ld hl,P1_HIMEM                ; 83E0  21 22 65
	ld bc,0x1ADE                  ; 83E3  01 DE 1A
	ldir                          ; 83E6  ED B0
	jp L_BC89                     ; 83E8  C3 89 BC

GFX_83EB:			; данные 83EB..8473 (137 байт)
; битовые шаблоны 8x8 (графика). Живой код сюда не обращается: это данные,
; которые резидентный слой гонит в VRAM по указателям из карт комнат
	db	0x00,0x00,0x00,0x00,0x00,0x00,0x00,0x00,0x00,0x00,0x07,0x07,0x07,0x1F,0x1F,0x1F	; 83EB
	db	0x10,0x00,0xC0,0xC0,0xC0,0xEF,0xDF,0xDF,0x00,0x00,0x00,0x00,0x00,0x1E,0xBF,0xFF	; 83FB
	db	0x00,0x00,0x00,0x00,0x00,0x3C,0x7E,0xFF,0x01,0x00,0x00,0x00,0x00,0x00,0x00,0x00	; 840B
	db	0x00,0x00,0x00,0x00,0x00,0x00,0x00,0x00,0x00,0x00,0x00,0x00,0x00,0x00,0x00,0x00	; 841B
	db	0x00,0x00,0x00,0x00,0x00,0x00,0x00,0x00,0x00,0x1F,0x07,0x07,0x03,0x03,0x01,0x00	; 842B
	db	0x00,0xDF,0xDF,0xEF,0xF0,0xFF,0xFF,0xFF,0x3F,0xBF,0xBF,0x3F,0xBE,0xB8,0xB8,0xB0	; 843B
	db	0xC0,0x7F,0xFF,0x7E,0x3C,0x00,0x00,0x00,0x00,0x00,0x00,0x00,0x1E,0x20,0x3E,0x02	; 844B
	db	0x3C,0x00,0x00,0x00,0x78,0x85,0x85,0x85,0x79,0x00,0x00,0x00,0xF7,0x01,0xC1,0x01	; 845B
	db	0x01,0x00,0x00,0x00,0xC0,0x00,0x00,0x00,0x00	; 846B
L_8474:
	ld c,0x20                     ; 8474  0E 20
	ld iyh,0x00                   ; 8476  FD 26 00
	push bc                       ; 8479  C5
	call L_D73F                   ; 847A  CD 3F D7
	ld (D_D508+0xC),a             ; 847D  32 14 D5
	push hl                       ; 8480  E5
	ld bc,0x0804                  ; 8481  01 04 08
	ld de,0xF58D                  ; 8484  11 8D F5  ; СТУХШИЙ ОПЕРАНД (по аналогии), должно быть F68D
	call VDP_RD_STRIDE8           ; 8487  CD B4 D4
	pop hl                        ; 848A  E1
	ld (L_84B1+0x1),hl            ; 848B  22 B2 84
	ld a,(D_D508+0xC)             ; 848E  3A 14 D5
	and a                         ; 8491  A7
	jr z,L_8498                   ; 8492  28 04
	ld de,0x0C00                  ; 8494  11 00 0C
	add hl,de                     ; 8497  19
L_8498:
	ld (L_84BD+0x1),hl            ; 8498  22 BE 84
	pop bc                        ; 849B  C1
L_849C:
	push bc                       ; 849C  C5
	ld hl,0xF58D                  ; 849D  21 8D F5  ; СТУХШИЙ ОПЕРАНД (по аналогии), должно быть F68D
	ld b,0x08                     ; 84A0  06 08
L_84A2:
	and a                         ; 84A2  A7
	rr (hl)                       ; 84A3  CB 1E
	inc hl                        ; 84A5  23
	rr (hl)                       ; 84A6  CB 1E
	inc hl                        ; 84A8  23
	rr (hl)                       ; 84A9  CB 1E
	inc hl                        ; 84AB  23
	rr (hl)                       ; 84AC  CB 1E
	inc hl                        ; 84AE  23
	djnz L_84A2                   ; 84AF  10 F1
L_84B1:
	ld hl,0x00                    ; 84B1  21 00 00
	ld bc,0x0804                  ; 84B4  01 04 08
	ld de,0xF58D                  ; 84B7  11 8D F5  ; СТУХШИЙ ОПЕРАНД (по аналогии), должно быть F68D
	call VDP_WR_STRIDE8           ; 84BA  CD 1D D3
L_84BD:
	ld hl,0x00                    ; 84BD  21 00 00
	ld bc,0x0804                  ; 84C0  01 04 08
	ld de,0xF58D                  ; 84C3  11 8D F5  ; СТУХШИЙ ОПЕРАНД (по аналогии), должно быть F68D
	call VDP_WR_STRIDE8           ; 84C6  CD 1D D3
	call SFX_64D7                 ; 84C9  CD DA D7
	pop bc                        ; 84CC  C1
	dec c                         ; 84CD  0D
	jr nz,L_849C                  ; 84CE  20 CC
	call SFX_64F5                 ; 84D0  CD 9A D8
	call L_C74A                   ; 84D3  CD 4A C7
	jp L_C72E                     ; 84D6  C3 2E C7

D_84D9:			; данные 84D9..84E9 (17 байт)
	db	0xED,0x52,0x19,0x28,0x13,0xCD,0x41,0x9C,0x2B,0x7E,0xFE,0x20,0xDC,0x41,0x9C,0x04	; 84D9
	db	0xC9	; 84E9
	ld (hl),a                     ; 84EA  77
	ld a,b                        ; 84EB  78
	or a                          ; 84EC  B7
	ret z                         ; 84ED  C8

	dec b                         ; 84EE  05
	ret z                         ; 84EF  C8

	inc hl                        ; 84F0  23
	or a                          ; 84F1  B7
	ret                           ; 84F2  C9

D_84F3:			; данные 84F3..84F4 (2 байт)
	db	0xCD,0x02	; 84F3
L_84F5:
	ld b,(hl)                     ; 84F5  46
	inc hl                        ; 84F6  23
L_84F7:
	push bc                       ; 84F7  C5
	ld a,(hl)                     ; 84F8  7E
	inc hl                        ; 84F9  23
	ld c,(hl)                     ; 84FA  4E
	inc hl                        ; 84FB  23
	out (0xA0),a                  ; 84FC  D3 A0
	ld a,c                        ; 84FE  79
	out (0xA1),a                  ; 84FF  D3 A1
	pop bc                        ; 8501  C1
	djnz L_84F7                   ; 8502  10 F3
	ret                           ; 8504  C9

	or a                          ; 8505  B7
	sbc hl,de                     ; 8506  ED 52
	add hl,de                     ; 8508  19
	jr nc,L_8513                  ; 8509  30 08
	add hl,bc                     ; 850B  09
	ex de,hl                      ; 850C  EB
	add hl,bc                     ; 850D  09
	ex de,hl                      ; 850E  EB
	inc bc                        ; 850F  03
	lddr                          ; 8510  ED B8
	ret                           ; 8512  C9

L_8513:
	inc bc                        ; 8513  03
	ldir                          ; 8514  ED B0
	ret                           ; 8516  C9

D_8517:			; данные 8517..8546 (48 байт)
	db	0xE5,0x21,0x00,0x17,0xE5,0xCD,0x26,0x9C,0xE1,0xC5,0xF5,0xCD,0x53,0x9C,0xF1,0xC1	; 8517
	db	0xCD,0x26,0x9C,0xE1,0xC9,0x3E,0x1B,0xCD,0x89,0x88,0x3E,0x59,0xCD,0x89,0x88,0x7C	; 8527
	db	0xC6,0x20,0xCD,0x89,0x88,0x7D,0xC6,0x20,0xC3,0x89,0x88,0xF5,0x3E,0x0C,0x18,0x00	; 8537
ROOM_MAPS:			; данные 8547..A89B (9045 байт)
; карты экранов/комнат до A89B. Запись начинается с 00, дальше номер
; комнаты и 4-байтные элементы. Живой код C60D..C70A патчит в них
; отдельные байты (двери/ключи): 8748/86C7, 8ADE/8CFD, 8FAC/8F3F,
; 92AE/91C3, 9E7A/9ED9, A33A/A347, A37C..A384, A460/A464, A5D7, A64C
	db	0x05,0x00,0x01,0x18,0x18,0x9E,0x00,0x00,0xC7,0x2E,0x00,0x10,0xAF,0x2E,0x00,0x20	; 8547
	db	0xAF,0x28,0x10,0x10,0x3E,0x1E,0x00,0x30,0xC7,0x15,0x00,0x40,0xC7,0x9E,0x00,0x50	; 8557
	db	0xC7,0x2E,0x00,0x60,0xAF,0x2E,0x00,0x70,0xAF,0x28,0x10,0x60,0x3E,0x1E,0x00,0x80	; 8567
	db	0xC7,0x9E,0x00,0x90,0xC7,0x32,0x00,0xA0,0xB7,0x94,0x10,0x00,0xBB,0x94,0x20,0x00	; 8577
	db	0xBB,0x94,0x30,0x00,0xBB,0x94,0x40,0x00,0xBB,0x9E,0x50,0x00,0xC7,0x16,0x50,0x10	; 8587
	db	0xB7,0x16,0x50,0x30,0xB7,0x16,0x50,0x50,0xB7,0x16,0x50,0x70,0xB7,0x16,0x50,0x90	; 8597
	db	0xB7,0x96,0x50,0xA0,0xB7,0x00,0x06,0x00,0x02,0x1A,0x1A,0x15,0x00,0x00,0xC7,0x9E	; 85A7
	db	0x00,0x10,0xC7,0x0E,0x00,0x20,0xB3,0x0E,0x00,0x38,0xB3,0x11,0x00,0x50,0xAF,0x0E	; 85B7
	db	0x00,0x60,0xB3,0x0E,0x00,0x78,0xB3,0x11,0x00,0x90,0xAF,0x0E,0x00,0xA0,0xB3,0x13	; 85C7
	db	0x00,0xB8,0xAB,0x1E,0x08,0xB0,0xC7,0x16,0x50,0x00,0xB7,0x16,0x50,0x20,0xB7,0x0D	; 85D7
	db	0x50,0x40,0x31,0x0D,0x58,0x40,0x31,0x0D,0x48,0x40,0x31,0x16,0x50,0x58,0xB7,0x16	; 85E7
	db	0x50,0x78,0xB7,0x11,0x50,0x98,0xAF,0x1E,0x50,0xA8,0xC7,0x14,0x50,0xB8,0xBB,0x07	; 85F7
	db	0x18,0x20,0x33,0x07,0x18,0x70,0x33,0x0D,0x40,0x40,0x31,0x0D,0x38,0x40,0x31,0x0D	; 8607
	db	0x30,0x40,0x31,0x00,0x07,0x01,0x03,0x11,0x11,0x14,0x00,0x00,0xBB,0x05,0x10,0x00	; 8617
	db	0xBB,0xA1,0x08,0x08,0x43,0x16,0x00,0x08,0xB7,0x2C,0x00,0x28,0xEF,0x2C,0x00,0x48	; 8627
	db	0xEF,0x2C,0x00,0x68,0xEF,0x2C,0x00,0x88,0xEF,0x15,0x00,0xA8,0xC7,0x14,0x00,0xB8	; 8637
	db	0xBB,0x16,0x50,0x00,0xB7,0x16,0x50,0x20,0xB7,0x16,0x50,0x40,0xB7,0x16,0x50,0x60	; 8647
	db	0xB7,0x16,0x50,0x80,0xB7,0x16,0x50,0xA0,0xB7,0x38,0x38,0x88,0x95,0x00,0x08,0x02	; 8657
	db	0x04,0x16,0x16,0x9E,0x00,0x00,0xC7,0x2E,0x00,0x10,0xAF,0x1E,0x00,0x20,0xC7,0x9E	; 8667
	db	0x00,0x30,0xC7,0x1F,0x00,0x40,0xAB,0x1E,0x00,0x48,0xC7,0x15,0x00,0x58,0xC7,0x9E	; 8677
	db	0x00,0x68,0xC7,0x2E,0x00,0x78,0xAF,0x1F,0x00,0x88,0xAB,0x1E,0x00,0x90,0xC7,0x9E	; 8687
	db	0x00,0xA0,0xC7,0x2E,0x00,0xB0,0xAF,0x16,0x50,0x00,0xB7,0x16,0x50,0x20,0xB7,0x11	; 8697
	db	0x50,0x40,0xAF,0x91,0x50,0x70,0xAF,0x16,0x50,0x80,0xB7,0x16,0x50,0xA0,0xB7,0x28	; 86A7
	db	0x10,0x50,0x3E,0x07,0x10,0x28,0x33,0x07,0x10,0xA0,0x33,0x00,0x09,0x03,0x05,0x23	; 86B7
	db	0x23,0x2E,0x00,0x00,0xAF,0x1E,0x00,0x10,0xC7,0x15,0x00,0x20,0xC7,0x9E,0x00,0x30	; 86C7
	db	0xC7,0x0E,0x00,0x40,0xB3,0x11,0x00,0x58,0xAF,0x11,0x00,0x68,0xAF,0x0E,0x00,0x78	; 86D7
	db	0xB3,0x11,0x00,0x90,0xAF,0x1E,0x00,0xA0,0xC7,0x15,0x00,0xB0,0xC7,0x15,0x10,0xB0	; 86E7
	db	0xC7,0x15,0x20,0xB0,0xC7,0x15,0x30,0xB0,0xC7,0x15,0x40,0xB0,0xC7,0x15,0x50,0xB0	; 86F7
	db	0xC7,0x16,0x50,0x00,0xB7,0x16,0x50,0x20,0xB7,0x16,0x50,0x40,0xB7,0x16,0x50,0x60	; 8707
	db	0xB7,0x0E,0x50,0x80,0xB3,0x0D,0x48,0x98,0x31,0x0D,0x50,0x98,0x31,0x0D,0x58,0x98	; 8717
	db	0x31,0x0E,0x20,0x60,0x09,0x11,0x18,0x58,0x05,0x0D,0x40,0x98,0x31,0x0D,0x38,0x98	; 8727
	db	0x31,0x0D,0x30,0x98,0x31,0x15,0x10,0x18,0xC7,0x15,0x10,0x28,0xC7,0x15,0x20,0x28	; 8737
	db	0xDA,0x36,0x20,0x18,0x04,0x15,0x30,0x28,0xDA,0x15,0x40,0x28,0xDA,0x00,0x0A,0x04	; 8747
	db	0x06,0x18,0x18,0x14,0x00,0x00,0xBD,0x05,0x10,0x00,0xBD,0x14,0x20,0x00,0xBD,0x14	; 8757
	db	0x30,0x00,0xBD,0x15,0x40,0x00,0xC9,0x9E,0x50,0x00,0xC9,0x16,0x50,0x10,0xB9,0x91	; 8767
	db	0x50,0x28,0xB1,0x11,0x58,0x38,0x5C,0x16,0x50,0x68,0xB9,0x16,0x50,0x88,0xB9,0x0E	; 8777
	db	0x50,0xA8,0xB5,0x2C,0x00,0x08,0xEF,0x2C,0x00,0x28,0xEF,0x2C,0x00,0x48,0xEF,0x2C	; 8787
	db	0x00,0x68,0xEF,0x2C,0x00,0x88,0xEF,0x15,0x00,0xA8,0xC9,0x14,0x00,0xB8,0xBD,0x03	; 8797
	db	0x18,0x28,0x36,0x84,0x28,0x20,0x1E,0x06,0x28,0x30,0x06,0x04,0x28,0x40,0x1E,0x08	; 87A7
	db	0x18,0x78,0x32,0x01,0x0B,0x05,0x07,0x1B,0x1B,0x16,0x50,0x00,0xB9,0x16,0x50,0x20	; 87B7
	db	0xB9,0x16,0x50,0x40,0xB9,0x16,0x50,0x60,0xB9,0x16,0x50,0x80,0xB9,0x16,0x50,0xA0	; 87C7
	db	0xB9,0x0D,0x48,0x40,0x31,0x0D,0x40,0x40,0x31,0x0D,0x38,0x40,0x31,0x0D,0x30,0x40	; 87D7
	db	0x31,0x0D,0x28,0x40,0x31,0x0D,0x20,0x40,0x31,0x0D,0x18,0x40,0x31,0x0D,0x10,0x40	; 87E7
	db	0x31,0x0D,0x08,0x40,0x31,0x0D,0x00,0x40,0x31,0x9E,0x00,0x00,0xC9,0x1F,0x00,0x10	; 87F7
	db	0xB1,0x9F,0x00,0x18,0xB1,0x1E,0x00,0x20,0xC9,0x15,0x00,0x30,0xC9,0x16,0x00,0x58	; 8807
	db	0xB9,0x16,0x00,0x78,0xB9,0x16,0x00,0x98,0xB9,0x13,0x00,0xB8,0xAD,0x07,0x10,0x70	; 8817
	db	0x33,0x87,0x10,0x20,0x33,0x02,0x0C,0x06,0x08,0x0F,0x0F,0x16,0x00,0x00,0xB9,0x16	; 8827
	db	0x00,0x20,0xB9,0x16,0x00,0x40,0xB9,0x16,0x00,0x60,0xB9,0x16,0x00,0x80,0xB9,0x16	; 8837
	db	0x00,0xA0,0xB9,0x16,0x50,0x00,0xB9,0x16,0x50,0x20,0xB9,0x16,0x50,0x40,0xB9,0x16	; 8847
	db	0x50,0x60,0xB9,0x12,0x50,0x80,0xAD,0x0E,0x50,0xA8,0xB5,0x28,0x10,0x20,0x3F,0x28	; 8857
	db	0x10,0x90,0x3F,0x27,0x28,0x50,0x3D,0x03,0x0D,0x07,0x09,0x1D,0x1D,0x16,0x50,0x00	; 8867
	db	0xB9,0x0A,0x50,0x20,0xD8,0x0A,0x50,0x40,0xD8,0x0A,0x50,0x60,0xD8,0x0A,0x50,0x80	; 8877
	db	0xD8,0x16,0x50,0xA0,0xB9,0x24,0x10,0x50,0x44,0x2B,0x48,0x20,0x63,0x2B,0x48,0x80	; 8887
	db	0x63,0x2A,0x40,0x20,0x0C,0x2A,0x38,0x20,0x0C,0x2A,0x30,0x20,0x0C,0x2A,0x28,0x20	; 8897
	db	0x0C,0x2A,0x20,0x20,0x0C,0x2A,0x18,0x20,0x0C,0x29,0x08,0x20,0xCC,0x2A,0x40,0x80	; 88A7
	db	0x0C,0x2A,0x38,0x80,0x0C,0x2A,0x30,0x80,0x0C,0x2A,0x28,0x80,0x0C,0x2A,0x20,0x80	; 88B7
	db	0x0C,0x2A,0x18,0x80,0x0C,0x29,0x08,0x80,0xCC,0x16,0x00,0x00,0xB9,0x16,0x00,0x20	; 88C7
	db	0xB9,0x09,0x00,0x40,0xB1,0x09,0x00,0x70,0xB1,0x16,0x00,0x80,0xB9,0x16,0x00,0xA0	; 88D7
	db	0xB9,0x04,0x0E,0x08,0x0A,0x29,0x29,0x15,0x00,0xB0,0xC9,0x15,0x10,0xB0,0xC9,0x15	; 88E7
	db	0x20,0xB0,0xC9,0x15,0x30,0xB0,0xC9,0x15,0x40,0xB0,0xC9,0x1E,0x50,0xB0,0xC9,0x0D	; 88F7
	db	0x50,0x98,0x31,0x0D,0x48,0x98,0x31,0x0D,0x40,0x98,0x31,0x0D,0x38,0x98,0x31,0x0D	; 8907
	db	0x30,0x98,0x31,0x0D,0x28,0x98,0x31,0x0D,0x20,0x98,0x31,0x0D,0x18,0x98,0x31,0x0D	; 8917
	db	0x10,0x98,0x31,0x0D,0x08,0x98,0x31,0x0D,0x00,0x98,0x31,0x0D,0x58,0x98,0x31,0x16	; 8927
	db	0x50,0x00,0xB9,0x0D,0x58,0x20,0x31,0x0D,0x50,0x20,0x31,0x0D,0x48,0x20,0x31,0x16	; 8937
	db	0x50,0x38,0xB9,0x16,0x50,0x58,0xB9,0x16,0x50,0x78,0xB9,0x14,0x00,0x60,0xBD,0x9E	; 8947
	db	0x00,0x68,0xC9,0x1E,0x00,0x50,0xC9,0x14,0x10,0x60,0xBD,0x14,0x20,0x60,0xBD,0x14	; 8957
	db	0x30,0x60,0xBD,0x14,0x40,0x60,0xBD,0x15,0x00,0x00,0xC9,0x9E,0x00,0x10,0xC9,0x2E	; 8967
	db	0x00,0x20,0xB1,0x2E,0x00,0x30,0xB1,0xAE,0x00,0x40,0xB1,0x16,0x00,0x78,0xB9,0x0D	; 8977
	db	0x40,0x20,0x31,0x0D,0x38,0x20,0x31,0x0D,0x30,0x20,0x31,0x05,0x0F,0x09,0x0B,0x19	; 8987
	db	0x19,0x12,0x20,0x50,0x57,0x13,0x30,0x58,0x57,0x12,0x30,0x60,0x57,0x13,0x40,0x68	; 8997
	db	0x57,0x12,0x40,0x70,0x57,0x16,0x50,0x80,0xB8,0x16,0x50,0xA0,0xB8,0x16,0x50,0x60	; 89A7
	db	0xB8,0x16,0x50,0x40,0xB8,0x16,0x50,0x20,0xB8,0x15,0x50,0x00,0xC8,0x0E,0x50,0x10	; 89B7
	db	0xB0,0x25,0x38,0x00,0xD0,0x25,0x20,0x00,0xD0,0x25,0x08,0x00,0xD0,0x0E,0x00,0x00	; 89C7
	db	0xB4,0x12,0x20,0x48,0x57,0x13,0x10,0x40,0x57,0x13,0x10,0x38,0x57,0x16,0x00,0x18	; 89D7
	db	0xB8,0x16,0x00,0x68,0xB8,0x16,0x00,0xA0,0xB8,0x16,0x00,0x88,0xB8,0x07,0x10,0x28	; 89E7
	db	0x33,0x87,0x10,0xA0,0x33,0x06,0x10,0x0A,0x0C,0x10,0x10,0x16,0x50,0x00,0xB8,0x16	; 89F7
	db	0x50,0x18,0xB8,0x12,0x58,0x38,0xAC,0x13,0x58,0x40,0xAC,0x0E,0x50,0x68,0xB4,0x16	; 8A07
	db	0x50,0x80,0xB8,0x96,0x50,0xA0,0xB8,0x2C,0x00,0x00,0xEF,0x2C,0x00,0x20,0xEF,0x2C	; 8A17
	db	0x00,0x40,0xEF,0x2C,0x00,0x60,0xEF,0x2C,0x00,0x80,0xEF,0x2C,0x00,0xA0,0xEF,0x31	; 8A27
	db	0x18,0x18,0x3B,0x26,0x2A,0xA0,0x42,0x24,0x10,0x78,0x44,0x07,0x11,0x0B,0x0D,0x11	; 8A37
	db	0x11,0x16,0x50,0x00,0xB8,0x1F,0x50,0x20,0xAC,0x1F,0x50,0x48,0xAC,0x0E,0x50,0x50	; 8A47
	db	0xB4,0x16,0x50,0x68,0xB8,0x16,0x50,0x88,0xB8,0x0E,0x50,0xA8,0xB4,0x2C,0x00,0x00	; 8A57
	db	0xEF,0x2C,0x00,0x20,0xEF,0x15,0x00,0x40,0xC8,0x9E,0x00,0x50,0xC8,0x0E,0x00,0x60	; 8A67
	db	0xB4,0x11,0x00,0x78,0xB0,0x0E,0x00,0xA8,0xB4,0x21,0x08,0xA8,0x43,0x27,0x28,0x68	; 8A77
	db	0x3C,0x07,0x18,0x10,0x33,0x08,0x12,0x0C,0x0E,0x14,0x14,0x16,0x00,0x00,0xB8,0x1E	; 8A87
	db	0x00,0x20,0xC8,0x25,0x00,0x30,0xD1,0x25,0x18,0x30,0xD1,0x25,0x30,0x30,0xD1,0x9E	; 8A97
	db	0x00,0x48,0xC8,0x16,0x00,0x58,0xB8,0x16,0x00,0x78,0xB8,0x1E,0x00,0xB0,0xC8,0x16	; 8AA7
	db	0x00,0x98,0xB8,0x25,0x48,0x30,0xD1,0x16,0x50,0x00,0xB8,0x11,0x50,0x20,0xB0,0x0A	; 8AB7
	db	0x50,0x48,0xD8,0x0A,0x50,0x68,0xD8,0x8A,0x50,0x88,0xD8,0x8A,0x50,0xA0,0xD8,0x28	; 8AC7
	db	0x10,0x78,0x3F,0x09,0x18,0x48,0xF1,0x36,0x20,0x48,0x1C,0x09,0x13,0x0D,0x0F,0x2B	; 8AD7
	db	0x2B,0x16,0x00,0x00,0xB7,0x0D,0x00,0x20,0x31,0x0D,0x08,0x20,0x31,0x0D,0x10,0x20	; 8AE7
	db	0x31,0x0D,0x18,0x20,0x31,0x0D,0x20,0x20,0x31,0x0D,0x28,0x20,0x31,0x0D,0x30,0x20	; 8AF7
	db	0x31,0x0D,0x38,0x20,0x31,0x0D,0x40,0x20,0x31,0x0D,0x48,0x20,0x31,0x0A,0x50,0x00	; 8B07
	db	0xD8,0x0A,0x50,0x20,0xD8,0x0A,0x50,0x40,0xD8,0x0A,0x50,0x60,0xD8,0x0A,0x50,0x78	; 8B17
	db	0xD8,0x15,0x00,0xB0,0xC7,0x15,0x10,0xB0,0xC7,0x15,0x20,0xB0,0xC7,0x15,0x30,0xB0	; 8B27
	db	0xC7,0x15,0x40,0xB0,0xC7,0x14,0x50,0xB0,0xBB,0x05,0x50,0xB8,0xBB,0x0D,0x50,0x98	; 8B37
	db	0x31,0x0D,0x58,0x98,0x31,0x0D,0x48,0x98,0x31,0x0D,0x40,0x98,0x31,0x0D,0x38,0x98	; 8B47
	db	0x31,0x0D,0x30,0x98,0x31,0x0D,0x28,0x98,0x31,0x0D,0x20,0x98,0x31,0x0D,0x18,0x98	; 8B57
	db	0x31,0x0D,0x10,0x98,0x31,0x0D,0x08,0x98,0x31,0x0D,0x00,0x98,0x31,0x16,0x00,0x38	; 8B67
	db	0xB7,0x16,0x00,0x58,0xB7,0x16,0x00,0x78,0xB7,0x25,0x08,0x58,0xD1,0x25,0x20,0x58	; 8B77
	db	0xD1,0x25,0x38,0x58,0xD1,0x07,0x10,0x80,0x33,0x21,0x08,0x40,0x43,0x0A,0x14,0x0E	; 8B87
	db	0x10,0x16,0x16,0x9E,0x00,0x00,0xC6,0x14,0x10,0x00,0xBA,0x16,0x20,0x00,0xB6,0x82	; 8B97
	db	0x11,0x08,0x2F,0x16,0x20,0x20,0xB6,0x9E,0x28,0x00,0xC6,0x14,0x38,0x00,0xBA,0x15	; 8BA7
	db	0x48,0x00,0xC6,0x13,0x58,0x00,0xAA,0x16,0x50,0x10,0xB6,0x96,0x50,0x30,0xB6,0x96	; 8BB7
	db	0x50,0x50,0xB6,0x16,0x50,0x70,0xB6,0x16,0x50,0xA0,0xB6,0x16,0x50,0x90,0xB6,0x2C	; 8BC7
	db	0x00,0x10,0xEF,0x2C,0x00,0x30,0xEF,0x2C,0x00,0x50,0xEF,0x2C,0x00,0x70,0xEF,0x2C	; 8BD7
	db	0x00,0x90,0xEF,0x15,0x00,0xB0,0xC6,0x28,0x10,0x70,0x3F,0x0B,0x15,0x0F,0x11,0x16	; 8BE7
	db	0x16,0x12,0x20,0x50,0x55,0x13,0x30,0x58,0x55,0x13,0x30,0x60,0x55,0x13,0x40,0x68	; 8BF7
	db	0x55,0x13,0x40,0x70,0x55,0x13,0x20,0x48,0x55,0x12,0x10,0x40,0x55,0x13,0x10,0x38	; 8C07
	db	0x55,0x16,0x00,0x00,0xB6,0x0E,0x00,0x20,0xB2,0x0E,0x00,0x68,0xB2,0x16,0x00,0x80	; 8C17
	db	0xB6,0x16,0x00,0xA0,0xB6,0x0A,0x50,0x00,0xD8,0x13,0x50,0x20,0xAA,0x12,0x50,0x48	; 8C27
	db	0xAA,0x0A,0x50,0x50,0xD8,0x0A,0x50,0x70,0xD8,0x0A,0x50,0x90,0xD8,0x0A,0x50,0xA0	; 8C37
	db	0xD8,0x07,0x18,0x18,0x33,0x8B,0x18,0x88,0x2C,0x0C,0x16,0x10,0x12,0x12,0x12,0x0A	; 8C47
	db	0x50,0x00,0xD8,0x0A,0x50,0x20,0xD8,0x11,0x58,0x40,0xAE,0x11,0x50,0x70,0xAE,0x11	; 8C57
	db	0x50,0x80,0xAE,0x11,0x50,0x90,0xAE,0x0E,0x50,0xA0,0xB2,0x13,0x50,0xB8,0xAA,0x16	; 8C67
	db	0x00,0x00,0xB6,0x13,0x00,0x20,0xAA,0x12,0x00,0x48,0xAA,0x32,0x00,0x50,0xB6,0x32	; 8C77
	db	0x00,0x70,0xB6,0x32,0x00,0x90,0xB6,0x1E,0x00,0xB0,0xC6,0x08,0x10,0x58,0x32,0xA2	; 8C87
	db	0x18,0x20,0x39,0xA3,0x18,0x88,0x38,0x0D,0x17,0x11,0x13,0x15,0x15,0x25,0x00,0x68	; 8C97
	db	0xCF,0x25,0x18,0x68,0xCF,0x25,0x30,0x68,0xCF,0x25,0x48,0x68,0xCF,0x16,0x50,0x00	; 8CA7
	db	0xB6,0x16,0x50,0x20,0xB6,0x0E,0x50,0x40,0xB2,0x11,0x50,0x58,0xAE,0x16,0x48,0x48	; 8CB7
	db	0xB6,0x16,0x50,0x80,0xB7,0x16,0x50,0xA0,0xB7,0x2C,0x00,0x00,0xEF,0x2C,0x00,0x20	; 8CC7
	db	0xEF,0x2C,0x00,0x40,0xEF,0x14,0x00,0x60,0xBA,0x9E,0x00,0x80,0xC7,0x2E,0x00,0x90	; 8CD7
	db	0xAF,0x2E,0x00,0xA0,0xAF,0x1E,0x00,0xB0,0xC7,0x28,0x10,0x90,0x3E,0x39,0x30,0x50	; 8CE7
	db	0x7C,0x0E,0x18,0x12,0x14,0x2A,0x2A,0x11,0x00,0xB0,0xAF,0x15,0x08,0xB0,0xC7,0x15	; 8CF7
	db	0x18,0xB0,0xC7,0x1E,0x28,0xB0,0xC7,0x14,0x38,0xB8,0xBB,0x13,0x48,0xB8,0xAB,0x1E	; 8D07
	db	0x50,0xB0,0xC7,0x16,0x50,0x90,0xB7,0x0D,0x00,0x98,0x31,0x0D,0x08,0x98,0x31,0x0D	; 8D17
	db	0x20,0x98,0x31,0x0D,0x10,0x98,0x31,0x0D,0x18,0x98,0x31,0x0D,0x28,0x98,0x31,0x0D	; 8D27
	db	0x30,0x98,0x31,0x0D,0x38,0x98,0x31,0x0D,0x40,0x98,0x31,0x0D,0x48,0x98,0x31,0x9E	; 8D37
	db	0x50,0x00,0xC7,0x16,0x50,0x10,0xB7,0x16,0x50,0x30,0xB7,0x16,0x50,0x50,0xB7,0x16	; 8D47
	db	0x50,0x70,0xB7,0x0E,0x00,0x00,0xB3,0x1E,0x00,0x18,0xC7,0x05,0x10,0x20,0xBB,0x13	; 8D57
	db	0x10,0x28,0xAB,0x9E,0x00,0x28,0xC7,0x16,0x00,0x38,0xB7,0x16,0x00,0x58,0xB7,0x16	; 8D67
	db	0x00,0x78,0xB7,0x21,0x08,0x08,0x43,0x03,0x18,0x48,0x35,0x90,0x18,0x68,0x34,0x84	; 8D77
	db	0x28,0x40,0x1F,0x06,0x28,0x50,0x07,0x06,0x28,0x60,0x07,0x2E,0x28,0x70,0x07,0x04	; 8D87
	db	0x28,0x80,0x1F,0x14,0x20,0x20,0xBA,0x05,0x30,0x20,0xBA,0x05,0x40,0x20,0xBA,0x0F	; 8D97
	db	0x19,0x13,0x15,0x1D,0x1D,0x9E,0x00,0x00,0xC9,0x2F,0x10,0x00,0xC1,0x2F,0x28,0x00	; 8DA7
	db	0xC1,0x2F,0x40,0x00,0xC1,0x11,0x58,0x00,0xB1,0x16,0x50,0x08,0xB9,0x16,0x50,0x28	; 8DB7
	db	0xB9,0x16,0x50,0x48,0xB9,0x16,0x50,0x68,0xB9,0x0D,0x50,0x88,0x31,0x16,0x50,0xA0	; 8DC7
	db	0xB9,0x0D,0x58,0x88,0x31,0x0D,0x48,0x88,0x31,0x32,0x00,0x10,0xB9,0x32,0x00,0x30	; 8DD7
	db	0xB9,0x32,0x00,0x50,0xB9,0x32,0x00,0x70,0xB9,0x32,0x00,0x90,0xB9,0x1E,0x00,0xB0	; 8DE7
	db	0xC9,0xA0,0x38,0x28,0x82,0x20,0x38,0x40,0x82,0x10,0x10,0x18,0x36,0x32,0x20,0x18	; 8DF7
	db	0x0E,0x32,0x20,0x48,0x0E,0x83,0x10,0x48,0x34,0x08,0x10,0x90,0x32,0x0D,0x40,0x88	; 8E07
	db	0x31,0x0D,0x38,0x88,0x31,0x0D,0x30,0x88,0x31,0x10,0x1A,0x14,0x16,0x18,0x18,0x16	; 8E17
	db	0x00,0x00,0xB9,0x1F,0x00,0x20,0xAD,0x9F,0x00,0x48,0xAD,0x11,0x00,0x50,0xB1,0x16	; 8E27
	db	0x00,0x60,0xB9,0x16,0x00,0x80,0xB9,0x16,0x00,0xA0,0xB9,0x0A,0x50,0x00,0xD8,0x0A	; 8E37
	db	0x50,0x20,0xD8,0x0A,0x50,0x40,0xD8,0x16,0x50,0x60,0xB9,0x0A,0x50,0x80,0xD8,0x0A	; 8E47
	db	0x50,0xA0,0xD8,0x29,0x08,0x60,0xCA,0x2A,0x18,0x60,0x0D,0x2A,0x20,0x60,0x0D,0x2A	; 8E57
	db	0x28,0x60,0x0D,0x2A,0x30,0x60,0x0D,0x2A,0x38,0x60,0x0D,0x2A,0x40,0x60,0x0D,0x2B	; 8E67
	db	0x48,0x60,0x61,0x31,0x18,0x90,0x3A,0x07,0x10,0x18,0x33,0x38,0x38,0x20,0x96,0x11	; 8E77
	db	0x1B,0x15,0x17,0x15,0x15,0x16,0x00,0x00,0xB9,0x12,0x20,0x58,0x57,0x12,0x20,0x50	; 8E87
	db	0x57,0x13,0x10,0x48,0x57,0x13,0x10,0x40,0x57,0x16,0x00,0x20,0xB9,0x12,0x30,0x60	; 8E97
	db	0x57,0x12,0x30,0x68,0x57,0x13,0x40,0x70,0x57,0x13,0x40,0x78,0x57,0x0A,0x50,0x00	; 8EA7
	db	0xD8,0x0A,0x50,0x20,0xD8,0x0A,0x50,0x40,0xD8,0x0A,0x50,0x60,0xD8,0x0A,0x50,0x80	; 8EB7
	db	0xD8,0x0A,0x50,0xA0,0xD8,0x16,0x00,0xA0,0xB9,0x16,0x00,0x80,0xB9,0x11,0x00,0x70	; 8EC7
	db	0xB1,0x08,0x10,0x98,0x37,0x08,0x10,0x18,0x37,0x12,0x1C,0x16,0x18,0x15,0x15,0x0A	; 8ED7
	db	0x50,0x00,0xD8,0x0A,0x50,0x20,0xD8,0x0A,0x50,0x40,0xD8,0x0A,0x50,0x60,0xD8,0x0A	; 8EE7
	db	0x50,0x80,0xD8,0x0A,0x50,0xA0,0xD8,0x11,0x28,0xB0,0xAF,0x12,0x38,0xA8,0x56,0x12	; 8EF7
	db	0x38,0xA0,0x56,0x12,0x48,0x98,0x56,0x12,0x48,0x90,0x56,0x9E,0x00,0x00,0xC9,0x32	; 8F07
	db	0x00,0x10,0xB9,0x1E,0x00,0x30,0xC9,0x15,0x00,0x40,0xC9,0x9E,0x00,0x50,0xC9,0x32	; 8F17
	db	0x00,0x60,0xB9,0x32,0x00,0x80,0xB9,0x32,0x00,0xA0,0xB9,0x28,0x10,0x10,0x3F,0x07	; 8F27
	db	0x10,0x78,0x33,0x13,0x1D,0x17,0x28,0x24,0x24,0x0A,0x50,0x00,0xD8,0x0A,0x50,0x20	; 8F37
	db	0xD8,0x0A,0x50,0x40,0xD8,0x0A,0x50,0x50,0xD8,0x16,0x50,0x70,0xB7,0x16,0x58,0x80	; 8F47
	db	0xB7,0x0C,0x58,0xA0,0xB1,0x0C,0x58,0xB0,0xB1,0x25,0x00,0x70,0xCF,0x01,0x18,0x78	; 8F57
	db	0xBC,0x01,0x18,0x80,0xBC,0x32,0x00,0x00,0xB7,0x32,0x00,0x20,0xB7,0x16,0x00,0x50	; 8F67
	db	0xB7,0x11,0x00,0x40,0xAF,0x32,0x28,0x00,0xB7,0x32,0x28,0x20,0xB7,0x07,0x10,0x58	; 8F77
	db	0x33,0x35,0x08,0x90,0x00,0x35,0x48,0xB0,0x00,0x34,0x30,0x98,0x00,0x34,0x00,0xB8	; 8F87
	db	0x00,0x34,0x18,0xA8,0x00,0x33,0x30,0xA8,0x00,0x33,0x20,0x98,0x00,0x33,0x40,0x90	; 8F97
	db	0x00,0x33,0x04,0xA0,0x00,0x36,0x08,0x40,0x1C,0x37,0x28,0x78,0xAC,0x37,0x28,0x80	; 8FA7
	db	0xAC,0x01,0x28,0x78,0xBC,0x01,0x28,0x80,0xBC,0x01,0x38,0x78,0xBC,0x01,0x38,0x80	; 8FB7
	db	0xBC,0x37,0x48,0x78,0xAC,0x37,0x48,0x80,0xAC,0x14,0x1E,0x18,0x1A,0x1E,0x1E,0x16	; 8FC7
	db	0x00,0xA0,0xB9,0x0D,0x00,0x88,0x31,0x0D,0x08,0x88,0x31,0x0D,0x10,0x88,0x31,0x0D	; 8FD7
	db	0x18,0x88,0x31,0x0D,0x20,0x88,0x31,0x0D,0x28,0x88,0x31,0x0D,0x30,0x88,0x31,0x0D	; 8FE7
	db	0x38,0x88,0x31,0x0D,0x40,0x88,0x31,0x0D,0x48,0x88,0x31,0x16,0x00,0x00,0xB9,0x16	; 8FF7
	db	0x00,0x20,0xB9,0x16,0x00,0x40,0xB9,0x11,0x00,0x78,0xB1,0x16,0x00,0x60,0xB9,0x05	; 9007
	db	0x08,0x00,0xBD,0xA1,0x08,0x08,0x43,0x2F,0x18,0x00,0xC1,0x2F,0x30,0x00,0xC1,0x2F	; 9017
	db	0x48,0x00,0xC1,0x11,0x58,0x30,0xAF,0x1A,0x50,0x40,0xD3,0x19,0x50,0x58,0xD3,0x99	; 9027
	db	0x50,0x68,0xD3,0x9B,0x50,0x78,0xD3,0x1B,0x50,0x88,0xD3,0x1D,0x50,0x98,0xD3,0x1B	; 9037
	db	0x50,0xB0,0xC7,0x0B,0x18,0x38,0x2C,0x15,0x1F,0x19,0x1B,0x17,0x17,0x16,0x00,0x00	; 9047
	db	0xB9,0x16,0x00,0x20,0xB9,0x0E,0x00,0x40,0xB4,0x25,0x08,0x40,0xD0,0x25,0x20,0x40	; 9057
	db	0xD0,0x25,0x38,0x40,0xD0,0x16,0x50,0x00,0xB9,0x16,0x50,0x20,0xB9,0x0E,0x50,0x40	; 9067
	db	0xB4,0x9E,0x50,0x78,0xC8,0x2E,0x50,0x88,0xC8,0x1F,0x50,0x98,0xAC,0x32,0x50,0xA0	; 9077
	db	0xB8,0x2C,0x00,0x58,0xEF,0x2C,0x00,0x78,0xEF,0x2C,0x00,0x98,0xEF,0x05,0x00,0xB8	; 9087
	db	0xBC,0x21,0x08,0x28,0x43,0x84,0x20,0x58,0x1D,0x06,0x20,0x68,0x05,0x06,0x20,0x78	; 9097
	db	0x05,0x04,0x20,0x80,0x1D,0x82,0x11,0x58,0x2F,0x16,0x20,0x1A,0x1C,0x11,0x11,0x15	; 90A7
	db	0x00,0x00,0xC8,0x2C,0x00,0x10,0xEF,0x2C,0x00,0x30,0xEF,0x2C,0x00,0x50,0xEF,0x2C	; 90B7
	db	0x00,0x70,0xEF,0x2C,0x00,0x90,0xEF,0x15,0x00,0xB0,0xC8,0x32,0x50,0x00,0xB8,0x11	; 90C7
	db	0x58,0x20,0xB0,0x16,0x50,0x60,0xB8,0x16,0x50,0x80,0xB8,0x16,0x50,0xA0,0xB8,0x27	; 90D7
	db	0x28,0x60,0x3C,0x27,0x28,0x90,0x3C,0x07,0x10,0x38,0x33,0x87,0x10,0x18,0x33,0x16	; 90E7
	db	0x50,0x50,0xB8,0x17,0x21,0x1B,0x1D,0x16,0x16,0x15,0x00,0x00,0xC8,0x9E,0x00,0x10	; 90F7
	db	0xC8,0x32,0x00,0x20,0xB8,0x1E,0x00,0x40,0xC8,0x15,0x00,0x50,0xC8,0x25,0x00,0x60	; 9107
	db	0xCF,0x25,0x18,0x60,0xCF,0x25,0x30,0x60,0xCF,0xA5,0x48,0x60,0xCF,0x32,0x50,0x00	; 9117
	db	0xB8,0x32,0x50,0x20,0xB8,0x32,0x50,0x40,0xB8,0x21,0x10,0x48,0x43,0x19,0x50,0x78	; 9127
	db	0xD3,0x17,0x50,0x88,0xCB,0x1D,0x50,0xA8,0xD3,0x97,0x00,0x78,0xCB,0x17,0x00,0x98	; 9137
	db	0xCB,0x18,0x00,0xB8,0xAB,0x07,0x10,0x98,0x33,0x11,0x18,0x18,0x07,0x91,0x20,0x20	; 9147
	db	0x07,0x18,0x22,0x1C,0x2B,0x18,0x18,0x17,0x00,0x00,0xCB,0x18,0x00,0x20,0xAB,0x19	; 9157
	db	0x00,0x28,0xD3,0x1A,0x00,0x38,0xD3,0x1B,0x00,0x50,0xD3,0x1C,0x00,0x60,0xD3,0x1D	; 9167
	db	0x00,0x70,0xD3,0x97,0x00,0x88,0xCB,0x1A,0x00,0xA8,0xD3,0x17,0x50,0x00,0xCB,0x1A	; 9177
	db	0x50,0x20,0xD3,0x0D,0x58,0x38,0x31,0x0D,0x50,0x38,0x31,0x0D,0x48,0x38,0x31,0x0D	; 9187
	db	0x40,0x38,0x31,0x0D,0x38,0x38,0x31,0x0D,0x30,0x38,0x31,0x17,0x50,0x50,0xCB,0x97	; 9197
	db	0x50,0x70,0xCB,0x9A,0x50,0x90,0xD3,0x1A,0x50,0xA8,0xD3,0x07,0x10,0xB0,0x33,0x07	; 91A7
	db	0x10,0x08,0x33,0x07,0x10,0x60,0x33,0x19,0x23,0x1D,0x1F,0x23,0x23,0x2F,0x00,0x00	; 91B7
	db	0xC1,0x9E,0x00,0x30,0xC7,0x19,0x00,0x40,0xD3,0x1D,0x00,0x50,0xD3,0x9D,0x00,0x68	; 91C7
	db	0xD3,0x01,0x08,0x80,0xBC,0x01,0x08,0x88,0xBC,0x01,0x18,0x80,0xBC,0x01,0x18,0x88	; 91D7
	db	0xBC,0x11,0x00,0x80,0xAF,0x17,0x00,0x90,0xCB,0x19,0x00,0xB0,0xC7,0x14,0x18,0x00	; 91E7
	db	0xBD,0x9E,0x28,0x00,0xC9,0x2F,0x38,0x00,0xC1,0x15,0x50,0x00,0xC9,0x17,0x50,0x10	; 91F7
	db	0xCB,0x1B,0x50,0x30,0xD3,0x19,0x50,0x40,0xD3,0x1D,0x50,0x50,0xD3,0x1C,0x50,0x68	; 9207
	db	0xD3,0x9C,0x50,0x78,0xD3,0x17,0x50,0x88,0xCB,0x19,0x50,0xA8,0xD3,0x18,0x50,0xB8	; 9217
	db	0xAB,0x1F,0x28,0x10,0xAD,0x39,0x39,0x30,0xA4,0x37,0x28,0x80,0xAC,0x37,0x28,0x88	; 9227
	db	0xAC,0x01,0x28,0x80,0xBC,0x01,0x28,0x88,0xBC,0x01,0x38,0x80,0xBC,0x01,0x38,0x88	; 9237
	db	0xBC,0x37,0x48,0x80,0xAC,0x37,0x48,0x88,0xAC,0x1A,0x24,0x1E,0x20,0x1B,0x1B,0x97	; 9247
	db	0x00,0x00,0xCB,0x1A,0x00,0x20,0xD3,0x19,0x00,0x38,0xD3,0x1E,0x00,0x48,0xC9,0x9E	; 9257
	db	0x00,0x78,0xC9,0x17,0x00,0x88,0xCB,0x9A,0x00,0xA8,0xD3,0x2F,0x10,0x50,0xC1,0x2F	; 9267
	db	0x28,0x50,0xC1,0x2F,0x40,0x50,0xC1,0x1D,0x50,0x00,0xD3,0x0D,0x58,0x18,0x31,0x0D	; 9277
	db	0x50,0x18,0x31,0x0D,0x48,0x18,0x31,0x17,0x50,0x30,0xCB,0x18,0x58,0x50,0xAD,0x9E	; 9287
	db	0x50,0x78,0xC9,0x1C,0x50,0x88,0xD3,0x1D,0x50,0x98,0xD3,0x19,0x50,0xB0,0xC7,0x94	; 9297
	db	0x10,0x78,0xBD,0x11,0x18,0x40,0xB1,0x36,0x20,0x40,0x1C,0x07,0x10,0xB0,0x33,0x0D	; 92A7
	db	0x40,0x18,0x31,0x0D,0x38,0x18,0x31,0x0D,0x30,0x18,0x31,0x1B,0x25,0x1F,0x21,0x1A	; 92B7
	db	0x1A,0x17,0x00,0x00,0xCB,0x12,0x30,0x40,0x57,0x13,0x20,0x38,0x57,0x13,0x20,0x30	; 92C7
	db	0x57,0x93,0x10,0x28,0x57,0x92,0x10,0x20,0x57,0x12,0x30,0x48,0x57,0x92,0x40,0x50	; 92D7
	db	0x57,0x13,0x40,0x58,0x57,0x19,0x50,0x00,0xD3,0x1A,0x50,0x10,0xD3,0x1B,0x50,0x28	; 92E7
	db	0xD3,0x1D,0x50,0x38,0xD3,0x17,0x50,0x50,0xCB,0x97,0x50,0x70,0xCB,0x9C,0x50,0x90	; 92F7
	db	0xD3,0x1A,0x50,0xA0,0xD3,0x18,0x50,0xB8,0xAB,0x32,0x00,0x58,0xB8,0x1D,0x00,0x78	; 9307
	db	0xD3,0x1A,0x00,0x90,0xD3,0x9A,0x00,0xA8,0xD3,0x06,0x20,0xB0,0x04,0x84,0x20,0xA0	; 9317
	db	0x1C,0x07,0x10,0x78,0x33,0x2E,0x00,0x50,0xB0,0x1C,0x26,0x20,0x22,0x19,0x19,0x06	; 9327
	db	0x20,0x00,0x04,0x04,0x20,0x10,0x1C,0x17,0x00,0x00,0xCB,0x97,0x00,0x20,0xCB,0x17	; 9337
	db	0x00,0x40,0xCB,0x1D,0x00,0x60,0xD3,0x9D,0x00,0x78,0xD3,0x1C,0x00,0x90,0xC7,0x16	; 9347
	db	0x00,0xA0,0xB7,0x1D,0x50,0x00,0xD3,0x1D,0x50,0x18,0xD3,0x9D,0x50,0x30,0xD3,0x19	; 9357
	db	0x50,0x48,0xC7,0x14,0x50,0x58,0xBD,0x16,0x50,0x60,0xB9,0x16,0x50,0x80,0xB9,0x16	; 9367
	db	0x50,0xA0,0xB9,0x01,0x08,0xA0,0xBC,0x01,0x08,0xA8,0xBC,0x01,0x18,0xA0,0xBC,0x01	; 9377
	db	0x18,0xA8,0xBC,0x37,0x28,0xA0,0xAC,0x37,0x28,0xA8,0xAC,0x08,0x18,0x48,0x32,0x88	; 9387
	db	0x18,0x70,0x32,0x1D,0x27,0x21,0x23,0x1F,0x1F,0x16,0x00,0x00,0xB9,0x0E,0x00,0x20	; 9397
	db	0xB5,0x0D,0x00,0x38,0x31,0x0D,0x08,0x38,0x31,0x0D,0x10,0x38,0x31,0x0D,0x18,0x38	; 93A7
	db	0x31,0x0D,0x20,0x38,0x31,0x0D,0x28,0x38,0x31,0x0D,0x30,0x38,0x31,0x0D,0x38,0x38	; 93B7
	db	0x31,0x0D,0x40,0x38,0x31,0x0D,0x48,0x38,0x31,0x0E,0x00,0x50,0xB5,0x16,0x00,0x68	; 93C7
	db	0xB9,0x16,0x00,0x88,0xB9,0x25,0x00,0xA8,0xCF,0x25,0x18,0xA8,0xCF,0xA5,0x30,0xA8	; 93D7
	db	0xCF,0x25,0x48,0xA8,0xCF,0x16,0x50,0x00,0xB9,0x16,0x50,0x20,0xB9,0x16,0x50,0x40	; 93E7
	db	0xB9,0x16,0x50,0x60,0xB9,0x16,0x50,0x80,0xB9,0x14,0x48,0xA0,0xBD,0x82,0x18,0x68	; 93F7
	db	0x2F,0x84,0x28,0x60,0x1E,0x06,0x28,0x70,0x06,0x06,0x28,0x80,0x06,0x04,0x28,0x90	; 9407
	db	0x1E,0x08,0x13,0x10,0x37,0x1E,0x28,0x22,0x24,0x19,0x19,0x14,0x00,0x00,0xBD,0x9E	; 9417
	db	0x00,0x08,0xC9,0x15,0x10,0x00,0xC9,0x15,0x20,0x00,0xC9,0x15,0x30,0x00,0xC9,0x01	; 9427
	db	0x40,0x00,0xBC,0x01,0x40,0x08,0xBC,0x15,0x50,0x00,0xC9,0x16,0x58,0x10,0xB9,0x1A	; 9437
	db	0x00,0x18,0xCC,0x2D,0x00,0x30,0xBC,0x19,0x00,0x38,0xD4,0x1C,0x00,0x48,0xD4,0x1A	; 9447
	db	0x00,0x58,0xD4,0xAD,0x00,0x70,0xBC,0x1D,0x00,0x78,0xD4,0x1A,0x00,0x90,0xD4,0x9A	; 9457
	db	0x00,0xA8,0xD4,0x16,0x58,0xA0,0xB9,0x16,0x58,0x80,0xB9,0x16,0x58,0x60,0xB9,0x16	; 9467
	db	0x50,0x40,0xB9,0x16,0x50,0x30,0xB9,0xA1,0x28,0x10,0x43,0x32,0x23,0x10,0xF3,0x1F	; 9477
	db	0x29,0x23,0x25,0x19,0x19,0x16,0x58,0x00,0xB9,0x16,0x58,0x20,0xB9,0x16,0x58,0x40	; 9487
	db	0xB9,0x16,0x58,0x60,0xB9,0x16,0x58,0x80,0xB9,0x16,0x58,0xA0,0xB9,0x1A,0x00,0x00	; 9497
	db	0xD4,0x0D,0x00,0x18,0x31,0x0D,0x08,0x18,0x31,0x0D,0x10,0x18,0x31,0x0D,0x18,0x18	; 94A7
	db	0x31,0x0D,0x20,0x18,0x31,0x0D,0x28,0x18,0x31,0x0D,0x30,0x18,0x31,0x0D,0x38,0x18	; 94B7
	db	0x31,0x0D,0x40,0x18,0x31,0x0D,0x48,0x18,0x31,0x0D,0x50,0x18,0x31,0x9A,0x00,0x30	; 94C7
	db	0xD4,0x1C,0x00,0x48,0xC8,0x17,0x00,0x80,0xCC,0x97,0x00,0xA0,0xCC,0x07,0x10,0x40	; 94D7
	db	0x33,0x87,0x10,0x90,0x33,0x39,0x40,0x60,0xA4,0x20,0x2A,0x24,0x26,0x10,0x10,0x17	; 94E7
	db	0x00,0x00,0xCC,0x19,0x00,0x20,0xC8,0x1A,0x00,0x30,0xD4,0x1B,0x00,0x48,0xD4,0x1C	; 94F7
	db	0x00,0x58,0xD4,0x1D,0x00,0x68,0xD4,0x17,0x00,0x80,0xCC,0x19,0x00,0xA0,0xD4,0x99	; 9507
	db	0x00,0xB0,0xC8,0x16,0x58,0x00,0xB9,0x16,0x58,0x20,0xB9,0x16,0x58,0x40,0xB9,0x16	; 9517
	db	0x58,0x60,0xB9,0x16,0x58,0x80,0xB9,0x16,0x58,0xA0,0xB9,0x2D,0x08,0x60,0xBC,0x21	; 9527
	db	0x2B,0x25,0x27,0x20,0x20,0x99,0x01,0x00,0xD4,0x2D,0x09,0x00,0xBC,0x97,0x01,0x10	; 9537
	db	0xCC,0x30,0x01,0x30,0xDA,0x30,0x01,0x40,0xDA,0x30,0x01,0x50,0xDA,0x30,0x01,0x60	; 9547
	db	0xDA,0x30,0x01,0x70,0xDA,0x30,0x01,0x80,0xDA,0x30,0x01,0x90,0xDA,0x30,0x01,0xA0	; 9557
	db	0xDA,0x30,0x01,0xB0,0xDA,0x96,0x58,0x00,0xB9,0x96,0x58,0x10,0xB9,0x30,0x50,0x30	; 9567
	db	0xDA,0x30,0x50,0x40,0xDA,0x30,0x50,0x50,0xDA,0x30,0x50,0x60,0xDA,0x30,0x50,0x70	; 9577
	db	0xDA,0x30,0x50,0x80,0xDA,0x30,0x50,0x90,0xDA,0x30,0x50,0xA0,0xDA,0x30,0x50,0xB0	; 9587
	db	0xDA,0x20,0x38,0x80,0x82,0xA0,0x38,0x60,0x82,0x10,0x28,0x60,0x36,0x83,0x28,0x80	; 9597
	db	0x35,0x10,0x10,0x30,0x35,0x03,0x10,0x98,0x34,0x32,0x20,0x98,0x0D,0x32,0x20,0x30	; 95A7
	db	0x0D,0x07,0x10,0x10,0x33,0x22,0x2C,0x26,0x28,0x27,0x27,0x30,0x00,0x00,0xDA,0x30	; 95B7
	db	0x00,0x10,0xDA,0x30,0x00,0x20,0xDA,0x30,0x00,0x30,0xDA,0x30,0x00,0x40,0xDA,0x30	; 95C7
	db	0x00,0x50,0xDA,0x30,0x00,0x60,0xDA,0x30,0x00,0x70,0xDA,0x30,0x00,0x80,0xDA,0x25	; 95D7
	db	0x00,0x90,0xD0,0x25,0x00,0xA8,0xD0,0x16,0x58,0xA0,0xB8,0x16,0x58,0x90,0xB8,0x30	; 95E7
	db	0x50,0x00,0xDA,0x30,0x50,0x10,0xDA,0x30,0x50,0x20,0xDA,0x30,0x50,0x30,0xDA,0x30	; 95F7
	db	0x50,0x40,0xDA,0x30,0x50,0x50,0xDA,0x30,0x50,0x60,0xDA,0x30,0x50,0x70,0xDA,0x30	; 9607
	db	0x50,0x80,0xDA,0x82,0x18,0x50,0x2F,0x84,0x28,0x48,0x1D,0x06,0x28,0x58,0x05,0x06	; 9617
	db	0x28,0x68,0x05,0x06,0x28,0x78,0x05,0x04,0x28,0x80,0x1D,0x84,0x28,0x00,0x1D,0x06	; 9627
	db	0x28,0x10,0x05,0x04,0x28,0x20,0x1D,0x90,0x18,0x08,0x34,0x07,0x10,0x38,0x33,0x11	; 9637
	db	0x30,0x30,0x07,0x11,0x38,0x38,0x07,0x2F,0x18,0xB8,0xC0,0x2F,0x30,0xB8,0xC0,0x2F	; 9647
	db	0x48,0xB8,0xC0,0x39,0x30,0x98,0xD1,0x23,0x2D,0x18,0x29,0x19,0x19,0x0F,0x08,0x48	; 9657
	db	0xCE,0x0C,0x58,0x00,0xB1,0x0C,0x58,0x10,0xB1,0x0C,0x58,0x20,0xB1,0x8C,0x58,0x30	; 9667
	db	0xB1,0x0C,0x58,0x40,0xB1,0x0C,0x58,0x50,0xB1,0x8C,0x58,0x60,0xB1,0x8C,0x58,0x70	; 9677
	db	0xB1,0x8C,0x58,0x80,0xB1,0x0C,0x58,0x90,0xB1,0x0C,0x58,0xA0,0xB1,0x0C,0x58,0xB0	; 9687
	db	0xB1,0x35,0x10,0x68,0x00,0x35,0x30,0x90,0x00,0x35,0x28,0x28,0x00,0x34,0x10,0x10	; 9697
	db	0x00,0x34,0x18,0x30,0x00,0x34,0x30,0x48,0x00,0x34,0x38,0x70,0x00,0x34,0x10,0xA0	; 96A7
	db	0x00,0x35,0x50,0x58,0x00,0x33,0x38,0x18,0x00,0x33,0x20,0x78,0x00,0x33,0x38,0xB0	; 96B7
	db	0x00,0x24,0x2E,0x28,0x2A,0x19,0x19,0x0F,0x08,0x40,0xCE,0x0C,0x58,0x00,0xB1,0x0C	; 96C7
	db	0x58,0x10,0xB1,0x0C,0x58,0x20,0xB1,0x8C,0x58,0x30,0xB1,0x0C,0x58,0x40,0xB1,0x0C	; 96D7
	db	0x58,0x50,0xB1,0x8C,0x58,0x60,0xB1,0x8C,0x58,0x70,0xB1,0x8C,0x58,0x80,0xB1,0x0C	; 96E7
	db	0x58,0x90,0xB1,0x0C,0x58,0xA0,0xB1,0x0C,0x58,0xB0,0xB1,0x35,0x10,0x60,0x00,0x35	; 96F7
	db	0x30,0x88,0x00,0x35,0x28,0x20,0x00,0x34,0x10,0x08,0x00,0x34,0x18,0x28,0x00,0x34	; 9707
	db	0x30,0x40,0x00,0x34,0x38,0x68,0x00,0x34,0x10,0x98,0x00,0x35,0x50,0x50,0x00,0x33	; 9717
	db	0x38,0x10,0x00,0x33,0x20,0x70,0x00,0x33,0x38,0xA8,0x00,0x25,0x2F,0x29,0x38,0x1B	; 9727
	db	0x1B,0x0F,0x08,0x3F,0xCE,0x35,0x10,0x5F,0x00,0x35,0x30,0x87,0x00,0x35,0x28,0x1F	; 9737
	db	0x00,0x34,0x10,0x07,0x00,0x34,0x18,0x27,0x00,0x34,0x30,0x3F,0x00,0x34,0x38,0x67	; 9747
	db	0x00,0x34,0x10,0x97,0x00,0x35,0x50,0x4F,0x00,0x33,0x38,0x0F,0x00,0x33,0x20,0x6F	; 9757
	db	0x00,0x33,0x38,0xA7,0x00,0x0C,0x58,0x00,0xB1,0x0C,0x58,0x10,0xB1,0x0C,0x58,0x20	; 9767
	db	0xB1,0x0C,0x58,0x30,0xB1,0x0C,0x58,0x40,0xB1,0x0C,0x58,0x50,0xB1,0x0C,0x58,0x60	; 9777
	db	0xB1,0x0C,0x58,0x70,0xB1,0x0A,0x58,0x80,0xD8,0x0A,0x58,0xA0,0xD8,0x25,0x10,0xA8	; 9787
	db	0xCF,0x25,0x00,0xA8,0xCF,0x37,0x28,0xB0,0xAC,0x37,0x28,0xB8,0xAC,0x26,0x30,0x1D	; 9797
	db	0x2C,0x17,0x17,0x19,0x00,0x00,0xD3,0x99,0x00,0x10,0xD3,0x1D,0x00,0x20,0xD3,0x1D	; 97A7
	db	0x00,0x38,0xD3,0x19,0x00,0x50,0xD3,0x2D,0x08,0x58,0xBB,0x17,0x00,0x60,0xCB,0x1C	; 97B7
	db	0x00,0x80,0xD3,0x9C,0x00,0x90,0xD3,0x17,0x00,0xA0,0xCB,0xAD,0x08,0x90,0xBB,0x17	; 97C7
	db	0x50,0x00,0xCB,0x19,0x50,0x20,0xD3,0x99,0x50,0x30,0xD3,0x9A,0x50,0x40,0xD3,0x1A	; 97D7
	db	0x50,0x58,0xD3,0x1D,0x50,0x70,0xD3,0x97,0x50,0x88,0xCB,0x9D,0x50,0xA8,0xD3,0x07	; 97E7
	db	0x10,0x38,0x33,0xA7,0x28,0x10,0x3D,0x27,0x28,0x88,0x3D,0x87,0x10,0x78,0x33,0x27	; 97F7
	db	0x31,0x2B,0x2D,0x1A,0x1A,0x19,0x00,0x00,0xD3,0x19,0x00,0x10,0xD3,0x1D,0x00,0x20	; 9807
	db	0xD3,0x1B,0x00,0x38,0xD3,0x1B,0x00,0x48,0xD3,0x1E,0x00,0x58,0xC9,0x14,0x00,0x68	; 9817
	db	0xBD,0x9E,0x00,0x70,0xC9,0x2D,0x0E,0x68,0xC1,0x32,0x00,0x80,0xB9,0x32,0x00,0xA0	; 9827
	db	0xB9,0x97,0x50,0x00,0xCB,0x19,0x50,0x20,0xD3,0x1A,0x50,0x30,0xD3,0x1D,0x50,0x48	; 9837
	db	0xD3,0x17,0x50,0x60,0xCB,0x0E,0x48,0x80,0xB5,0x1A,0x50,0x80,0xD3,0x11,0x40,0x98	; 9847
	db	0xB1,0x12,0x38,0xA8,0xAD,0x11,0x30,0xB0,0xB1,0x19,0x38,0xB0,0xC7,0x2D,0x40,0xA8	; 9857
	db	0xBB,0x1B,0x48,0x98,0xC7,0x07,0x10,0x08,0x33,0x07,0x10,0x40,0x33,0x28,0x32,0x2C	; 9867
	db	0x3D,0x1A,0x1A,0x16,0x30,0x00,0xB9,0x17,0x38,0x00,0xD3,0x16,0x38,0x20,0xB9,0x16	; 9877
	db	0x40,0x40,0xB9,0x16,0x40,0x60,0xB9,0x16,0x40,0x80,0xB9,0x16,0x40,0xA0,0xB9,0x19	; 9887
	db	0x48,0x40,0xD3,0x1B,0x48,0x50,0xD3,0x1D,0x48,0x60,0xD3,0x1D,0x48,0x78,0xD3,0x1C	; 9897
	db	0x48,0x90,0xD3,0x1D,0x48,0xA0,0xD3,0x18,0x48,0xB8,0xAB,0x97,0x40,0x20,0xCB,0x2D	; 98A7
	db	0x38,0x18,0xBB,0x32,0x00,0x00,0xB9,0x32,0x00,0x20,0xB9,0x32,0x00,0x40,0xB9,0x32	; 98B7
	db	0x00,0x60,0xB9,0x1E,0x00,0x80,0xC9,0x14,0x10,0x88,0xBD,0x16,0x00,0x90,0xB9,0x2E	; 98C7
	db	0x00,0xB0,0xB1,0xA1,0x08,0x90,0x43,0x32,0x03,0x50,0xB7,0x29,0x33,0x2D,0x2F,0x14	; 98D7
	db	0x14,0x25,0x00,0x00,0xF9,0x25,0x18,0x00,0xF9,0x25,0x30,0x00,0xF9,0x2C,0x50,0x10	; 98E7
	db	0xEF,0x2C,0x50,0x30,0xEF,0x2C,0x50,0x50,0xEF,0x2C,0x50,0xA0,0xEF,0x9E,0x00,0x18	; 98F7
	db	0xF7,0x32,0x00,0x28,0xF3,0x32,0x00,0x48,0xF3,0x1E,0x00,0x68,0xF7,0x9E,0x00,0x78	; 9907
	db	0xF7,0x32,0x00,0x88,0xF3,0x1E,0x00,0xA8,0xF7,0x14,0x00,0xB8,0xF4,0x12,0x58,0x90	; 9917
	db	0xF0,0x12,0x58,0x98,0xF0,0x07,0x10,0x98,0x33,0x38,0x38,0x28,0x96,0x25,0x48,0x00	; 9927
	db	0xF9,0x2A,0x34,0x2E,0x30,0x13,0x13,0x9E,0x00,0x00,0xF7,0x1F,0x00,0x10,0xF0,0x1E	; 9937
	db	0x00,0x18,0xF7,0x14,0x00,0x28,0xF4,0x9E,0x00,0x30,0xF7,0x25,0x10,0x20,0xF9,0x25	; 9947
	db	0x28,0x20,0xF9,0x25,0x40,0x20,0xF9,0x2C,0x50,0x00,0xEF,0x0E,0x59,0x20,0xF2,0x16	; 9957
	db	0x50,0x38,0xF3,0x11,0x58,0x58,0xF1,0x16,0x50,0xA0,0xF3,0x16,0x50,0x88,0xF3,0x32	; 9967
	db	0x00,0x40,0xF3,0x32,0x00,0x60,0xF3,0x32,0x00,0x80,0xF3,0x32,0x00,0xA0,0xF3,0x31	; 9977
	db	0x10,0x70,0x3A,0x2B,0x35,0x2F,0x31,0x13,0x13,0x32,0x00,0x00,0xF3,0x32,0x00,0x20	; 9987
	db	0xF3,0x1E,0x00,0x40,0xF7,0x9E,0x00,0x50,0xF7,0x2C,0x00,0x60,0xEF,0x2C,0x00,0x80	; 9997
	db	0xEF,0x2C,0x00,0xA0,0xEF,0x16,0x50,0x00,0xF3,0x16,0x50,0x20,0xF3,0x15,0x50,0x40	; 99A7
	db	0xF7,0x15,0x50,0x70,0xF7,0x30,0x50,0x80,0xDA,0x30,0x50,0x90,0xDA,0x30,0x50,0xA0	; 99B7
	db	0xDA,0x30,0x50,0xB0,0xDA,0x31,0x10,0x10,0x3B,0x84,0x28,0xA0,0x1D,0x06,0x28,0xB0	; 99C7
	db	0x05,0x03,0x18,0xA0,0x36,0x2C,0x36,0x30,0x32,0x19,0x19,0x06,0x28,0x00,0x05,0x04	; 99D7
	db	0x28,0x10,0x1D,0x83,0x18,0x00,0x36,0x2C,0x00,0x00,0xEF,0x2C,0x00,0x20,0xEF,0x2C	; 99E7
	db	0x00,0x40,0xEF,0x2C,0x00,0x60,0xEF,0x1E,0x00,0x80,0xC7,0x9E,0x00,0x90,0xC7,0x32	; 99F7
	db	0x00,0xA0,0xB7,0x30,0x50,0x00,0xDA,0x30,0x50,0x10,0xDA,0x30,0x50,0x20,0xDA,0x30	; 9A07
	db	0x50,0x30,0xDA,0x30,0x50,0x40,0xDA,0x30,0x50,0x50,0xDA,0x30,0x50,0x60,0xDA,0x30	; 9A17
	db	0x50,0x70,0xDA,0x9E,0x50,0x80,0xC7,0x32,0x50,0xA0,0xB7,0x32,0x50,0x90,0xB7,0xA0	; 9A27
	db	0x38,0x38,0x82,0x20,0x38,0x50,0x82,0x02,0x28,0x38,0x54,0x07,0x10,0xA8,0x33,0x2D	; 9A37
	db	0x37,0x31,0x33,0x13,0x13,0x32,0x00,0x00,0xB7,0x32,0x00,0x20,0xB7,0x32,0x00,0x40	; 9A47
	db	0xB7,0x32,0x00,0x60,0xB7,0x32,0x00,0x80,0xB7,0x1E,0x00,0xA0,0xC7,0x15,0x00,0xB0	; 9A57
	db	0xC7,0x15,0x10,0xB0,0xC7,0x15,0x20,0xB0,0xC7,0x1E,0x30,0xB0,0xC7,0x05,0x40,0xB8	; 9A67
	db	0xBB,0x15,0x50,0xB0,0xC7,0x16,0x50,0x90,0xB7,0x16,0x50,0x70,0xB7,0x09,0x58,0x60	; 9A77
	db	0xAF,0x16,0x50,0x20,0xB7,0x16,0x50,0x00,0xB7,0x28,0x10,0x78,0x3E,0x27,0x28,0x08	; 9A87
	db	0x3C,0x2E,0x38,0x32,0x34,0x15,0x15,0x16,0x00,0xA0,0xB8,0x09,0x10,0x90,0x5C,0x11	; 9A97
	db	0x20,0x80,0x5C,0x11,0x30,0x70,0x5C,0x91,0x40,0x60,0x5C,0x16,0x50,0xA0,0xB8,0x16	; 9AA7
	db	0x50,0x80,0xB8,0x16,0x50,0x60,0xB8,0x16,0x50,0x40,0xB8,0x16,0x50,0x20,0xB8,0x0E	; 9AB7
	db	0x50,0x08,0xB4,0x9E,0x50,0x00,0xC8,0x9E,0x00,0x00,0xC8,0x2F,0x10,0x00,0xC0,0x2F	; 9AC7
	db	0x28,0x00,0xC0,0x14,0x40,0x00,0xBC,0x16,0x00,0x10,0xB8,0x16,0x00,0x30,0xB8,0x16	; 9AD7
	db	0x00,0x50,0xB8,0xA1,0x08,0x08,0x43,0x00,0x18,0x38,0x2C,0x2F,0x39,0x33,0x35,0x15	; 9AE7
	db	0x15,0x09,0x20,0x68,0x5A,0x09,0x10,0x58,0x5A,0x16,0x00,0x30,0xB8,0x16,0x00,0x10	; 9AF7
	db	0xB8,0x15,0x00,0x00,0xC8,0x11,0x30,0x78,0x5A,0x11,0x40,0x88,0x5A,0x16,0x58,0xA0	; 9B07
	db	0xB7,0x16,0x58,0x80,0xB7,0x11,0x50,0x98,0x5A,0x16,0x58,0x60,0xB7,0x16,0x50,0x40	; 9B17
	db	0xB8,0x16,0x50,0x20,0xB8,0x16,0x50,0x00,0xB8,0x2E,0x00,0x88,0xAF,0x1E,0x00,0x90	; 9B27
	db	0xC7,0x9E,0x00,0xA0,0xC7,0x1E,0x00,0xB0,0xC7,0x07,0x18,0x28,0x33,0x08,0x18,0x98	; 9B37
	db	0x32,0x12,0x00,0x50,0xAC,0x30,0x3A,0x34,0x36,0x17,0x17,0x16,0x58,0x00,0xB7,0x16	; 9B47
	db	0x58,0x20,0xB7,0x15,0x50,0x40,0xC7,0x15,0x40,0x40,0xC7,0x15,0x30,0x40,0xC7,0x15	; 9B57
	db	0x20,0x40,0xC7,0x15,0x10,0x40,0xC7,0x15,0x00,0x40,0xC7,0x32,0x00,0x00,0xB7,0x2E	; 9B67
	db	0x00,0x20,0xAF,0x1E,0x00,0x30,0xC7,0x25,0x00,0x70,0xD1,0x25,0x18,0x70,0xD1,0x25	; 9B77
	db	0x30,0x70,0xD1,0x25,0x48,0x70,0xD1,0x16,0x00,0x88,0xB9,0x0E,0x00,0xA8,0xB5,0x2E	; 9B87
	db	0x50,0x88,0xAE,0x2E,0x50,0x98,0xAE,0x2E,0x50,0xA8,0xAE,0x2E,0x50,0xB0,0xAE,0x28	; 9B97
	db	0x10,0x98,0x3F,0xA8,0x10,0x10,0x3E,0x31,0x3B,0x35,0x37,0x10,0x10,0x16,0x00,0x00	; 9BA7
	db	0xB9,0x16,0x00,0x20,0xB9,0x16,0x00,0x40,0xB9,0x16,0x00,0x60,0xB9,0x1E,0x00,0x80	; 9BB7
	db	0xC9,0x9E,0x00,0x90,0xC9,0x32,0x00,0xA0,0xB9,0x32,0x50,0x00,0xB6,0x32,0x50,0x20	; 9BC7
	db	0xB6,0x2E,0x58,0x40,0xAE,0x32,0x50,0x70,0xB6,0x32,0x50,0x90,0xB6,0x11,0x50,0xB0	; 9BD7
	db	0xAE,0x28,0x18,0x18,0x3F,0x07,0x18,0x70,0x33,0x07,0x18,0xA8,0x33,0x32,0x3C,0x36	; 9BE7
	db	0x38,0x16,0x16,0x11,0x20,0x50,0x5A,0x09,0x10,0x60,0x5A,0x16,0x00,0x70,0xB9,0x16	; 9BF7
	db	0x00,0x90,0xB9,0x1E,0x00,0xB0,0xC9,0x2F,0x10,0xB8,0xC1,0x15,0x28,0xB0,0xC9,0x15	; 9C07
	db	0x38,0xB0,0xC9,0x25,0x48,0xA8,0xD1,0x16,0x50,0x88,0xB9,0x16,0x50,0x48,0xB9,0x16	; 9C17
	db	0x50,0x28,0xB9,0x16,0x50,0x08,0xB9,0x9E,0x50,0x00,0xC9,0x32,0x00,0x00,0xB9,0x1E	; 9C27
	db	0x00,0x20,0xC9,0x9E,0x00,0x30,0xC9,0x11,0x30,0x40,0x5A,0x91,0x40,0x30,0x5A,0x11	; 9C37
	db	0x28,0xA0,0xB1,0x32,0x28,0x80,0xB9,0x02,0x18,0x80,0x54,0x33,0x3D,0x2A,0x39,0x15	; 9C47
	db	0x15,0x25,0x00,0x00,0xCF,0x25,0x18,0x00,0xCF,0x9E,0x00,0x18,0xC7,0x32,0x00,0x28	; 9C57
	db	0xB7,0x1E,0x00,0x48,0xC7,0x9E,0x00,0x58,0xC7,0x2E,0x00,0x68,0xAF,0x1E,0x00,0x78	; 9C67
	db	0xC7,0x14,0x00,0x88,0xBB,0x9E,0x00,0x90,0xC7,0x32,0x00,0xA0,0xB7,0x0A,0x58,0x00	; 9C77
	db	0xD8,0x0A,0x58,0x20,0xD8,0x15,0x50,0x40,0xC7,0x16,0x50,0x50,0xB7,0x16,0x50,0x70	; 9C87
	db	0xB7,0x16,0x50,0x90,0xB7,0x15,0x50,0xB0,0xC7,0x07,0x10,0x30,0x33,0x07,0x10,0xA0	; 9C97
	db	0x33,0x00,0x20,0x58,0x2C,0x34,0x3E,0x38,0x3A,0x12,0x12,0x32,0x00,0x00,0xB7,0x32	; 9CA7
	db	0x00,0x20,0xB7,0x32,0x00,0x40,0xB7,0x32,0x00,0x60,0xB7,0x32,0x00,0x80,0xB7,0x32	; 9CB7
	db	0x00,0xA0,0xB7,0x15,0x50,0x00,0xC7,0x15,0x50,0x10,0xC7,0x15,0x50,0x40,0xC7,0x15	; 9CC7
	db	0x50,0x50,0xC7,0x15,0x50,0x60,0xC7,0x15,0x50,0x70,0xC7,0x15,0x50,0x80,0xC7,0x9E	; 9CD7
	db	0x50,0x90,0xC7,0x32,0x50,0xA0,0xB7,0x27,0x28,0x60,0x3C,0x07,0x10,0x28,0x33,0x07	; 9CE7
	db	0x10,0xB0,0x33,0x35,0x3F,0x39,0x3B,0x11,0x11,0x32,0x00,0x00,0xB7,0x32,0x00,0x20	; 9CF7
	db	0xB7,0x1E,0x00,0x40,0xC7,0x9E,0x00,0x70,0xF7,0x32,0x00,0x80,0xF3,0x16,0x00,0xA0	; 9D07
	db	0xF3,0x32,0x50,0x00,0xB7,0x32,0x50,0x20,0xB7,0x15,0x50,0x40,0xC7,0x15,0x50,0x70	; 9D17
	db	0xF7,0x30,0x50,0x80,0xC8,0x30,0x50,0x90,0xC8,0x30,0x50,0xA0,0xC8,0x30,0x50,0xB0	; 9D27
	db	0xC8,0x28,0x10,0x10,0x3E,0x21,0x08,0xA8,0x43,0x8B,0x20,0x50,0x2C,0x36,0x40,0x3A	; 9D37
	db	0x3C,0x1D,0x1D,0x11,0x10,0x40,0x59,0x32,0x00,0x00,0xF3,0x09,0x30,0x60,0x59,0x30	; 9D47
	db	0x50,0x00,0xC8,0x30,0x50,0x10,0xC8,0x30,0x50,0x20,0xC8,0x30,0x50,0x30,0xC8,0x30	; 9D57
	db	0x50,0x40,0xC8,0x30,0x50,0x50,0xC8,0x30,0x50,0x60,0xC8,0x30,0x50,0x70,0xC8,0x30	; 9D67
	db	0x50,0x80,0xC8,0x30,0x50,0x90,0xC8,0x30,0x50,0xA0,0xC8,0x15,0x50,0xB0,0xF7,0x89	; 9D77
	db	0x40,0x70,0x59,0x16,0x00,0x78,0xF3,0x16,0x00,0x98,0xF3,0x1E,0x00,0xB0,0xF7,0x32	; 9D87
	db	0x13,0x88,0xF3,0x14,0x18,0x88,0x4A,0x14,0x18,0xA0,0x4A,0x32,0x28,0x88,0x49,0x01	; 9D97
	db	0x18,0x90,0x13,0x01,0x18,0x98,0x13,0x07,0x10,0x18,0x33,0x32,0x00,0x20,0xF3,0x91	; 9DA7
	db	0x20,0x50,0x59,0x1F,0x00,0x70,0xF2,0x37,0x41,0x3B,0x3D,0x19,0x19,0x25,0x48,0xA8	; 9DB7
	db	0xF9,0x30,0x50,0x98,0xC9,0x30,0x50,0x88,0xC9,0x30,0x50,0x58,0xC9,0x30,0x50,0x48	; 9DC7
	db	0xC9,0x30,0x50,0x38,0xC9,0x30,0x50,0x28,0xC9,0x30,0x50,0x18,0xC9,0x14,0x50,0x10	; 9DD7
	db	0xF4,0x15,0x50,0x00,0xF7,0x32,0x00,0x00,0xF3,0x32,0x00,0x20,0xF3,0x0E,0x00,0x40	; 9DE7
	db	0xF2,0x1E,0x00,0x58,0xF7,0x9E,0x00,0x88,0xF7,0x2E,0x00,0x98,0xF1,0x25,0x00,0xA8	; 9DF7
	db	0xF9,0x2F,0x18,0xB8,0xF5,0x2F,0x30,0xB8,0xF5,0x07,0x10,0x98,0x33,0x84,0x28,0x08	; 9E07
	db	0x1E,0x06,0x28,0x18,0x06,0x04,0x28,0x28,0x1E,0x03,0x18,0x10,0x35,0x07,0x10,0x50	; 9E17
	db	0x33,0x38,0x42,0x2D,0x3E,0x17,0x17,0x16,0x40,0x00,0xB9,0x17,0x48,0x00,0xCB,0x09	; 9E27
	db	0x48,0x20,0xB1,0x1A,0x50,0x18,0xD3,0x09,0x50,0x30,0xB1,0x09,0x58,0x40,0xB1,0x16	; 9E37
	db	0x48,0x88,0xB9,0x16,0x50,0xA0,0xB9,0x16,0x48,0x70,0xB9,0x2F,0x30,0x88,0xC0,0x2F	; 9E47
	db	0x18,0x88,0xC0,0x2F,0x00,0x88,0xC0,0x32,0x00,0x00,0xB9,0x32,0x00,0x20,0xB9,0x32	; 9E57
	db	0x00,0x40,0xB9,0x32,0x00,0x60,0xB9,0x1E,0x00,0x78,0xC8,0x15,0x00,0x90,0xC8,0x2C	; 9E67
	db	0x00,0xA0,0xEF,0x36,0x10,0x90,0x04,0x18,0x58,0x30,0xAB,0x18,0x58,0x38,0xAB,0x07	; 9E77
	db	0x10,0x40,0x33,0x39,0x43,0x3D,0x3F,0x11,0x11,0x2C,0x00,0x00,0xEF,0x13,0x00,0x18	; 9E87
	db	0xAC,0x9E,0x00,0x40,0xC8,0x2C,0x00,0x50,0xEF,0x2C,0x00,0x70,0xEF,0x2C,0x00,0x90	; 9E97
	db	0xEF,0x1E,0x00,0xB0,0xC8,0x16,0x50,0x00,0xB9,0x16,0x50,0x40,0xB9,0x16,0x48,0x60	; 9EA7
	db	0xB6,0x13,0x48,0x80,0xAA,0x16,0x48,0x88,0xB6,0x0E,0x50,0xA8,0xB5,0x26,0x21,0x78	; 9EB7
	db	0x42,0x08,0x10,0x50,0x37,0x88,0x10,0xA0,0x37,0x16,0x50,0x20,0xB9,0x3A,0x44,0x3E	; 9EC7
	db	0x40,0x18,0x18,0x9E,0x00,0x00,0xC8,0x16,0x00,0x10,0xB8,0x16,0x00,0x30,0xB8,0x16	; 9ED7
	db	0x50,0x00,0xB9,0x16,0x50,0x20,0xB9,0x15,0x50,0x40,0xC9,0x22,0x18,0x10,0x39,0x16	; 9EE7
	db	0x00,0x70,0xB8,0x29,0x08,0x70,0xCB,0x2A,0x18,0x70,0xF3,0x15,0x50,0x70,0xC6,0x15	; 9EF7
	db	0x50,0x80,0xC6,0x9E,0x50,0x90,0xC6,0x32,0x50,0xA0,0xB6,0x16,0x00,0x90,0xB8,0x1E	; 9F07
	db	0x00,0xB0,0xC8,0x08,0x18,0xA0,0x37,0x2B,0x20,0x70,0xB7,0x2A,0x20,0x70,0xF3,0x2A	; 9F17
	db	0x28,0x70,0xF3,0x2A,0x30,0x70,0xF3,0x2A,0x38,0x70,0xF3,0x2A,0x40,0x70,0xF3,0x2B	; 9F27
	db	0x48,0x70,0xB7,0x3B,0x45,0x3F,0x41,0x1A,0x1A,0x9E,0x00,0x00,0xC8,0x32,0x00,0x10	; 9F37
	db	0xB8,0x32,0x00,0x30,0xB8,0x32,0x00,0x50,0xB8,0x16,0x00,0x70,0xB8,0x29,0x08,0x70	; 9F47
	db	0xCB,0x2A,0x18,0x70,0xF3,0x16,0x50,0x70,0xB6,0x16,0x50,0x50,0xB6,0x16,0x50,0x30	; 9F57
	db	0xB6,0x16,0x50,0x10,0xB6,0x9E,0x50,0x00,0xC6,0x16,0x50,0x90,0xB9,0x1E,0x50,0xB0	; 9F67
	db	0xC9,0x32,0x00,0xA0,0xB7,0x32,0x00,0x90,0xB7,0xA0,0x38,0x10,0x82,0x20,0x38,0x30	; 9F77
	db	0x82,0x24,0x08,0x20,0x44,0x2B,0x20,0x70,0xB7,0x2A,0x20,0x70,0xF3,0x2A,0x28,0x70	; 9F87
	db	0xF3,0x2A,0x30,0x70,0xF3,0x2A,0x38,0x70,0xF3,0x2A,0x40,0x70,0xF3,0x2B,0x48,0x70	; 9F97
	db	0xB7,0x3C,0x46,0x40,0x42,0x16,0x16,0x25,0x00,0xA8,0xD1,0x25,0x18,0xA8,0xD1,0x25	; 9FA7
	db	0x30,0xA8,0xD1,0x25,0x48,0xA8,0xD1,0x16,0x50,0x68,0xB9,0x16,0x50,0x48,0xB9,0x9E	; 9FB7
	db	0x50,0x38,0xC9,0x15,0x50,0x28,0xC9,0x15,0x50,0x18,0xC9,0x15,0x50,0x08,0xC9,0x14	; 9FC7
	db	0x50,0x00,0xBD,0x16,0x00,0x88,0xB7,0x32,0x00,0x40,0xB7,0x32,0x00,0x20,0xB7,0x32	; 9FD7
	db	0x00,0x00,0xB7,0x21,0x08,0x90,0x43,0x32,0x20,0x10,0x0E,0x32,0x20,0x30,0x0E,0x12	; 9FE7
	db	0x28,0x18,0x02,0x12,0x28,0x40,0x02,0x82,0x11,0x10,0x2F,0x13,0x00,0x60,0xAB,0x3D	; 9FF7
	db	0x47,0x41,0x43,0x1B,0x1B,0x17,0x00,0x00,0xF8,0x97,0x50,0x00,0xCD,0x1A,0x50,0x50	; A007
	db	0xCD,0x09,0x58,0x20,0xAE,0x1A,0x50,0x68,0xD5,0x9A,0x50,0x80,0xD5,0x1B,0x50,0x98	; A017
	db	0xC9,0x1A,0x50,0xA8,0xD5,0x1D,0x00,0x70,0xFA,0x9D,0x00,0x88,0xFA,0x16,0x00,0xA0	; A027
	db	0xF3,0x2D,0x08,0xA0,0xF4,0xAD,0x08,0xA8,0xF4,0xAD,0x08,0xB0,0xF4,0x2D,0x08,0xB8	; A037
	db	0xF4,0x15,0x40,0xA0,0x72,0x15,0x40,0xB0,0x72,0x17,0x00,0x20,0xF8,0x09,0x10,0x40	; A047
	db	0x59,0x09,0x20,0x50,0x59,0x09,0x30,0x60,0x59,0x11,0x40,0x70,0x59,0x15,0x08,0x00	; A057
	db	0xF7,0x15,0x18,0x00,0xF7,0x01,0x28,0x00,0xBC,0x01,0x28,0x08,0xBC,0x25,0x38,0x00	; A067
	db	0xD1,0x3E,0x48,0x42,0x44,0x18,0x18,0x1D,0x00,0x00,0xFA,0x1B,0x00,0x18,0xF7,0x15	; A077
	db	0x00,0x28,0xC7,0x15,0x10,0x28,0xC7,0x15,0x20,0x28,0xC7,0x15,0x30,0x28,0xC7,0x15	; A087
	db	0x40,0x28,0xC7,0x17,0x50,0x00,0xCD,0x97,0x50,0x20,0xCD,0x1A,0x50,0x40,0xD5,0x1D	; A097
	db	0x50,0x58,0xD5,0x18,0x50,0xB8,0xAD,0x17,0x50,0x78,0xCD,0x2D,0x50,0x70,0xBD,0x9E	; A0A7
	db	0x00,0x38,0xC7,0x32,0x00,0x48,0xB7,0x32,0x00,0x68,0xB7,0x32,0x00,0x88,0xB7,0x0E	; A0B7
	db	0x00,0xA8,0xB3,0x32,0x20,0x48,0x0E,0x03,0x10,0x48,0x35,0x83,0x10,0xA0,0x34,0x32	; A0C7
	db	0x20,0xA0,0x0E,0x07,0x10,0x80,0x33,0x3F,0x49,0x43,0x45,0x1D,0x1D,0x16,0x00,0x00	; A0D7
	db	0xB7,0x16,0x00,0x20,0xB7,0x15,0x00,0x40,0xC7,0x15,0x10,0x40,0xC7,0x15,0x20,0x40	; A0E7
	db	0xC7,0x01,0x30,0x40,0xBC,0x01,0x30,0x48,0xBC,0x15,0x40,0x40,0xC7,0x17,0x50,0x30	; A0F7
	db	0xCD,0x9D,0x50,0x18,0xD5,0x1A,0x50,0x00,0xD5,0x1E,0x08,0x30,0xC7,0x83,0x10,0x08	; A107
	db	0x35,0x32,0x20,0x08,0x0E,0x9E,0x00,0x70,0xF7,0x25,0x30,0x70,0xF9,0x25,0x48,0x70	; A117
	db	0xF9,0x09,0x40,0x88,0xF1,0x09,0x48,0x98,0xF1,0x0E,0x50,0xA8,0xF2,0x2C,0x00,0x80	; A127
	db	0xEF,0x2C,0x00,0xA0,0xEF,0x1C,0x48,0x88,0xC8,0x1B,0x50,0x98,0xC8,0x2D,0x50,0x90	; A137
	db	0xBC,0x18,0x58,0xA8,0xAC,0x18,0x58,0xB0,0xAC,0x18,0x58,0xB8,0xAC,0x07,0x10,0xA8	; A147
	db	0x33,0x40,0x4A,0x44,0x46,0x15,0x15,0x16,0x50,0x00,0xF3,0x16,0x58,0x20,0xF3,0x16	; A157
	db	0x58,0x40,0xF3,0x16,0x58,0x80,0xF3,0x16,0x50,0xA0,0xF3,0x2C,0x00,0x00,0xEF,0x2C	; A167
	db	0x00,0x20,0xEF,0x2C,0x00,0x40,0xEF,0x2C,0x00,0x60,0xEF,0x2C,0x00,0x80,0xEF,0x25	; A177
	db	0x00,0xA8,0xF9,0x25,0x18,0xA8,0xF9,0x1E,0x00,0x98,0xF7,0x07,0x10,0x28,0x33,0x07	; A187
	db	0x10,0x68,0x33,0x07,0x10,0x88,0x33,0x07,0x10,0x48,0x33,0x07,0x10,0x08,0x33,0x16	; A197
	db	0x58,0x60,0xF3,0x29,0x48,0x50,0x22,0x2B,0x40,0x50,0x63,0x41,0x4B,0x45,0x47,0x15	; A1A7
	db	0x15,0x25,0x00,0xA8,0xF9,0x2F,0x18,0xB8,0xC0,0x2F,0x30,0xB8,0xC0,0x2F,0x48,0xB8	; A1B7
	db	0xC0,0x16,0x50,0x98,0xF3,0x09,0x58,0x88,0xF1,0x16,0x50,0x40,0xF3,0x16,0x50,0x20	; A1C7
	db	0xF3,0x16,0x50,0x00,0xF3,0x25,0x18,0x00,0xF9,0x25,0x18,0x18,0xF9,0x25,0x18,0x30	; A1D7
	db	0xF9,0x25,0x18,0x48,0xF9,0x25,0x00,0x60,0xF9,0x9E,0x00,0x78,0xF7,0x25,0x00,0x48	; A1E7
	db	0xF9,0x25,0x00,0x30,0xF9,0x25,0x00,0x18,0xF9,0x25,0x00,0x00,0xF9,0xA1,0x18,0x60	; A1F7
	db	0x43,0x1F,0x50,0x60,0xF0,0x42,0x4C,0x46,0x48,0x1A,0x1A,0x17,0x00,0x00,0xCA,0x97	; A207
	db	0x00,0x68,0xCA,0x1D,0x00,0x88,0xD2,0x1C,0x00,0xA0,0xC6,0x1B,0x00,0xB0,0xC6,0x1D	; A217
	db	0x50,0x00,0xF8,0x9D,0x50,0x18,0xF8,0x17,0x50,0x30,0xF8,0x97,0x50,0x50,0xF8,0x0D	; A227
	db	0x58,0x70,0x31,0x0D,0x50,0x70,0x31,0x0D,0x48,0x70,0x31,0x0D,0x40,0x70,0x31,0x0D	; A237
	db	0x38,0x70,0x31,0x0D,0x30,0x70,0x31,0x1D,0x50,0x88,0xF8,0x1C,0x50,0xA0,0xF7,0x1B	; A247
	db	0x50,0xB0,0xF7,0x2D,0x08,0x00,0xBA,0x14,0x40,0x00,0xBB,0x14,0x30,0x00,0xBB,0x11	; A257
	db	0x10,0x20,0x59,0x11,0x20,0x30,0x59,0x91,0x30,0x40,0x59,0x09,0x40,0x50,0x59,0x1D	; A267
	db	0x00,0x50,0xD2,0x43,0x4D,0x47,0x49,0x1C,0x1C,0x13,0x00,0xB8,0xAC,0x32,0x28,0xA0	; A277
	db	0xB8,0x1E,0x20,0x90,0xC8,0x14,0x10,0x90,0xBC,0x1E,0x00,0x88,0xC8,0x17,0x50,0xA0	; A287
	db	0xCB,0x97,0x50,0x80,0xCB,0x1D,0x50,0x68,0xCB,0x1A,0x50,0x50,0xCB,0x9A,0x50,0x38	; A297
	db	0xCB,0x17,0x50,0x18,0xCB,0x9D,0x50,0x00,0xCB,0x17,0x00,0x00,0xCD,0x1D,0x00,0x20	; A2A7
	db	0xCD,0x1A,0x00,0x38,0xCD,0x1C,0x00,0x50,0xC9,0x1B,0x00,0x60,0xC9,0x9A,0x00,0x70	; A2B7
	db	0xD5,0x27,0x28,0x10,0x3C,0x84,0x28,0x50,0x4D,0x06,0x28,0x60,0x48,0x04,0x28,0x70	; A2C7
	db	0x4D,0x13,0x20,0x58,0x01,0x13,0x20,0x60,0x02,0x13,0x20,0x68,0x00,0x13,0x20,0x70	; A2D7
	db	0x03,0x13,0x18,0x60,0x46,0x13,0x18,0x68,0x01,0x44,0x4E,0x48,0x4A,0x13,0x13,0x16	; A2E7
	db	0x00,0x00,0xB8,0x16,0x00,0x20,0xB8,0x15,0x00,0x40,0xC8,0x17,0x50,0x00,0xCB,0x1C	; A2F7
	db	0x50,0x20,0xC7,0x16,0x50,0x30,0xB9,0x15,0x40,0x30,0xC9,0x15,0x30,0x20,0xC9,0x32	; A307
	db	0x28,0x00,0xB8,0x9E,0x00,0x70,0xC8,0x32,0x00,0x80,0xB8,0x32,0x00,0xA0,0xB8,0x16	; A317
	db	0x50,0xA0,0xB9,0x24,0x10,0x50,0x44,0x9E,0x50,0x90,0xC9,0x13,0x58,0x70,0xAD,0x07	; A327
	db	0x10,0xA8,0x33,0x14,0x40,0x90,0xBD,0x14,0x30,0x90,0xBD,0x45,0x4F,0x49,0x4B,0x15	; A337
	db	0x15,0x32,0x00,0x00,0xB9,0x25,0x02,0x20,0xCE,0x25,0x02,0x38,0xCE,0x32,0x00,0x50	; A347
	db	0xB9,0x32,0x00,0x70,0xB9,0x32,0x00,0x90,0xB9,0x1E,0x00,0xB0,0xC9,0x16,0x50,0x00	; A357
	db	0xB9,0x15,0x48,0x20,0xC7,0x15,0x48,0x30,0xC7,0x15,0x48,0x40,0xC7,0x0A,0x50,0xA0	; A367
	db	0xD8,0x0A,0x50,0x80,0xD8,0x36,0x19,0x20,0x04,0x36,0x19,0x30,0x04,0x36,0x19,0x40	; A377
	db	0x04,0x31,0x18,0x60,0x3A,0x31,0x18,0x98,0x3B,0x08,0x10,0x80,0x37,0x15,0x48,0x70	; A387
	db	0xC7,0x32,0x48,0x50,0xB6,0x46,0x50,0x4A,0x4C,0x17,0x17,0x2F,0x00,0xB8,0xC0,0x2F	; A397
	db	0x18,0xB8,0xC0,0x2F,0x30,0xB8,0xC0,0x2F,0x48,0xB8,0xC0,0x16,0x00,0x98,0xB9,0x09	; A3A7
	db	0x10,0x88,0x5A,0x09,0x20,0x78,0x5A,0x16,0x00,0x40,0xB9,0x16,0x00,0x20,0xB9,0x16	; A3B7
	db	0x00,0x00,0xB9,0x32,0x28,0x58,0xB7,0x32,0x28,0x38,0xB7,0x09,0x38,0x28,0x5A,0x0A	; A3C7
	db	0x50,0x00,0xD8,0x09,0x48,0x18,0x5A,0x0A,0x50,0x20,0xD8,0x0A,0x50,0x40,0xD8,0x0A	; A3D7
	db	0x50,0x60,0xD8,0x14,0x50,0x80,0xBA,0x9E,0x50,0x88,0xC6,0x87,0x10,0xA0,0x33,0x38	; A3E7
	db	0x38,0x48,0x41,0x1F,0x00,0x60,0xAD,0x47,0x51,0x4B,0x4D,0x23,0x23,0x0D,0x00,0x70	; A3F7
	db	0x31,0x0D,0x08,0x70,0x31,0x0D,0x10,0x70,0x31,0x0D,0x18,0x70,0x31,0x0D,0x20,0x70	; A407
	db	0x31,0x0D,0x28,0x70,0x31,0x0D,0x30,0x70,0x31,0x0D,0x38,0x70,0x31,0x0D,0x40,0x70	; A417
	db	0x31,0x0D,0x48,0x70,0x31,0x0D,0x50,0x70,0x31,0x0D,0x58,0x70,0x31,0x2F,0x48,0x00	; A427
	db	0xF5,0x2F,0x30,0x00,0xF5,0x9E,0x20,0x00,0xF7,0x15,0x10,0x00,0xF7,0x15,0x00,0x00	; A437
	db	0xF7,0x16,0x00,0x10,0xF3,0x16,0x00,0x30,0xF3,0x16,0x00,0x50,0xF3,0x97,0x50,0x50	; A447
	db	0xCD,0x25,0x0A,0x10,0xCE,0x25,0x0A,0x28,0xCE,0x36,0x21,0x18,0x04,0x36,0x21,0x28	; A457
	db	0x04,0x17,0x50,0x88,0xCD,0x1D,0x50,0xA8,0xD5,0x17,0x00,0x88,0xCB,0x9D,0x00,0xA8	; A467
	db	0xD3,0x07,0x10,0xA0,0x33,0x87,0x10,0x50,0x33,0x9E,0x50,0x08,0xF7,0x2D,0x50,0x48	; A477
	db	0xBD,0x1E,0x50,0x38,0xF7,0xB2,0x50,0x18,0xF3,0x48,0x52,0x4C,0x4E,0x18,0x18,0x17	; A487
	db	0x00,0x00,0xCB,0x97,0x00,0x20,0xCB,0x1A,0x00,0x40,0xD3,0x1D,0x00,0x58,0xD3,0x1E	; A497
	db	0x00,0x70,0xC8,0x2F,0x10,0x78,0xC0,0x2F,0x28,0x78,0xC0,0x2F,0x40,0x78,0xC0,0x1D	; A4A7
	db	0x50,0x00,0xD5,0x1A,0x50,0x18,0xD5,0x1B,0x50,0x30,0xD5,0x1C,0x50,0x40,0xD5,0x17	; A4B7
	db	0x50,0x50,0xCD,0x1C,0x50,0x70,0xC9,0x17,0x50,0xA0,0xF8,0x9E,0x00,0x80,0xC8,0x32	; A4C7
	db	0x00,0x90,0xB8,0x1E,0x00,0xB0,0xC8,0x39,0x31,0x58,0x25,0x13,0x48,0x58,0x55,0x12	; A4D7
	db	0x48,0x68,0x55,0x08,0x18,0x10,0x32,0x88,0x18,0x40,0x32,0x07,0x10,0xA0,0x33,0x49	; A4E7
	db	0x53,0x4D,0x4F,0x11,0x11,0x9E,0x00,0x00,0xC8,0x18,0x00,0x10,0xAA,0x1D,0x00,0x18	; A4F7
	db	0xD2,0x17,0x00,0x30,0xCA,0x97,0x00,0x78,0xCA,0x1D,0x00,0x98,0xD2,0x1C,0x00,0xB0	; A507
	db	0xC6,0x17,0x50,0x00,0xF8,0x97,0x50,0x20,0xF8,0x2D,0x50,0x40,0xF4,0x2D,0x50,0x48	; A517
	db	0xF4,0x2D,0x50,0x78,0xF4,0x1D,0x50,0x80,0xFA,0x1A,0x50,0x98,0xFA,0x1C,0x50,0xB0	; A527
	db	0xF7,0x2D,0x50,0x70,0xF4,0x2D,0x00,0x70,0xBA,0x4A,0x54,0x4E,0x50,0x23,0x23,0x17	; A537
	db	0x50,0x00,0xF8,0x0D,0x58,0x20,0x52,0x0D,0x50,0x20,0x52,0x0D,0x48,0x20,0x52,0x0D	; A547
	db	0x40,0x20,0x52,0x0D,0x38,0x20,0x52,0x0D,0x30,0x20,0x52,0x18,0x50,0x38,0xF0,0x30	; A557
	db	0x50,0x40,0xDA,0x30,0x50,0x50,0xDA,0x30,0x50,0x60,0xDA,0x30,0x50,0x70,0xDA,0x30	; A567
	db	0x50,0x80,0xDA,0x30,0x50,0x90,0xDA,0x30,0x50,0xA0,0xDA,0x30,0x50,0xB0,0xDA,0x09	; A577
	db	0x48,0x40,0xDA,0x15,0x38,0x40,0xDA,0x09,0x30,0x40,0xDA,0x15,0x20,0x40,0xDA,0x09	; A587
	db	0x18,0x40,0xDA,0x15,0x08,0x40,0xDA,0x12,0x00,0x40,0xDA,0x13,0x00,0x48,0xDA,0x17	; A597
	db	0x00,0x00,0xCA,0x17,0x00,0x20,0xCA,0x0A,0x00,0xA0,0xB6,0x2C,0x08,0xA0,0xEF,0x0A	; A5A7
	db	0x00,0x80,0xB6,0x2C,0x08,0x80,0xEF,0x15,0x00,0x70,0xDA,0x9E,0x10,0x70,0xDA,0xA0	; A5B7
	db	0x38,0xA0,0x82,0x03,0x28,0xA0,0x35,0xA2,0x18,0x80,0x39,0x4B,0x55,0x4F,0x51,0x20	; A5C7
	db	0x20,0x0A,0x00,0x00,0xB6,0x2C,0x08,0x00,0xEF,0x0A,0x00,0x20,0xB6,0x2C,0x08,0x20	; A5D7
	db	0xEF,0x0A,0x00,0x40,0xB6,0x2C,0x08,0x40,0xEF,0x15,0x00,0x60,0xDA,0x15,0x00,0x70	; A5E7
	db	0xDA,0x2F,0x00,0xB8,0xC0,0x2F,0x18,0xB8,0xC0,0x2F,0x30,0xB8,0xC0,0x2F,0x48,0xB8	; A5F7
	db	0xC0,0x14,0x00,0x80,0xDA,0x9E,0x00,0x88,0xDA,0x15,0x10,0x80,0xDA,0x15,0x20,0x80	; A607
	db	0xDA,0x30,0x50,0x80,0xDA,0x30,0x50,0x70,0xDA,0x30,0x50,0x60,0xDA,0x30,0x50,0x50	; A617
	db	0xDA,0x30,0x50,0x40,0xDA,0x30,0x50,0x30,0xDA,0x30,0x50,0x20,0xDA,0x30,0x50,0x10	; A627
	db	0xDA,0x30,0x50,0x00,0xDA,0x20,0x38,0x00,0x82,0x83,0x28,0x00,0x34,0xA3,0x18,0x30	; A637
	db	0x38,0x38,0x38,0x48,0x95,0x36,0x10,0x60,0x1C,0x15,0x30,0x80,0xDA,0x15,0x40,0x80	; A647
	db	0xDA,0x4C,0x56,0x50,0x52,0x1E,0x1E,0x0D,0x00,0x70,0x31,0x0D,0x08,0x70,0x31,0x0D	; A657
	db	0x10,0x70,0x31,0x0D,0x18,0x70,0x31,0x0D,0x20,0x70,0x31,0x0D,0x28,0x70,0x31,0x0D	; A667
	db	0x30,0x70,0x31,0x0D,0x38,0x70,0x31,0x0D,0x40,0x70,0x31,0x0D,0x48,0x70,0x31,0x0D	; A677
	db	0x50,0x70,0x31,0x16,0x58,0xA0,0xB9,0x16,0x58,0x80,0xB9,0x16,0x58,0x60,0xB9,0x16	; A687
	db	0x58,0x40,0xB9,0x2F,0x48,0x38,0xBF,0x16,0x58,0x18,0xB7,0x2F,0x48,0x10,0xBF,0x1E	; A697
	db	0x38,0x08,0xC7,0x15,0x28,0x00,0xC7,0x2F,0x10,0x00,0xBF,0x9E,0x00,0x00,0xC7,0x1F	; A6A7
	db	0x00,0x10,0xAB,0x1F,0x00,0x38,0xAB,0x1E,0x00,0x40,0xC7,0x17,0x00,0x50,0xCA,0x97	; A6B7
	db	0x00,0x88,0xCA,0x1A,0x00,0xA8,0xD2,0x2F,0x10,0x48,0xBF,0x07,0x18,0xA8,0x33,0x4D	; A6C7
	db	0x56,0x51,0x53,0x15,0x15,0x16,0x58,0x00,0xB9,0x16,0x58,0x20,0xB9,0x0D,0x58,0x40	; A6D7
	db	0x52,0x0D,0x50,0x40,0x52,0x0D,0x48,0x40,0x52,0x0D,0x40,0x40,0x52,0x0D,0x38,0x40	; A6E7
	db	0x52,0x16,0x58,0x58,0xF3,0x1D,0x50,0x78,0xF8,0x1A,0x50,0x90,0xF8,0x1D,0x50,0xA8	; A6F7
	db	0xFA,0x1D,0x00,0xA8,0xD2,0x2D,0x00,0xA0,0xBA,0x1D,0x00,0x68,0xD2,0x17,0x00,0x48	; A707
	db	0xCA,0x2D,0x00,0x40,0xBA,0x1A,0x00,0x28,0xD2,0x97,0x00,0x08,0xCA,0x2D,0x00,0x00	; A717
	db	0xBA,0x07,0x10,0x18,0x33,0x07,0x10,0x70,0x33,0x4E,0x58,0x52,0x54,0x17,0x17,0x17	; A727
	db	0x00,0x00,0xCA,0x1D,0x00,0x20,0xCA,0x9D,0x00,0x38,0xD2,0x2D,0x00,0x70,0xBA,0x9A	; A737
	db	0x00,0x78,0xD2,0x1D,0x00,0x90,0xD2,0x1D,0x00,0xA8,0xD2,0x97,0x50,0x00,0xF8,0x1D	; A747
	db	0x50,0x20,0xFA,0x1C,0x50,0x38,0xF7,0x14,0x50,0x48,0xBD,0x16,0x58,0x50,0xB9,0x05	; A757
	db	0x50,0x70,0xBD,0x1D,0x50,0x78,0xFA,0x1A,0x50,0x90,0xFA,0x9A,0x50,0xA8,0xFA,0x39	; A767
	db	0x30,0x50,0xD0,0x2F,0x38,0x70,0xC1,0x9E,0x28,0x70,0xC9,0xA1,0x30,0x78,0xED,0x09	; A777
	db	0x28,0x80,0xB1,0x0E,0x28,0x90,0xB5,0x02,0x19,0x70,0xFE,0x4F,0x59,0x53,0x55,0x20	; A787
	db	0x20,0x17,0x00,0x00,0xCA,0x0D,0x00,0x20,0x52,0x0D,0x08,0x20,0x52,0x0D,0x10,0x20	; A797
	db	0x52,0x0D,0x18,0x20,0x52,0x0D,0x20,0x20,0x52,0x0D,0x28,0x20,0x52,0x0D,0x30,0x20	; A7A7
	db	0x52,0x0D,0x38,0x20,0x52,0x0D,0x40,0x20,0x52,0x0D,0x48,0x20,0x52,0x97,0x50,0x00	; A7B7
	db	0xF8,0x1D,0x50,0x20,0xFA,0x9E,0x00,0x38,0xC8,0x15,0x50,0x38,0xC8,0x32,0x50,0x48	; A7C7
	db	0xB8,0x32,0x50,0x68,0xB8,0x32,0x50,0xA0,0xB8,0x32,0x50,0x88,0xB8,0x32,0x28,0xA0	; A7D7
	db	0xB9,0x32,0x28,0x80,0xB9,0x09,0x38,0x70,0x5C,0x09,0x48,0x60,0x5C,0x1F,0x00,0x48	; A7E7
	db	0xAC,0x1E,0x00,0x50,0xC8,0x9E,0x00,0x60,0xC8,0x2E,0x00,0x70,0xB0,0x2E,0x00,0x80	; A7F7
	db	0xB0,0x2E,0x00,0x90,0xB0,0x2E,0x00,0xA0,0xB0,0x2E,0x00,0xB0,0xB0,0x08,0x10,0x48	; A807
	db	0x37,0x50,0x5A,0x54,0x56,0x19,0x19,0x2E,0x00,0x00,0xB0,0x2E,0x00,0x10,0xB0,0x2E	; A817
	db	0x00,0x20,0xB0,0x2E,0x00,0x30,0xB0,0x2E,0x00,0x40,0xB0,0x09,0x00,0x50,0xB0,0x36	; A827
	db	0x08,0x50,0x1C,0x32,0x50,0x00,0xB8,0x32,0x50,0x20,0xB8,0x32,0x50,0x40,0xB8,0x32	; A837
	db	0x50,0x60,0xB8,0x32,0x50,0x80,0xB8,0x25,0x48,0xA0,0xCF,0x2F,0x00,0xB8,0xC0,0x2F	; A847
	db	0x18,0xB8,0xC0,0x2F,0x30,0xB8,0xC0,0x2F,0x48,0xB8,0xBF,0x2E,0x00,0x60,0xB0,0x1E	; A857
	db	0x00,0x70,0xC8,0x15,0x00,0x80,0xC8,0x32,0x28,0x10,0xB9,0x32,0x28,0x00,0xB9,0x29	; A867
	db	0x40,0x48,0x4E,0x2B,0x38,0x48,0x49,0x07,0x10,0xA0,0x33,0x00,0x00,0x00,0x00,0x05	; A877
	db	0x05,0x0D,0x00,0x40,0x52,0x0D,0x08,0x40,0x52,0x0D,0x10,0x40,0x52,0x0D,0x18,0x40	; A887
	db	0x52,0x0D,0x20,0x40,0x52	; A897
SPR_DATA_A89C:			; данные A89C..AB75 (730 байт)
; банк спрайтов: адресуется из резидентной SPR_BANK_A89C (D34C)
	db	0x01,0x01,0xE1,0x01,0x01,0xA1,0x01,0x01,0x71,0x01,0x01,0x21,0x01,0x02,0xE1,0xE1	; A89C
	db	0x01,0x02,0xA1,0xA1,0x01,0x02,0x71,0x71,0x01,0x02,0x21,0x21,0x01,0x03,0xE1,0xE1	; A8AC
	db	0xE1,0x01,0x03,0xA1,0xA1,0xA1,0x01,0x03,0x71,0x71,0x71,0x01,0x03,0x21,0x21,0x21	; A8BC
	db	0x01,0x04,0xE1,0xE1,0xE1,0xE1,0x01,0x04,0xA1,0xA1,0xA1,0xA1,0x01,0x04,0x71,0x71	; A8CC
	db	0x71,0x71,0x01,0x04,0x21,0x21,0x21,0x21,0x02,0x01,0xE1,0xE1,0x02,0x01,0xA1,0xA1	; A8DC
	db	0x02,0x01,0x71,0x71,0x02,0x01,0x21,0x21,0x03,0x01,0xE1,0xE1,0xE1,0x03,0x01,0xA1	; A8EC
	db	0xA1,0xA1,0x03,0x01,0x71,0x71,0x71,0x03,0x01,0x21,0x21,0x21,0x04,0x01,0xE1,0xE1	; A8FC
	db	0xE1,0xE1,0x04,0x01,0xA1,0xA1,0xA1,0xA1,0x04,0x01,0x71,0x71,0x71,0x71,0x04,0x01	; A90C
	db	0x21,0x21,0x21,0x21,0x02,0x02,0xE1,0xE1,0xE1,0xE1,0x02,0x02,0xA1,0xA1,0xA1,0xA1	; A91C
	db	0x02,0x02,0x71,0x71,0x71,0x71,0x02,0x02,0x21,0x21,0x21,0x21,0x02,0x04,0xE1,0xE1	; A92C
	db	0xE1,0xE1,0xE1,0xE1,0xE1,0xE1,0x02,0x04,0xA1,0xA1,0xA1,0xA1,0xA1,0xA1,0xA1,0xA1	; A93C
	db	0x02,0x04,0x71,0x71,0x71,0x71,0x71,0x71,0x71,0x71,0x02,0x04,0x21,0x21,0x21,0x21	; A94C
	db	0x21,0x21,0x21,0x21,0x03,0x03,0xE1,0xE1,0xE1,0xE1,0xE1,0xE1,0xE1,0xE1,0xE1,0x03	; A95C
	db	0x03,0xA1,0xA1,0xA1,0xA1,0xA1,0xA1,0xA1,0xA1,0xA1,0x03,0x03,0x71,0x71,0x71,0x71	; A96C
	db	0x71,0x71,0x71,0x71,0x71,0x03,0x03,0x21,0x21,0x21,0x21,0x21,0x21,0x21,0x21,0x21	; A97C
	db	0x02,0x03,0xE1,0xE1,0xE1,0xE1,0xE1,0xE1,0x02,0x03,0xA1,0xA1,0xA1,0xA1,0xA1,0xA1	; A98C
	db	0x02,0x03,0x71,0x71,0x71,0x71,0x71,0x71,0x02,0x03,0x21,0x21,0x21,0x21,0x21,0x21	; A99C
	db	0x03,0x04,0x81,0x81,0x81,0x81,0x81,0x81,0x81,0x81,0x81,0x81,0x81,0x81,0x03,0x04	; A9AC
	db	0x21,0x21,0x21,0x21,0xE1,0xE1,0xE1,0xE1,0x71,0x71,0x71,0x71,0x01,0x04,0xE8,0xE8	; A9BC
	db	0xE8,0xE8,0x02,0x07,0xE1,0xE1,0xA1,0xA1,0xA1,0xA1,0x71,0xD1,0xD1,0x71,0x21,0x21	; A9CC
	db	0xA1,0x71,0x02,0x02,0x81,0x81,0x81,0x81,0x01,0x03,0x71,0x71,0x71,0x03,0x02,0xA1	; A9DC
	db	0xA1,0x71,0x71,0x71,0x71,0x03,0x01,0x81,0x81,0x21,0x02,0x04,0xA1,0x71,0x21,0x21	; A9EC
	db	0xA1,0x71,0x21,0x21,0x02,0x04,0xA1,0x21,0xD1,0x71,0xA1,0x21,0xD1,0x71,0x02,0x04	; A9FC
	db	0xD1,0xD1,0x71,0x21,0xD1,0xD1,0x71,0x21,0x03,0x02,0x71,0x71,0xA1,0xA1,0xA1,0xA1	; AA0C
	db	0x03,0x03,0x21,0x21,0xA1,0x21,0xE1,0x21,0x21,0x21,0x21,0x03,0x03,0x21,0x21,0xA1	; AA1C
	db	0x21,0xE1,0x71,0x71,0xE1,0x71,0x03,0x03,0x71,0xE1,0x71,0xE1,0x71,0xE1,0x71,0xE1	; AA2C
	db	0x71,0x03,0x03,0x21,0xE1,0x21,0xE1,0x21,0xE1,0x21,0xE1,0x21,0x05,0x05,0xA1,0xA1	; AA3C
	db	0xA1,0xA1,0xA1,0xA1,0x21,0x21,0x21,0xA1,0xA1,0x21,0x21,0x21,0xA1,0xA1,0x21,0x71	; AA4C
	db	0x21,0xA1,0xA1,0x21,0x21,0x21,0xA1,0x05,0x05,0x21,0x21,0x21,0x21,0x21,0x21,0xA1	; AA5C
	db	0xA1,0xA1,0x21,0x21,0xA1,0xA1,0xA1,0x21,0x21,0xA1,0x81,0xA1,0x21,0x21,0xA1,0xA1	; AA6C
	db	0xA1,0x21,0x05,0x04,0xA1,0xA1,0xA1,0xA1,0xA1,0x71,0x71,0xA1,0xA1,0x71,0x71,0xA1	; AA7C
	db	0xA1,0x71,0x71,0xA1,0xA1,0xA1,0xA1,0xA1,0x05,0x04,0x21,0x21,0x21,0x21,0x21,0x71	; AA8C
	db	0x71,0x21,0x21,0x71,0x71,0x21,0x21,0x71,0x71,0x21,0x21,0x21,0x21,0x21,0x03,0x05	; AA9C
	db	0xE1,0xE1,0xE1,0xE1,0xE1,0xE1,0xE1,0xE1,0xE1,0xE1,0xE1,0xE1,0xE1,0xE1,0xE1,0x03	; AAAC
	db	0x05,0x71,0x71,0x71,0x71,0x71,0x71,0x71,0x71,0x71,0x71,0x71,0x71,0x71,0x71,0x71	; AABC
	db	0x05,0x03,0x21,0x21,0x21,0x21,0xE1,0x21,0x21,0x21,0x21,0x21,0xA1,0x21,0x21,0x21	; AACC
	db	0x21,0x04,0x03,0xE1,0xE1,0xE1,0xE1,0xE1,0xE1,0xE1,0xE1,0xE1,0xE1,0xE1,0xE1,0x05	; AADC
	db	0x04,0xA1,0xA1,0xA1,0xA1,0xE1,0xE1,0xE1,0xE1,0xE1,0x21,0x71,0xE1,0xE1,0x21,0x71	; AAEC
	db	0xE1,0xE1,0x21,0x71,0xE1,0x02,0x04,0xE1,0xE8,0xE1,0xE1,0x11,0x81,0x11,0x11,0x01	; AAFC
	db	0x01,0xD1,0x01,0x02,0xD1,0xD1,0x01,0x03,0xD1,0xD1,0xD1,0x01,0x04,0xD1,0xD1,0xD1	; AB0C
	db	0xD1,0x02,0x01,0xD1,0xD1,0x03,0x01,0xD1,0xD1,0xD1,0x04,0x01,0xD1,0xD1,0xD1,0xD1	; AB1C
	db	0x02,0x02,0xD1,0xD1,0xD1,0xD1,0x02,0x04,0xD1,0xD1,0xD1,0xD1,0xD1,0xD1,0xD1,0xD1	; AB2C
	db	0x03,0x03,0xD1,0xD1,0xD1,0xD1,0xD1,0xD1,0xD1,0xD1,0xD1,0x02,0x03,0xD1,0xD1,0xD1	; AB3C
	db	0xD1,0xD1,0xD1,0x01,0x03,0xE1,0xE1,0xE1,0x01,0x03,0xA1,0xA1,0xA1,0x01,0x03,0x21	; AB4C
	db	0x21,0x21,0x02,0x07,0xD1,0x71,0x71,0x71,0x71,0xA1,0xA1,0xD1,0x71,0x81,0x81,0xE1	; AB5C
	db	0x21,0x21,0x4E,0x44,0x09,0x31,0x32,0x37,0x0D,0x00	; AB6C
SPR_DATA_AB76:			; данные AB76..B63F (2762 байт)
; второй банк спрайтов: его адрес патчится в SPR_BANK_VAR (D352); сюда же
; смотрит CEB2 (ld hl,0xAB76)
	db	0x18,0x04,0x07,0xC0,0x00,0x00,0x08,0x20,0x00,0x00,0x16,0xD0,0x00,0x00,0x6E,0xEE	; AB76
	db	0x00,0x00,0x40,0x01,0x00,0x00,0x57,0xEE,0x80,0x00,0xB7,0xEE,0x80,0x00,0xB7,0xEF	; AB86
	db	0x40,0x00,0x80,0x00,0x20,0x00,0xBE,0xFE,0xD0,0x38,0xBE,0xFE,0xE8,0x44,0x5E,0xFE	; AB96
	db	0xF4,0xBA,0x20,0x00,0x03,0x01,0x2F,0xEF,0xEC,0xED,0x2F,0xEF,0xEF,0xED,0x2F,0xEF	; ABA6
	db	0xEF,0xE9,0x40,0x00,0x00,0x06,0x5E,0xFE,0xFE,0xE8,0x5E,0xFE,0xFE,0x10,0x5E,0xFE	; ABB6
	db	0xF0,0xE0,0x20,0x00,0x0F,0x00,0x1D,0xEE,0xF0,0x00,0x02,0xED,0x00,0x00,0x01,0x02	; ABC6
	db	0x00,0x00,0x10,0x01,0x58,0x00,0xBE,0x86,0x58,0x58,0x58,0x58,0x58,0x58,0x58,0x58	; ABD6
	db	0x58,0x58,0x58,0x58,0x0E,0x07,0x00,0x00,0x00,0x00,0x00,0x00,0x3C,0x01,0xF0,0x03	; ABE6
	db	0x0F,0xC0,0x38,0x3C,0x06,0x08,0x03,0x04,0x80,0x44,0x18,0x09,0xB4,0x06,0x04,0x80	; ABF6
	db	0x38,0x3C,0x17,0x4A,0x06,0x04,0x80,0x28,0x42,0x17,0x46,0x0E,0x04,0x80,0x28,0x7E	; AC06
	db	0x2F,0xA0,0x0C,0x0B,0x40,0x28,0x7E,0x2F,0xA0,0x1C,0x17,0xA0,0x28,0x7E,0x7F,0xF0	; AC16
	db	0xE3,0x3F,0xF0,0x28,0x42,0x7F,0x70,0x7E,0x3F,0xF0,0x28,0x42,0x7F,0x30,0x5E,0x3B	; AC26
	db	0xB0,0x7C,0x42,0x3F,0xA0,0x5E,0x39,0xB0,0xEE,0x42,0x3F,0xE0,0x6E,0x3D,0xF0,0xAA	; AC36
	db	0x42,0x1F,0xC0,0x3C,0x1F,0xE1,0x93,0x3C,0x0F,0x04,0x1E,0x07,0x80,0x00,0x1E,0xF7	; AC46
	db	0x80,0x00,0x12,0xF4,0xBC,0x00,0x72,0x94,0xBC,0x00,0x7E,0x97,0xBD,0x00,0x5E,0xF7	; AC56
	db	0xA7,0x80,0x5E,0xF7,0xA7,0x40,0x7E,0xF7,0xBE,0x20,0x7E,0xF7,0xBD,0x70,0x7E,0xF7	; AC66
	db	0xBC,0xF8,0x7E,0xF7,0xBC,0x7C,0x7E,0xF7,0xBC,0x3E,0x7E,0xF7,0xBC,0x1F,0x7E,0xF7	; AC76
	db	0xBC,0x0F,0x7E,0xF7,0xBC,0x06,0x0B,0x02,0x7F,0xFF,0x83,0x82,0xB0,0x58,0x7F,0xFF	; AC86
	db	0x00,0x00,0x02,0x60,0x03,0x60,0x03,0x60,0x01,0xC0,0x01,0xC0,0x00,0x80,0x0F,0x01	; AC96
	db	0x7C,0x76,0xBE,0xE6,0x7A,0xBE,0x6A,0xB4,0x6A,0xCC,0x7A,0xAC,0xEE,0xF6,0x6C,0x04	; ACA6
	db	0x02,0xFF,0xFF,0x4D,0x18,0x10,0xC2,0xFF,0xFF,0x18,0x01,0x08,0x08,0x14,0x14,0x14	; ACB6
	db	0x22,0x22,0x2A,0x49,0x5D,0x5D,0x2A,0x2A,0x22,0x1C,0x00,0x7E,0x7E,0x42,0x3C,0x3C	; ACC6
	db	0x3C,0x18,0x18,0x17,0x02,0x01,0x00,0x01,0x80,0x01,0x80,0x00,0x80,0x00,0x00,0x03	; ACD6
	db	0xC0,0x03,0xC0,0x00,0xC0,0x02,0x80,0x03,0x40,0x03,0xC0,0x03,0xC0,0x07,0xE0,0x1B	; ACE6
	db	0xD8,0x34,0x2C,0x2F,0xF4,0x33,0xCC,0x1C,0x38,0x07,0xE0,0x00,0x00,0x03,0xC0,0x03	; ACF6
	db	0xC0,0x01,0x80,0x07,0x02,0x4E,0xCC,0xFD,0x7E,0xEF,0xEA,0xB6,0xF6,0xFF,0xEA,0xB9	; AD06
	db	0xB6,0x6E,0x7C,0x08,0x04,0xFF,0xFF,0xFF,0xFF,0x8D,0x99,0x8C,0xC5,0x50,0x42,0x22	; AD16
	db	0x1A,0xAA,0x2D,0x99,0xA5,0x45,0x22,0x04,0x52,0x50,0xA8,0xD3,0x11,0xA7,0x13,0x28	; AD26
	db	0xC9,0xFF,0xFF,0xFF,0xFF,0x15,0x04,0x00,0x00,0x00,0x70,0x00,0x1F,0x80,0x88,0x00	; AD36
	db	0x20,0x41,0x2C,0x00,0x5F,0xA2,0xB4,0x00,0x80,0x1C,0x04,0x07,0x7B,0xE1,0xFA,0x08	; AD46
	db	0xFB,0xFB,0xFA,0x15,0xFB,0xFB,0xFB,0x20,0x00,0x00,0x01,0x5F,0xBF,0xBF,0xBD,0xBF	; AD56
	db	0xBF,0xBF,0xBD,0xBF,0xBF,0xBF,0xBD,0x80,0x00,0x00,0x02,0xBB,0x7B,0xFB,0xFA,0x54	; AD66
	db	0xBA,0x7B,0xFA,0x28,0x59,0x8B,0xFA,0x10,0x22,0x70,0x02,0x00,0x1C,0x0B,0xBA,0x00	; AD76
	db	0x00,0x04,0xB4,0x00,0x00,0x03,0x0C,0x00,0x00,0x00,0xF0,0x08,0x02,0x92,0x84,0x96	; AD86
	db	0xC8,0x5A,0x48,0x4A,0x6D,0x69,0xAD,0x6D,0xB5,0x75,0x3B,0x3A,0xAB,0x08,0x03,0xA0	; AD96
	db	0x00,0x05,0xA0,0x00,0x05,0xBF,0xFF,0xFD,0xA0,0x00,0x05,0xBF,0xFF,0xFD,0xA0,0x00	; ADA6
	db	0x05,0xA0,0x00,0x05,0xA0,0x00,0x05,0x07,0x03,0x79,0xEF,0x9E,0xEF,0x7E,0x24,0xCE	; ADB6
	db	0xFF,0xF6,0x55,0x2B,0xFE,0xFE,0x7E,0xA6,0x5D,0xF5,0x5A,0xAA,0xAA,0xAC,0x16,0x03	; ADC6
	db	0x00,0x7E,0x00,0x01,0xFF,0x80,0x03,0xDF,0xE0,0x0F,0xFF,0xF0,0x1F,0xFF,0xD8,0x1D	; ADD6
	db	0xFD,0x78,0x3F,0xFE,0xBC,0x3F,0xED,0x7C,0x7B,0xFE,0xFE,0x7F,0xFF,0xFE,0x7F,0x7F	; ADE6
	db	0xFE,0x7E,0xBF,0xDE,0x7B,0x7E,0xFE,0x7F,0xDD,0x7E,0x3F,0xFA,0xFC,0x3F,0xFD,0xFC	; ADF6
	db	0x1F,0xFF,0xB8,0x1F,0xFF,0x78,0x0F,0xDF,0xF0,0x07,0xFF,0xE0,0x01,0xFF,0x80,0x00	; AE06
	db	0x7E,0x00,0x0F,0x04,0xFC,0x00,0x00,0x00,0xFC,0x1E,0x00,0x00,0xFD,0xDE,0x00,0x00	; AE16
	db	0x85,0xDE,0x00,0x00,0x85,0x52,0x60,0x00,0x85,0x52,0xF1,0x80,0xFD,0x5F,0xDB,0x40	; AE26
	db	0xFD,0xDE,0x8D,0x20,0xFD,0xDE,0x5E,0xB0,0xFD,0xDE,0x3F,0x78,0xFD,0xDE,0x1F,0xBC	; AE36
	db	0xFD,0xDE,0x0F,0xDE,0xFD,0xDE,0x07,0xCF,0xFD,0xDE,0x03,0x87,0xFD,0xDE,0x01,0x02	; AE46
	db	0x07,0x02,0x57,0xD4,0x6A,0xAA,0xF5,0xD4,0xAB,0xAE,0xD5,0x54,0xEA,0xAA,0x75,0xDC	; AE56
	db	0x07,0x01,0x7C,0xEA,0xCE,0x9E,0xAA,0xD4,0x6C,0x07,0x01,0x5E,0xAA,0x54,0xAA,0xD6	; AE66
	db	0xAE,0x5C,0x0F,0x01,0x7C,0xCE,0x9C,0xBA,0xDC,0xAA,0xDC,0xBA,0xD4,0xAE,0xD4,0xAA	; AE76
	db	0xD4,0xAA,0x7C,0x0F,0x02,0x7F,0xBC,0xE6,0xEA,0xCB,0x54,0x96,0xAC,0xB5,0x56,0xAA	; AE86
	db	0xEA,0x55,0x54,0xEE,0xAA,0x55,0xD4,0xFA,0xAA,0x55,0x5C,0xEA,0xEA,0x75,0x76,0xBA	; AE96
	db	0xAE,0x75,0x7C,0x08,0x04,0x6B,0xFF,0xFF,0xDC,0x57,0xE7,0xD5,0xEE,0xAB,0x9F,0xAA	; AEA6
	db	0xF6,0x5F,0xD5,0xFF,0xDE,0xAF,0x6E,0xFA,0xAE,0xD5,0x55,0x55,0x5E,0xEA,0xAA,0xAA	; AEB6
	db	0xAE,0x75,0x5F,0x57,0x5C,0x0F,0x04,0xFF,0xFF,0xFF,0xFF,0xC4,0xAA,0xCD,0x93,0xB5	; AEC6
	db	0x55,0xB5,0x6F,0xEA,0xAA,0xEA,0xB5,0x55,0x75,0xD5,0x6A,0x2A,0xEB,0xAB,0xD6,0x77	; AED6
	db	0xDF,0x77,0x2A,0x7E,0x7B,0xAA,0x72,0x1C,0x24,0xB4,0x0D,0x04,0x30,0x0A,0x03,0x04	; AEE6
	db	0x38,0x14,0x06,0x00,0x18,0x1C,0x06,0x00,0x10,0x0C,0x02,0x00,0x00,0x08,0x00,0x00	; AEF6
	db	0x00,0x08,0x00,0x08,0x01,0xDD,0xAA,0x55,0xAA,0xD5,0x2E,0x18,0x08,0x0E,0x02,0xFD	; AF06
	db	0xEB,0xD7,0x5D,0xAA,0xAA,0x55,0xD5,0xAA,0xAE,0x55,0xD8,0x6B,0x70,0x2C,0x20,0x2A	; AF16
	db	0x20,0x2E,0x00,0x14,0x00,0x14,0x00,0x18,0x00,0x08,0x00,0x0E,0x03,0xFF,0xFF,0xFF	; AF26
	db	0xFA,0xAA,0xAA,0xB5,0x55,0x55,0xAA,0xAA,0xAA,0x55,0x77,0x55,0x5A,0x9F,0xAA,0x56	; AF36
	db	0x64,0x5C,0x2A,0x18,0x64,0x2E,0x10,0x18,0x2E,0x00,0x08,0x24,0x00,0x08,0x14,0x00	; AF46
	db	0x00,0x18,0x00,0x00,0x00,0x00,0x00,0x0F,0x02,0xFF,0xFF,0xEF,0xAA,0xD5,0x55,0xEA	; AF56
	db	0xAB,0xD5,0x55,0xEA,0xEB,0xB5,0xD6,0x5A,0xAA,0x55,0x56,0x2A,0xAA,0x29,0x64,0x29	; AF66
	db	0x44,0x19,0x40,0x10,0xC0,0x00,0x80,0x0F,0x02,0xFF,0xFF,0x78,0x0B,0xB6,0x75,0xAF	; AF76
	db	0xEA,0xB5,0x55,0xAA,0xAA,0xB5,0x55,0xAA,0xBE,0x55,0x7D,0x75,0xF7,0x02,0xCA,0x02	; AF86
	db	0x4A,0x01,0x86,0x00,0x04,0x00,0x04,0x0F,0x03,0xFF,0xFF,0xFF,0xBA,0xAB,0xBB,0xB5	; AF96
	db	0x55,0x55,0xDA,0xAA,0xAA,0xAD,0x7D,0x55,0x2E,0x96,0xAF,0x15,0x55,0xD6,0x0A,0x8B	; AFA6
	db	0x6E,0x0B,0x8A,0xB4,0x05,0x8A,0x5C,0x05,0x04,0x58,0x05,0x04,0x58,0x02,0x00,0x50	; AFB6
	db	0x00,0x00,0x30,0x00,0x00,0x20,0x0F,0x02,0x3F,0xFF,0x6D,0xF5,0xCA,0xAA,0x95,0x5D	; AFC6
	db	0xAA,0xFA,0x55,0x9C,0xAA,0xA0,0xD5,0x00,0xAE,0x00,0x74,0x00,0xEA,0x00,0x54,0x00	; AFD6
	db	0xE8,0x00,0xD4,0x00,0x78,0x00,0x05,0x01,0xFF,0xDF,0xAE,0x75,0x01,0x18,0x04,0xFF	; AFE6
	db	0xFF,0xFF,0xFF,0x84,0x44,0x44,0x44,0xAA,0xAA,0xAA,0xAA,0x91,0x11,0x11,0x11,0x44	; AFF6
	db	0x7F,0xE4,0x7F,0x3F,0x80,0x3F,0x80,0x20,0x80,0x20,0x80,0x1F,0x00,0x1F,0x00,0x0E	; B006
	db	0x00,0x0E,0x00,0x17,0x00,0x17,0x00,0x1F,0x00,0x1F,0x00,0x0E,0x00,0x0E,0x00,0x17	; B016
	db	0x00,0x17,0x00,0x1F,0x00,0x1F,0x00,0x0E,0x00,0x0E,0x00,0x17,0x00,0x17,0x00,0x1F	; B026
	db	0x00,0x1F,0x00,0x0E,0x00,0x0E,0x00,0x3F,0xFF,0xFF,0xFF,0x20,0x00,0x00,0x00,0x5F	; B036
	db	0xFF,0xFF,0xFF,0xB8,0x00,0x60,0x00,0x87,0xFF,0x9F,0xFF,0xFC,0x00,0xF0,0x00,0x20	; B046
	db	0x03,0x80,0x91,0x11,0x5D,0x11,0x11,0x23,0xE1,0x22,0x52,0x3F,0x22,0x4F,0x21,0xC2	; B056
	db	0x5C,0xC2,0x22,0x62,0xBA,0x12,0xA1,0x06,0x2C,0x22,0x85,0xC2,0x56,0x48,0x44,0x58	; B066
	db	0x28,0x68,0x64,0x10,0x98,0xC2,0x68,0x88,0x22,0x85,0x10,0x1D,0x02,0x10,0x70,0x8D	; B076
	db	0x20,0x88,0x50,0xA0,0x0F,0xA0,0x40,0x78,0x31,0xC0,0x84,0x16,0x40,0x05,0xE8,0x40	; B086
	db	0x3E,0x00,0x40,0xC0,0x00,0x40,0x00,0x00,0x40,0x00,0x00,0x40,0x00,0x02,0x48,0x00	; B096
	db	0x05,0x54,0x00,0x0A,0xEA,0x00,0x15,0xF5,0x00,0x0A,0xEA,0x00,0x04,0x05,0x00,0x08	; B0A6
	db	0x02,0x18,0x03,0x7F,0xFF,0xFE,0x40,0x00,0x02,0x5F,0xFF,0xFA,0x57,0xE0,0xEA,0x5F	; B0B6
	db	0xE1,0xCA,0x5F,0xF1,0x8A,0x5B,0xF1,0x8A,0x53,0xF1,0x8A,0x57,0xF8,0xCA,0x5C,0x08	; B0C6
	db	0xEA,0x5C,0x06,0x0A,0x58,0x89,0x8A,0x51,0x74,0x8A,0x59,0x24,0x4A,0x59,0xFC,0x6A	; B0D6
	db	0x50,0x88,0x0A,0x51,0x54,0x2A,0x52,0xF8,0x0A,0x51,0xF4,0x2A,0x50,0xF8,0x4A,0x51	; B0E6
	db	0xF0,0x2A,0x5F,0xFF,0xFA,0x60,0x00,0x06,0x7F,0xFF,0xFE,0x18,0x03,0x7F,0xFF,0xFE	; B0F6
	db	0x40,0x00,0x02,0x5F,0xFF,0xFA,0x50,0x00,0x0A,0x50,0x3C,0x6A,0x50,0x7E,0xCA,0x50	; B106
	db	0xFF,0x4A,0x51,0xFF,0x6A,0x51,0xC3,0x8A,0x53,0xA5,0x8A,0x53,0x24,0x8A,0x53,0x00	; B116
	db	0xCA,0x53,0x00,0xCA,0x53,0x18,0xCA,0x53,0xA5,0xCA,0x51,0xC3,0xCA,0x50,0xFF,0x8A	; B126
	db	0x50,0xFF,0x8A,0x51,0xFF,0xEA,0x57,0xFF,0xEA,0x50,0x00,0x0A,0x5F,0xFF,0xFA,0x60	; B136
	db	0x00,0x06,0x7F,0xFF,0xFE,0x25,0x04,0x00,0x00,0x80,0x00,0x00,0x01,0xE0,0x00,0x00	; B146
	db	0x0C,0xC0,0x00,0x00,0x1F,0xE8,0x00,0x00,0x0F,0x7C,0x00,0x00,0x04,0x3C,0x00,0x00	; B156
	db	0x03,0xC8,0x00,0x00,0x05,0xE0,0x00,0x00,0x06,0xF0,0x00,0x00,0x05,0xF0,0x00,0x00	; B166
	db	0x03,0xE0,0x00,0x02,0x01,0xC0,0x20,0x07,0x0B,0xE8,0x70,0x07,0x9F,0xFC,0xF0,0x06	; B176
	db	0x00,0x00,0x30,0x04,0xFF,0xFF,0x90,0x04,0xFF,0x7F,0x90,0x04,0xFF,0x7F,0x90,0x06	; B186
	db	0xFF,0x7F,0xB0,0x06,0xFF,0x77,0xB0,0x02,0xFF,0x6B,0xA0,0x02,0xF7,0x77,0xA0,0x02	; B196
	db	0xD5,0x77,0xA0,0x02,0xE3,0x63,0xA0,0x02,0xC1,0x63,0xA0,0x06,0xE3,0x63,0xB0,0x06	; B1A6
	db	0xD5,0x41,0xB0,0x04,0xF7,0x41,0x90,0x04,0xFF,0x5D,0x90,0x04,0xFF,0x63,0x90,0x04	; B1B6
	db	0xFF,0x7F,0x90,0x00,0xFF,0x7F,0x80,0x00,0x7F,0x7F,0x00,0x00,0x3F,0x7E,0x00,0x00	; B1C6
	db	0x1F,0x7C,0x00,0x00,0x03,0x60,0x00,0x00,0x00,0x80,0x00,0x18,0x03,0x17,0xE3,0xFC	; B1D6
	db	0xAD,0xE1,0xE6,0x5A,0xA7,0x5E,0xB5,0x66,0xAB,0x7E,0xC3,0x55,0xC1,0x81,0xAB,0x1C	; B1E6
	db	0x7C,0x5D,0x6C,0xFF,0x38,0x54,0xDF,0xB3,0xAA,0xAB,0x87,0x56,0x55,0x9D,0xBE,0xAB	; B1F6
	db	0x9A,0xFE,0x5F,0x35,0xF4,0x38,0x6A,0xAD,0x83,0x75,0xDD,0xF7,0x7F,0xF9,0xAB,0x3C	; B206
	db	0x33,0x57,0x00,0x36,0xAF,0x56,0x47,0x7E,0x2E,0x60,0x00,0xD6,0x7D,0x61,0xAE,0x3A	; B216
	db	0xB3,0xFC,0x1F,0x40,0x00,0x26,0x03,0x7E,0x00,0xFC,0x5D,0xFF,0x74,0x2E,0x00,0xE8	; B226
	db	0x2F,0xFF,0xE8,0x2F,0xC7,0xE8,0x17,0x01,0xD0,0x16,0x00,0xD0,0x16,0x10,0xD0,0x14	; B236
	db	0x10,0x50,0x15,0xF1,0x50,0x14,0x00,0x50,0x14,0x00,0x50,0x16,0x00,0xD0,0x16,0x00	; B246
	db	0xD0,0x17,0x11,0xD0,0x17,0xC7,0xD0,0x17,0xFF,0xD0,0x17,0xFF,0xD0,0x16,0x00,0xD0	; B256
	db	0x16,0x10,0xD0,0x16,0x10,0xD0,0x16,0x10,0xD0,0x16,0x10,0xD0,0x16,0x10,0xD0,0x16	; B266
	db	0x10,0xD0,0x16,0x10,0xD0,0x16,0x10,0xD0,0x16,0x38,0xD0,0x16,0x7C,0xD0,0x16,0x38	; B276
	db	0xD0,0x16,0x10,0xD0,0x14,0x00,0x50,0x2D,0xEF,0x68,0x5E,0x10,0xF4,0x5F,0xFF,0xF4	; B286
	db	0x50,0x00,0x14,0xB0,0x00,0x1A,0xF0,0x00,0x1E,0x28,0x05,0x01,0xAE,0xAB,0x4A,0x00	; B296
	db	0x03,0x47,0x55,0xA5,0x80,0x06,0xB3,0xAA,0xEA,0xC0,0x0D,0x59,0xDD,0xE5,0xC0,0x0E	; B2A6
	db	0xAA,0xFF,0xDB,0x60,0x01,0xDB,0xDF,0x55,0xB0,0x0A,0xFC,0xB7,0xBF,0xF0,0x34,0x74	; B2B6
	db	0x00,0x1C,0x60,0x6B,0x00,0x7C,0x00,0x0C,0x77,0x07,0x7D,0xE8,0xCC,0x6B,0x2F,0x7D	; B2C6
	db	0xEC,0x54,0x76,0x6F,0x7D,0xEE,0xAA,0x3C,0xEF,0x7D,0xEE,0xD6,0x80,0xEF,0x7D,0xEF	; B2D6
	db	0x6E,0xC0,0xEF,0x7D,0xEF,0x06,0xD4,0xEF,0x7D,0xEF,0x70,0xAA,0xEF,0x7D,0xEF,0x6C	; B2E6
	db	0xD6,0xEF,0x7D,0xEF,0x37,0xEE,0xEF,0x7D,0xF9,0x2B,0x7C,0xEF,0x7D,0xC1,0x55,0x00	; B2F6
	db	0xEF,0x7D,0xF9,0x6E,0x7C,0xEF,0x7D,0xEF,0x78,0xBE,0xEF,0x7D,0xEF,0x03,0x56,0xEF	; B306
	db	0x00,0xEF,0x0F,0xAA,0xEE,0x7E,0x6F,0x75,0x56,0xEE,0xDB,0x6F,0x2A,0xBC,0xEE,0x81	; B316
	db	0x6F,0x35,0x00,0xEE,0x81,0x6F,0x6B,0x3C,0xEE,0x81,0x6F,0x54,0xF6,0xEE,0xC3,0x6F	; B326
	db	0x70,0xEA,0xEE,0x7E,0xEF,0x03,0xD6,0xEF,0x3C,0xF9,0x1F,0xEE,0xEF,0x01,0xC1,0x77	; B336
	db	0xD6,0xEF,0x7D,0xF9,0x6B,0xAA,0xEF,0x7D,0xEF,0x55,0xD4,0xEF,0x7D,0xEF,0x6A,0xEA	; B346
	db	0xEF,0x7D,0xEF,0x55,0xF6,0xEF,0x7D,0xEF,0x6E,0xCC,0xEF,0x7D,0xEF,0x3B,0x00,0xEF	; B356
	db	0x7D,0xEF,0x00,0x24,0x04,0x00,0x03,0xC0,0x00,0x00,0x76,0xCE,0x00,0x00,0xD5,0x5F	; B366
	db	0x00,0x00,0xAA,0x97,0x80,0x00,0xD9,0xAB,0x40,0x01,0xB3,0x95,0x80,0x01,0xE9,0xAA	; B376
	db	0x20,0x00,0xD0,0x15,0x70,0x04,0x03,0xCA,0xD8,0x0B,0x47,0xE0,0xAC,0x15,0x87,0xE1	; B386
	db	0x54,0x0B,0x4F,0xF1,0xAE,0x16,0x8D,0xB1,0x5E,0x0F,0x1D,0xB8,0xF8,0x0E,0x1D,0xB8	; B396
	db	0x00,0x05,0x19,0x98,0xB8,0x30,0x39,0x9C,0x5C,0x3C,0x39,0x9C,0xAC,0x77,0x31,0x8C	; B3A6
	db	0x5C,0x6F,0x71,0x8E,0x38,0x5D,0x7F,0xFE,0x78,0x7A,0x7F,0xFE,0x00,0x74,0x61,0x86	; B3B6
	db	0x28,0x0A,0x61,0x86,0x58,0x00,0x61,0x86,0x2C,0x00,0x61,0x86,0x5C,0x3E,0x61,0x86	; B3C6
	db	0x78,0x3C,0x7F,0xFE,0x34,0x3B,0x7F,0xFE,0x00,0x15,0x3F,0xFC,0x60,0x0A,0x00,0x00	; B3D6
	db	0xD8,0x15,0x00,0x00,0xB8,0x02,0x7C,0xBD,0x50,0x00,0xFA,0x79,0xA0,0x00,0xF4,0xFB	; B3E6
	db	0xC0,0x00,0xEA,0x73,0x00,0x10,0x04,0x00,0x00,0x00,0x00,0xFF,0xFF,0xFF,0xFF,0x00	; B3F6
	db	0x00,0x00,0x00,0x3F,0xFF,0xFF,0xFC,0x7D,0xDD,0xDD,0xDE,0x3A,0xAA,0xAA,0xAC,0x17	; B406
	db	0x77,0x77,0x70,0x00,0x00,0x00,0x00,0x3F,0xFF,0xFF,0xF8,0x00,0x00,0x00,0x00,0x0F	; B416
	db	0xFF,0xFF,0x10,0x0F,0xFF,0xFF,0x90,0x07,0xFF,0xFF,0x20,0x07,0xFF,0xFE,0x20,0x03	; B426
	db	0xFF,0xFC,0x40,0x01,0xFF,0xE9,0x80,0x08,0x04,0x01,0xAA,0xAA,0x80,0x01,0x30,0x0F	; B436
	db	0x80,0x01,0x30,0x0F,0x80,0x01,0x30,0x0F,0x80,0x01,0x30,0x0F,0x80,0x01,0x30,0x0F	; B446
	db	0x80,0x01,0x30,0x0F,0x80,0x01,0x30,0x0F,0x80,0x08,0x04,0x01,0xFD,0xBF,0x80,0x03	; B456
	db	0xFF,0xFF,0x40,0x00,0x00,0x00,0x00,0x03,0xFF,0xFF,0x40,0x0F,0xFF,0xFF,0xB0,0x1F	; B466
	db	0xFF,0xFF,0xC8,0x3F,0xFF,0xFF,0xE4,0x3F,0xFF,0xFF,0xA4,0x0A,0x04,0xF7,0xFF,0xEF	; B476
	db	0xFF,0x14,0x00,0x28,0x00,0xF7,0xFF,0xEF,0xFF,0x00,0x00,0x00,0x00,0x00,0x00,0x40	; B486
	db	0x00,0x00,0x00,0x24,0x00,0x00,0x00,0x08,0x00,0x00,0x00,0x00,0x00,0x00,0x00,0xF7	; B496
	db	0x00,0x00,0x00,0xDB,0x00,0x10,0x01,0xC7,0xFB,0x6A,0x5A,0x6A,0x5A,0x34,0x34,0x34	; B4A6
	db	0x14,0x14,0x1C,0x1C,0x0C,0x08,0x08,0x04,0x02,0xFF,0xFF,0xBE,0x59,0xC9,0xA6,0xF7	; B4B6
	db	0xFF,0x17,0x01,0x76,0xCB,0xD5,0x9B,0xB5,0xAB,0xF5,0xAA,0xD5,0xAB,0x5D,0xAA,0x5D	; B4C6
	db	0x6E,0x55,0x2B,0xD5,0xAB,0x57,0xEA,0x55,0xAB,0x56,0x0B,0x02,0x3F,0xFE,0x75,0xFF	; B4D6
	db	0x6F,0xFF,0x7F,0xFF,0x3F,0xFE,0x00,0x00,0xFC,0x7F,0xFE,0xEB,0xFE,0xDF,0xFE,0xFF	; B4E6
	db	0xFC,0x7F,0x18,0x03,0xC0,0x00,0x03,0xEF,0xFF,0xF7,0x77,0x18,0xEE,0x3A,0xE7,0x5C	; B4F6
	db	0x5D,0xE7,0xBA,0x6B,0x99,0xD6,0x77,0x7E,0xEE,0x6E,0xBD,0x76,0x5D,0x5A,0xBA,0x5A	; B506
	db	0xA5,0x5A,0x5B,0x4A,0xDA,0x67,0x95,0xE6,0x7F,0xA9,0xFE,0x7F,0x52,0xFC,0x3E,0xA5	; B516
	db	0x7C,0x3D,0x5A,0xBC,0x1A,0xBD,0x58,0x15,0x7E,0xA8,0x0A,0x99,0x50,0x15,0xA5,0xA8	; B526
	db	0x2B,0xE7,0xD4,0x51,0xE7,0x8A,0xA0,0x7E,0x05,0xC0,0x18,0x03,0x05,0x04,0x6E,0xDD	; B536
	db	0xAF,0xBC,0xDD,0x6E,0xD1,0x52,0xAE,0x95,0x2E,0xEE,0x75,0x6E,0xD5,0xDE,0x3F,0xFB	; B546
	db	0x7F,0x6C,0x01,0x01,0x10,0x03,0x01,0x10,0x28,0x10,0x05,0x01,0x08,0x00,0x2A,0x00	; B556
	db	0x08,0x08,0x02,0x2F,0xF4,0x13,0xC8,0x0C,0x30,0x13,0xC0,0x38,0x00,0x70,0x00,0xE0	; B566
	db	0x00,0xC0,0x00,0x07,0x01,0x58,0x58,0x58,0x58,0xDC,0x78,0x30,0x18,0x05,0x00,0x70	; B576
	db	0x18,0x0E,0x00,0x0F,0x77,0xDB,0xEE,0xF0,0x15,0x75,0x5B,0x6E,0xA8,0x2B,0x76,0xDA	; B586
	db	0xAE,0xD4,0x15,0x75,0x5B,0x6E,0xA8,0x6B,0x76,0xDA,0xAE,0xD6,0x75,0x75,0x5B,0x6E	; B596
	db	0xAE,0xFB,0x76,0xDA,0xAE,0xDF,0xF7,0x77,0xDB,0xEE,0xEF,0x00,0x00,0x00,0x00,0x00	; B5A6
	db	0xF7,0x77,0xBD,0xEE,0xEF,0xF5,0x55,0x66,0xAA,0xAF,0xEB,0x77,0x42,0xEE,0xD7,0xD5	; B5B6
	db	0x8D,0x66,0xB1,0xAB,0x2B,0x77,0x66,0xEE,0xD4,0xD5,0x75,0xBD,0xAE,0xAB,0xAB,0x76	; B5C6
	db	0xC3,0x6E,0xD5,0xD5,0x75,0xBD,0xAE,0xAB,0xAB,0x76,0xBD,0x6E,0xD5,0xD5,0x75,0xBD	; B5D6
	db	0xAE,0xAB,0x2B,0x76,0xBD,0x6E,0xD4,0xD5,0x75,0xBD,0xAE,0xAB,0xEB,0x76,0xBD,0x6E	; B5E6
	db	0xD7,0xF5,0x75,0xBD,0xAE,0xAF,0x16,0x03,0x7F,0xD7,0xFE,0x1F,0xEF,0xF8,0x0A,0xBA	; B5F6
	db	0xF0,0x05,0x55,0x70,0x0A,0xAA,0xF0,0x15,0x7F,0xF8,0x2A,0xFF,0xFC,0x55,0x7F,0xFE	; B606
	db	0x6A,0xFF,0xFE,0xD5,0xFF,0xFF,0xCB,0xFF,0xFF,0xCD,0xFF,0xFF,0xCB,0xFF,0xFF,0xCD	; B616
	db	0xFF,0xFF,0xCF,0xFF,0xFF,0xC7,0xFF,0xFF,0x67,0xFF,0xF7,0x63,0xFF,0xE6,0x33,0xFF	; B626
	db	0xCE,0x31,0xFF,0x9C,0x18,0xFF,0xF8,0x0F,0xFF,0xF0	; B636
GFX_B640:			; данные B640..B6DF (160 байт)
; битовые шаблоны, берутся из CBD5 (ld de,0xB640 / ld de,0xB690)
	db	0x80,0x80,0xC0,0x40,0x60,0x20,0x30,0x10,0x00,0x00,0x00,0x00,0x00,0x00,0x00,0x00	; B640
	db	0x00,0x00,0x00,0x00,0x00,0x00,0x00,0x00,0x00,0x00,0x00,0x00,0x00,0x00,0x00,0x00	; B650
	db	0x01,0x01,0x03,0x02,0x06,0x04,0x0C,0x08,0x18,0x08,0x0C,0x06,0x03,0x00,0x00,0x00	; B660
	db	0x00,0x00,0x00,0x00,0x80,0xE0,0x38,0x0F,0x00,0x00,0x00,0x00,0x00,0x00,0x00,0x00	; B670
	db	0x00,0x00,0x00,0x00,0x01,0x07,0x1C,0xF0,0x18,0x10,0x30,0x60,0xC0,0x00,0x00,0x00	; B680
	db	0xE0,0xF8,0xFE,0x7F,0x7F,0x3E,0x3E,0x1E,0x00,0x00,0x00,0x80,0x60,0x70,0x38,0x38	; B690
	db	0x00,0x00,0x00,0x00,0x00,0x00,0x00,0x00,0x00,0x00,0x00,0x01,0x06,0x0E,0x1C,0x1C	; B6A0
	db	0x07,0x1F,0x7F,0xFE,0xFE,0x7C,0x7C,0x78,0x1E,0x0E,0x0E,0x07,0x03,0x00,0x00,0x00	; B6B0
	db	0x3C,0x3C,0x3E,0x3E,0x7F,0xFF,0x3F,0x0F,0x00,0x00,0x00,0x00,0x00,0x00,0x00,0x00	; B6C0
	db	0x3C,0x3C,0x7C,0x7C,0xFE,0xFF,0xFC,0xF0,0x78,0x70,0x70,0xE0,0xC0,0x00,0x00,0x00	; B6D0
TEXT_ES:			; данные B6E0..B7A1 (194 байт)
; тексты в кодах тайлов (0x21='A', 0x73=пробел): «HAS COMPLETADO EL ...»,
; «... DE LA AVENTURA», титры «SPIRITS CONVERSION / CARLOS ARIAS /
; GRAFICOS / MIGUE...». Печатаются из CECD/CBA0
	db	0x28,0x21,0x33,0x73,0x23,0x2F,0x2D,0x30,0x2C,0x25,0x34,0x21,0x24,0x2F,0x73,0x25	; B6E0
	db	0x2C,0x73,0x1F,0x16,0x2F,0x2F,0x74,0x1F,0x17,0x73,0x24,0x25,0x73,0x2C,0x21,0x73	; B6F0
	db	0x21,0x36,0x25,0x2E,0x34,0x35,0x32,0x21,0x73,0x19,0x08,0x73,0x33,0x73,0x30,0x73	; B700
	db	0x29,0x73,0x32,0x73,0x29,0x73,0x34,0x73,0x33,0x73,0x73,0x73,0x23,0x2F,0x2E,0x36	; B710
	db	0x25,0x32,0x33,0x29,0x2F,0x2E,0x72,0x73,0x19,0x1B,0x23,0x21,0x32,0x2C,0x2F,0x33	; B720
	db	0x73,0x21,0x32,0x29,0x21,0x33,0x73,0x73,0x73,0x27,0x32,0x21,0x26,0x29,0x23,0x2F	; B730
	db	0x33,0x72,0x19,0x1E,0x2D,0x29,0x27,0x35,0x25,0x2C,0x73,0x22,0x2C,0x21,0x2E,0x23	; B740
	db	0x2F,0x73,0x36,0x29,0x35,0x23,0x2F,0x2C,0x21,0x22,0x2F,0x32,0x21,0x23,0x29,0x2F	; B750
	db	0x2E,0x25,0x33,0x72,0x19,0x18,0x2A,0x21,0x36,0x29,0x25,0x32,0x73,0x23,0x21,0x2E	; B760
	db	0x2F,0x73,0x73,0x2D,0x35,0x33,0x29,0x23,0x21,0x72,0x1A,0x1F,0x21,0x2C,0x25,0x2A	; B770
	db	0x21,0x2E,0x24,0x32,0x2F,0x73,0x21,0x2E,0x24,0x32,0x25,0x30,0x32,0x2F,0x24,0x35	; B780
	db	0x23,0x23,0x29,0x2F,0x2E,0x72,0x19,0x1C,0x34,0x2F,0x30,0x2F,0x73,0x73,0x33,0x2F	; B790
	db	0x26,0x34	; B7A0
OBJ_TABLE_B7A2:			; данные B7A2..B855 (180 байт)
; массив объектов: 20 записей по 9 байт, B7A2..B855. C8DB делает ld
; iy,0xB7A2 / ld b,0x14, а C942 — ld bc,0x09 / add iy,bc. 20*9 = 0xB4, то
; есть массив кончается ровно там, где начинается HUD_TILES. Указателей в
; записи нет: читаются только байты iy+0..iy+4 (координаты, номер комнаты,
; флаги)
	db	0x50,0x99,0x00,0x91,0x00,0x03,0x39,0x00,0x09,0x40,0x0F,0x08,0x94,0x00,0x09,0x3F	; B7A2
	db	0x05,0x03,0x40,0x39,0x11,0xD5,0x00,0x12,0x30,0x0F,0x39,0x50,0x6C,0x16,0x91,0x00	; B7B2
	db	0x18,0x51,0x14,0x03,0x50,0x2D,0x21,0x0D,0x80,0x22,0x87,0x1F,0x78,0x40,0x21,0x39	; B7C2
	db	0x53,0x80,0x3B,0x3F,0x38,0x18,0x58,0xA2,0x29,0x4D,0x80,0x2A,0x9F,0x28,0x00,0x50	; B7D2
	db	0x72,0x3A,0xD2,0x00,0x3C,0x51,0x3A,0x69,0x40,0x1B,0x34,0x53,0x80,0x35,0x21,0x33	; B7E2
	db	0x0C,0x50,0x6F,0x31,0x8E,0x00,0x32,0x27,0x30,0x69,0x40,0xA2,0x36,0x13,0x80,0x37	; B7F2
	db	0x69,0x35,0x87,0x40,0x60,0x1A,0xD5,0x00,0x1C,0x3F,0x1A,0x57,0x58,0x2D,0x25,0x91	; B802
	db	0x00,0x26,0x0F,0x23,0x60,0x50,0x5A,0x27,0x8E,0x00,0x27,0x6F,0x26,0x30,0x40,0x27	; B812
	db	0x3E,0x13,0x80,0x3F,0x51,0x3D,0x90,0x50,0x30,0x47,0x91,0x00,0x48,0x9F,0x47,0x09	; B822
	db	0x40,0x51,0x51,0xD5,0x00,0x53,0x30,0x51,0x48,0x50,0x12,0x54,0x91,0x00,0x55,0x81	; B832
	db	0x53,0x90,0x40,0x8D,0x0C,0xD5,0x00,0x0D,0x0F,0x0A,0x18,0x40,0x69,0x4E,0xD5,0x00	; B842
	db	0x4F,0x21,0x4D,0x81	; B852
HUD_TILES:			; данные B856..B8F8 (163 байт)
; 0x7F байт строки статуса («VIDAS», «ENERGIA») — выводятся из CECD (ld
; hl,0xB856 / ld b,0x7F)
	db	0x36,0x29,0x24,0x21,0x33,0x70,0x71,0x70,0x18,0x70,0x57,0x58,0x57,0x58,0x57,0x58	; B856
	db	0x71,0x18,0x71,0x59,0x5A,0x59,0x5A,0x59,0x5A,0x70,0x18,0x70,0x5B,0x5C,0x5B,0x5C	; B866
	db	0x5B,0x5C,0x71,0x18,0x71,0x5D,0x5E,0x5D,0x5E,0x5D,0x5E,0x70,0x18,0x70,0x71,0x70	; B876
	db	0x71,0x70,0x71,0x70,0x71,0x19,0x1F,0x25,0x2E,0x25,0x32,0x27,0x29,0x21,0x70,0x18	; B886
	db	0x71,0x06,0x71,0x18,0x71,0x70,0x71,0x70,0x71,0x70,0x71,0x70,0x19,0x1F,0x2F,0x22	; B896
	db	0x2A,0x25,0x34,0x2F,0x33,0x70,0x18,0x71,0x06,0x71,0x18,0x71,0x06,0x70,0x18,0x70	; B8A6
	db	0x06,0x71,0x18,0x71,0x06,0x70,0x18,0x70,0x06,0x71,0x18,0x71,0x06,0x70,0x18,0x70	; B8B6
	db	0x06,0x71,0x18,0x71,0x06,0x70,0x18,0x70,0x71,0x70,0x71,0x70,0x71,0x70,0x71,0x18	; B8C6
	db	0x67,0x68,0x69,0x21,0x22,0x21,0x23,0x2F,0x18,0x6A,0x6B,0x6C,0x33,0x2F,0x26,0x34	; B8D6
	db	0x19,0x6D,0x6E,0x6F,0x3B,0x43,0x42,0x40,0x5F,0x60,0x1E,0x61,0x62,0x1E,0x63,0x64	; B8E6
	db	0x1E,0x65,0x66	; B8F6
TEXT_SHORT:			; данные B8F9..B921 (41 байт)
; три короткие строки (0x13/0x0B/0x0B байт) для CBA0/CBAF/CBB7, печать
; через CEF9. Адрес исправлен: в каноне +0x100 эти три ld hl стухли и
; указывают на B7F9/B80C/B817, то есть внутрь OBJ_TABLE_B7A2. Что
; правильное место именно B8F9, видно по стыковке длин: B8F9+0x13 = B90C,
; +0x0B = B917, +0x0B = B922 = начало VRAM_COLOR_ROWS
	db	0x45,0x46,0x47,0x1D,0x48,0x49,0x4A,0x1D,0x4B,0x4C,0x4A,0x1D,0x4D,0x4E,0x4A,0x1D	; B8F9
	db	0x4F,0x4F,0x50,0x45,0x46,0x47,0x1D,0x48,0x49,0x4A,0x1D,0x51,0x52,0x53,0x54,0x55	; B909
	db	0x56,0x1D,0x4D,0x4E,0x4A,0x1D,0x4F,0x4F,0x50	; B919
VRAM_COLOR_ROWS:			; данные B922..B9E1 (192 байт)
; 0x18*8 = 192 байта атрибутов цвета: D007 заливает ими VRAM с 0x20C0 по 8
; байт на строку
	db	0xC1,0xC1,0xC1,0xC1,0xC1,0xD1,0xD1,0xD1,0xD1,0xF1,0xF1,0xF1,0xF1,0xF1,0xF1,0xD1	; B922
	db	0xD1,0xF1,0xF1,0xF1,0xF1,0xF1,0xF1,0xD1,0xD1,0xF1,0xF1,0xF1,0xF1,0xF1,0xF1,0xD1	; B932
	db	0xD1,0xF1,0xF1,0xF1,0xF1,0xF1,0xF1,0xD1,0xD1,0xD1,0xD1,0xD1,0xD1,0xD1,0xD1,0xD1	; B942
	db	0x11,0x11,0x11,0x11,0x11,0x11,0x11,0x11,0xC1,0xC1,0xC1,0xC1,0xC1,0xC1,0xC1,0xD1	; B952
	db	0xD1,0x81,0x21,0x71,0x71,0xB1,0xB1,0xD1,0xD1,0xD1,0xD1,0xD1,0xD1,0xD1,0xD1,0xD1	; B962
	db	0x11,0x11,0x11,0x11,0x11,0x11,0x11,0x11,0xC1,0xC1,0xC1,0xC1,0xC1,0xC1,0xC1,0xD1	; B972
	db	0xD1,0x11,0x11,0x11,0x11,0x11,0x11,0xD1,0xD1,0x11,0x11,0x11,0x11,0x11,0x11,0xD1	; B982
	db	0xD1,0x11,0x11,0x11,0x11,0x11,0x11,0xD1,0xD1,0x11,0x11,0x11,0xF1,0xF1,0xF1,0xD1	; B992
	db	0xD1,0x11,0x11,0x11,0xE1,0xE1,0xF1,0xD1,0xD1,0x11,0x11,0x11,0xE1,0xE1,0xF1,0xD1	; B9A2
	db	0xD1,0x11,0x11,0x11,0xE1,0xE1,0xF1,0xD1,0xD1,0x11,0x11,0x11,0xE1,0xE1,0xF1,0xD1	; B9B2
	db	0xD1,0xD1,0xD1,0xD1,0xD1,0xD1,0xD1,0xD1,0x51,0x51,0x51,0x51,0x11,0x11,0x11,0x11	; B9C2
	db	0xD1,0xD1,0xD1,0xD1,0xB1,0xB1,0xB1,0xB1,0xF1,0xF1,0xF1,0xF1,0xF1,0xF1,0xF1,0xF1	; B9D2
FONT_GLYPHS:			; данные B9E2..BC88 (679 байт)
; знакогенератор: глифы по 8 байт до конца области данных (BC88)
	db	0x00,0x1C,0x37,0x63,0x63,0x7F,0x33,0x7B,0x00,0x7E,0x63,0x63,0x7E,0x63,0x63,0x7E	; B9E2
	db	0x00,0x1E,0x33,0x60,0x60,0x60,0x33,0x1E,0x00,0x6C,0x76,0x63,0x63,0x63,0x76,0x6C	; B9F2
	db	0x00,0x7F,0x31,0x30,0x3E,0x30,0x31,0x7F,0x00,0x7F,0x31,0x30,0x3E,0x30,0x30,0x70	; BA02
	db	0x00,0x1E,0x33,0x60,0x6F,0x63,0x33,0x1E,0x00,0x63,0x63,0x63,0x7F,0x63,0x63,0x63	; BA12
	db	0x00,0x3F,0x0C,0x0C,0x0C,0x0C,0x0C,0x3F,0x00,0x7F,0x46,0x06,0x06,0x06,0x66,0x3C	; BA22
	db	0x00,0x63,0x66,0x6C,0x78,0x6C,0x66,0x63,0x00,0x70,0x60,0x60,0x60,0x60,0x61,0x7F	; BA32
	db	0x00,0x63,0x77,0x7F,0x6B,0x63,0x63,0x63,0x00,0x63,0x73,0x7B,0x6F,0x67,0x63,0x63	; BA42
	db	0x00,0x1C,0x36,0x63,0x63,0x63,0x36,0x1C,0x00,0x6E,0x73,0x63,0x63,0x7E,0x60,0x60	; BA52
	db	0x1C,0x63,0x73,0x7B,0x6F,0x67,0x63,0x63,0x00,0x6E,0x73,0x63,0x63,0x7E,0x66,0x63	; BA62
	db	0x00,0x3E,0x63,0x60,0x3E,0x03,0x63,0x3E,0x00,0x7F,0x59,0x18,0x18,0x18,0x18,0x18	; BA72
	db	0x00,0x73,0x33,0x63,0x63,0x63,0x63,0x3E,0x00,0x73,0x33,0x63,0x63,0x66,0x3C,0x18	; BA82
	db	0x00,0x76,0x33,0x63,0x63,0x6B,0x6B,0x36,0x00,0x77,0x63,0x36,0x1C,0x36,0x63,0x77	; BA92
	db	0x00,0x77,0x63,0x36,0x1C,0x18,0x18,0x18,0x00,0x7F,0x43,0x06,0x0C,0x18,0x31,0x7F	; BAA2
	db	0x00,0x0C,0x1C,0x3C,0x0C,0x0C,0x0C,0x3F,0x00,0x3E,0x63,0x73,0x06,0x0C,0x31,0x7F	; BAB2
	db	0x00,0x7F,0x46,0x0C,0x1E,0x03,0x63,0x3E,0x00,0x06,0x0E,0x1E,0x36,0x7F,0x06,0x0F	; BAC2
	db	0x00,0x7F,0x60,0x7E,0x63,0x03,0x63,0x3E,0x00,0x0E,0x18,0x30,0x7E,0x63,0x63,0x3E	; BAD2
	db	0x00,0x7F,0x46,0x0C,0x18,0x18,0x18,0x18,0x00,0x3E,0x63,0x63,0x3E,0x63,0x63,0x3E	; BAE2
	db	0x00,0x3E,0x63,0x63,0x3F,0x06,0x0C,0x38,0x00,0x1C,0x36,0x63,0x63,0x63,0x36,0x1C	; BAF2
	db	0x00,0x00,0x00,0x00,0x00,0x3F,0x7F,0x00,0x00,0x00,0x00,0x00,0x00,0xFF,0xFF,0x00	; BB02
	db	0x00,0x00,0x00,0x00,0x00,0xE0,0xA0,0x60,0xFF,0xFF,0xFF,0xE3,0xC7,0x87,0xB3,0x81	; BB12
	db	0xFF,0xFF,0xFF,0xFF,0xFF,0xFF,0xFF,0xFF,0x60,0x60,0x60,0x60,0x60,0x60,0x60,0x60	; BB22
	db	0x80,0x80,0xC0,0xFB,0xC0,0x92,0x89,0xC6,0xFF,0x3F,0x1D,0x0B,0xC5,0x2B,0x93,0x55	; BB32
	db	0xE1,0xF0,0xF8,0xFE,0xFF,0xFF,0xFF,0xFF,0x27,0xA7,0x47,0x4B,0xA9,0xD5,0xE9,0xF3	; BB42
	db	0xFF,0xFF,0xFF,0xFF,0xFF,0x00,0x00,0x00,0x60,0x60,0x60,0x40,0x00,0x00,0x00,0x00	; BB52
	db	0x80,0x80,0xC0,0xFB,0xC0,0x62,0x19,0x06,0xFF,0x3F,0x1D,0x0B,0xC5,0x6B,0x93,0x00	; BB62
	db	0x60,0x60,0x60,0x60,0x60,0x40,0x00,0x00,0x00,0x00,0x00,0x00,0x00,0x60,0x99,0xC6	; BB72
	db	0x00,0x00,0x00,0x00,0x00,0x60,0x93,0x4C,0x00,0x00,0x00,0x00,0x00,0x40,0xA0,0x60	; BB82
	db	0x00,0x00,0x03,0x07,0x1B,0x2D,0x26,0x22,0x00,0x00,0xE0,0xF8,0xFC,0xFC,0xFE,0xEF	; BB92
	db	0x1B,0x7D,0xF9,0xF3,0x66,0x09,0x0F,0x0E,0x77,0x7B,0x78,0x78,0xF0,0xF0,0x10,0x68	; BBA2
	db	0x1E,0x1E,0x1E,0x1F,0x0F,0x10,0x10,0x1D,0xF0,0xF0,0xF0,0x70,0x70,0xF0,0xF0,0xF4	; BBB2
	db	0x1E,0x3F,0x3F,0x3F,0x3F,0x3F,0x1F,0x0F,0x74,0x34,0x8C,0xFC,0xFC,0xFE,0xFE,0xFC	; BBC2
	db	0x00,0x00,0x03,0x07,0x09,0x08,0x1D,0x0F,0x00,0x00,0xF0,0xFC,0xFE,0xFE,0xFE,0xFC	; BBD2
	db	0x2F,0x37,0xC5,0x60,0x05,0x03,0x00,0x0F,0xD8,0xA0,0x60,0x20,0x60,0xC0,0x10,0xB8	; BBE2
	db	0x00,0x1F,0x00,0x0F,0x00,0x01,0x00,0x03,0x30,0xD0,0x10,0xB0,0xC0,0xB0,0x78,0x00	; BBF2
	db	0x01,0x00,0x01,0x01,0x00,0x06,0x19,0x07,0x54,0x00,0x60,0x60,0x60,0x00,0xF0,0x98	; BC02
	db	0x00,0x7F,0x40,0x40,0x40,0x40,0x40,0x40,0x00,0xFF,0x08,0x08,0x1C,0x1C,0x3E,0x3E	; BC12
	db	0x00,0xFF,0x01,0x01,0x01,0x01,0x01,0x01,0x40,0x40,0x40,0x40,0x40,0x40,0x42,0x42	; BC22
	db	0x7F,0x7F,0xFF,0xFF,0x7F,0x7F,0x3F,0x3F,0x01,0x01,0x81,0x81,0xC1,0xC1,0xE1,0xE1	; BC32
	db	0x47,0x47,0x4F,0x4F,0x5F,0x5F,0x7F,0x7F,0x1F,0x3F,0xEF,0x8F,0xC7,0xC7,0xE3,0xE3	; BC42
	db	0xF1,0xF1,0xF9,0xF9,0xFD,0xFD,0xFF,0xFF,0x08,0x1C,0x3E,0x7F,0x3E,0x5C,0xE8,0x40	; BC52
	db	0x04,0x0E,0x1F,0x2E,0x74,0xFA,0x77,0x22,0x00,0x00,0x30,0x30,0x00,0x30,0x30,0x00	; BC62
	db	0x00,0x00,0x00,0x00,0x00,0x00,0x00,0x00,0x00,0x00,0x62,0x64,0x08,0x10,0x26,0x46	; BC72
	db	0xF3,0x31,0xA8,0x61,0xCD,0xE7,0xDF	; BC82
L_BC89:
	call L_D03E                   ; BC89  CD 3E D0
	call L_CB3D                   ; BC8C  CD 3D CB
L_BC8F:
	call L_C034                   ; BC8F  CD 34 C0
	ld a,(D_BCD4)                 ; BC92  3A D4 BC
	or a                          ; BC95  B7
	jp nz,L_BDF6                  ; BC96  C2 F6 BD
	ld a,(L_C037+0x1)             ; BC99  3A 38 C0
	cp 0x01                       ; BC9C  FE 01
	jr z,L_BCA5                   ; BC9E  28 05
	call KBD_CHK_F3B5             ; BCA0  CD 84 D7
	jr L_BC8F                     ; BCA3  18 EA

L_BCA5:
	call L_CB7B                   ; BCA5  CD 7B CB
	ld a,(GAME_VARS+0x8)          ; BCA8  3A F2 C2
	or a                          ; BCAB  B7
	jr z,L_BCCC                   ; BCAC  28 1E
	call L_CB0C                   ; BCAE  CD 0C CB
	ld hl,GAME_VARS+0x10          ; BCB1  21 FA C2
	ld de,GAME_VARS+0xA           ; BCB4  11 F4 C2
	ld bc,0x05                    ; BCB7  01 05 00
	ldir                          ; BCBA  ED B0
	call L_C48C                   ; BCBC  CD 8C C4
	ld a,0x01                     ; BCBF  3E 01
	call L_C564                   ; BCC1  CD 64 C5
	ld (L_C037+0x1),a             ; BCC4  32 38 C0
	call L_C2DC                   ; BCC7  CD DC C2
	jr L_BC8F                     ; BCCA  18 C3

L_BCCC:
	call L_CD0D                   ; BCCC  CD 0D CD
	call L_D0AA                   ; BCCF  CD AA D0
	jr L_BC89                     ; BCD2  18 B5

D_BCD4:			; данные BCD4..BCD4 (1 байт)
	db	0x00	; BCD4
L_BCD5:
	ld iy,D_BDBA+0x9              ; BCD5  FD 21 C3 BD
	ld b,0x06                     ; BCD9  06 06
L_BCDB:
	push bc                       ; BCDB  C5
	ld a,(GAME_VARS+0xC)          ; BCDC  3A F6 C2
	cp (iy+0x00)                  ; BCDF  FD BE 00
	jr nz,L_BCF0                  ; BCE2  20 0C
	dec (iy+0x03)                 ; BCE4  FD 35 03
	call z,L_BD25                 ; BCE7  CC 25 BD
	xor a                         ; BCEA  AF
	call L_BD18                   ; BCEB  CD 18 BD
	jr L_BD0F                     ; BCEE  18 1F

L_BCF0:
	ld a,(LEVEL_VARS)             ; BCF0  3A 7B CE
	cp (iy+0x00)                  ; BCF3  FD BE 00
	jr nz,L_BCFF                  ; BCF6  20 07
	ld a,0x60                     ; BCF8  3E 60
	call L_BD18                   ; BCFA  CD 18 BD
	jr L_BD0F                     ; BCFD  18 10

L_BCFF:
	ld a,(iy+0x04)                ; BCFF  FD 7E 04
	cp (iy+0x02)                  ; BD02  FD BE 02
	jr z,L_BD0F                   ; BD05  28 08
	ld (iy+0x02),a                ; BD07  FD 77 02
	ld a,r                        ; BD0A  ED 5F
	ld (iy+0x03),a                ; BD0C  FD 77 03
L_BD0F:
	ld bc,0x05                    ; BD0F  01 05 00
	add iy,bc                     ; BD12  FD 09
	pop bc                        ; BD14  C1
	djnz L_BCDB                   ; BD15  10 C4
	ret                           ; BD17  C9

L_BD18:
	ld b,(iy+0x01)                ; BD18  FD 46 01
	ld c,(iy+0x02)                ; BD1B  FD 4E 02
	add a,c                       ; BD1E  81
	ld c,a                        ; BD1F  4F
	ld a,0x1E                     ; BD20  3E 1E
	jp L_D1A0                     ; BD22  C3 A0 D1

L_BD25:
	ld a,(iy+0x02)                ; BD25  FD 7E 02
	ld c,a                        ; BD28  4F
	ex af,af'                     ; BD29  08
	ld b,(iy+0x01)                ; BD2A  FD 46 01
	ld d,0x40                     ; BD2D  16 40
	push bc                       ; BD2F  C5
	call L_C3D6                   ; BD30  CD D6 C3
	pop bc                        ; BD33  C1
	jr nc,L_BD49                  ; BD34  30 13
	inc (iy+0x03)                 ; BD36  FD 34 03
	ex af,af'                     ; BD39  08
	add a,0x04                    ; BD3A  C6 04
	ld (iy+0x02),a                ; BD3C  FD 77 02
	ld c,a                        ; BD3F  4F
	call L_C9F2                   ; BD40  CD F2 C9
	xor a                         ; BD43  AF
	cp e                          ; BD44  BB
	ret z                         ; BD45  C8

	jp L_C725                     ; BD46  C3 25 C7

L_BD49:
	ex af,af'                     ; BD49  08
	sub 0x24                      ; BD4A  D6 24
	ld c,a                        ; BD4C  4F
	ld b,(iy+0x01)                ; BD4D  FD 46 01
	call SCR_ADDR_BIT13           ; BD50  CD 92 D1
	ld a,0xED                     ; BD53  3E ED
	jp L_D2C2                     ; BD55  C3 C2 D2

L_BD58:
	ld iy,D_BDBA                  ; BD58  FD 21 BA BD
	ld b,0x03                     ; BD5C  06 03
L_BD5E:
	push bc                       ; BD5E  C5
	ld a,(GAME_VARS+0xC)          ; BD5F  3A F6 C2
	cp (iy+0x00)                  ; BD62  FD BE 00
	jr nz,L_BD70                  ; BD65  20 09
	xor a                         ; BD67  AF
	call L_BD86                   ; BD68  CD 86 BD
	call L_BDE1                   ; BD6B  CD E1 BD
	jr L_BD7D                     ; BD6E  18 0D

L_BD70:
	ld a,(LEVEL_VARS)             ; BD70  3A 7B CE
	cp (iy+0x00)                  ; BD73  FD BE 00
	jr nz,L_BD7D                  ; BD76  20 05
	ld a,0x60                     ; BD78  3E 60
	call L_BD86                   ; BD7A  CD 86 BD
L_BD7D:
	ld bc,0x03                    ; BD7D  01 03 00
	add iy,bc                     ; BD80  FD 09
	pop bc                        ; BD82  C1
	djnz L_BD5E                   ; BD83  10 D9
	ret                           ; BD85  C9

L_BD86:
	ld b,(iy+0x01)                ; BD86  FD 46 01
	ld c,0x58                     ; BD89  0E 58
	add a,c                       ; BD8B  81
	ld c,a                        ; BD8C  4F
	push bc                       ; BD8D  C5
	ld a,(iy+0x02)                ; BD8E  FD 7E 02
	xor 0x01                      ; BD91  EE 01
	ld (iy+0x02),a                ; BD93  FD 77 02
	add a,0x24                    ; BD96  C6 24
	call L_D1A0                   ; BD98  CD A0 D1
	pop bc                        ; BD9B  C1
	call SCR_ADDR_BIT13           ; BD9C  CD 92 D1
	ld bc,0xFFD0                  ; BD9F  01 D0 FF
	add hl,bc                     ; BDA2  09
	ld b,0x04                     ; BDA3  06 04
L_BDA5:
	ld (hl),0x02                  ; BDA5  36 02
	inc hl                        ; BDA7  23
	djnz L_BDA5                   ; BDA8  10 FB
	ld bc,0x14                    ; BDAA  01 14 00
	add hl,bc                     ; BDAD  09
	ld (hl),0x02                  ; BDAE  36 02
	inc hl                        ; BDB0  23
	ld (hl),0x16                  ; BDB1  36 16
	inc hl                        ; BDB3  23
	ld (hl),0x16                  ; BDB4  36 16
	inc hl                        ; BDB6  23
	ld (hl),0x02                  ; BDB7  36 02
	ret                           ; BDB9  C9

D_BDBA:			; данные BDBA..BDE0 (39 байт)
	db	0x27,0x98,0x00,0x51,0x18,0x01,0x53,0x50,0x00,0x0C,0x40,0x28,0x36,0x28,0x19,0x60	; BDBA
	db	0x20,0x1C,0x20,0x2D,0x50,0x20,0x35,0x20,0x30,0x40,0x28,0x4E,0x28,0x3F,0x38,0x20	; BDCA
	db	0x67,0x20,0x17,0x38,0x28,0x1B,0x28	; BDDA
L_BDE1:
	ld a,(iy+0x01)                ; BDE1  FD 7E 01
	ld hl,(GAME_VARS+0xA)         ; BDE4  2A F4 C2
	add a,0x1C                    ; BDE7  C6 1C
	cp h                          ; BDE9  BC
	ret c                         ; BDEA  D8

	sub 0x28                      ; BDEB  D6 28
	cp h                          ; BDED  BC
	ret nc                        ; BDEE  D0

	ld a,0x28                     ; BDEF  3E 28
	cp l                          ; BDF1  BD
	ret nc                        ; BDF2  D0

L_BDF3:
	jp L_CA2C                     ; BDF3  C3 2C CA

L_BDF6:
	call L_D0AA                   ; BDF6  CD AA D0
	call L_D1F2                   ; BDF9  CD F2 D1
	ld a,0xC9                     ; BDFC  3E C9
	ld (L_DA8E),a                 ; BDFE  32 8E DA
	call L_C747                   ; BE01  CD 47 C7
	call L_C72B                   ; BE04  CD 2B C7
	ld bc,(GAME_VARS+0xA)         ; BE07  ED 4B F4 C2
	ld a,0x0C                     ; BE0B  3E 0C
	push bc                       ; BE0D  C5
	call L_D1A0                   ; BE0E  CD A0 D1
	pop bc                        ; BE11  C1
	ld a,c                        ; BE12  79
	add a,0x60                    ; BE13  C6 60
	ld c,a                        ; BE15  4F
	ld a,0x0B                     ; BE16  3E 0B
	call L_D1A0                   ; BE18  CD A0 D1
	call L_D224                   ; BE1B  CD 24 D2
	ld hl,0x2A                    ; BE1E  21 2A 00
	ld (L_DA8E),a                 ; BE21  32 8E DA
	call MUS_TRACK_2              ; BE24  CD 19 E1
	call L_D0AA                   ; BE27  CD AA D0
	jp L_BC89                     ; BE2A  C3 89 BC

DEAD_BE2D:			; данные BE2D..BE41 (21 байт)
; мёртвый кусок: декодируется как код (call D0A0 / 9 nop / call D3F8 /
; call CFAA / jp BB89), но D0A0, CFAA и BB89 — данные, а не начала
; процедур. Похоже на остаток прошлой сборки, чьи адреса не пережили сдвиг
; +0x100
	db	0xCD,0xA0,0xD0,0x00,0x00,0x00,0x00,0x00,0x00,0x00,0x00,0x00,0xCD,0xF8,0xD3,0xCD	; BE2D
	db	0xAA,0xCF,0xC3,0x89,0xBB	; BE3D
L_BE42:
	ld a,(OBJ_BLOCK_C009)         ; BE42  3A 09 C0
	cp 0x01                       ; BE45  FE 01
	ret nz                        ; BE47  C0

	ld a,(OBJ_BLOCK_C009+0x5)     ; BE48  3A 0E C0
	sub 0x18                      ; BE4B  D6 18
	cp (iy+0x01)                  ; BE4D  FD BE 01
	ret nc                        ; BE50  D0

	add a,0x20                    ; BE51  C6 20
	cp (iy+0x01)                  ; BE53  FD BE 01
	ret c                         ; BE56  D8

	ld a,(OBJ_BLOCK_C009+0x4)     ; BE57  3A 0D C0
	sub 0x08                      ; BE5A  D6 08
	cp (iy+0x00)                  ; BE5C  FD BE 00
	ret nc                        ; BE5F  D0

	add a,0x30                    ; BE60  C6 30
	cp (iy+0x00)                  ; BE62  FD BE 00
	ret c                         ; BE65  D8

	ld a,(iy+0x04)                ; BE66  FD 7E 04
	add a,0x32                    ; BE69  C6 32
	ld (iy+0x04),a                ; BE6B  FD 77 04
	push iy                       ; BE6E  FD E5
	ld iy,OBJ_BLOCK_C009          ; BE70  FD 21 09 C0
	call L_BEDD                   ; BE74  CD DD BE
	pop iy                        ; BE77  FD E1
	ret                           ; BE79  C9

L_BE7A:
	ld a,(OBJ_BLOCK_C009)         ; BE7A  3A 09 C0
	or a                          ; BE7D  B7
	ret z                         ; BE7E  C8

	ld iy,OBJ_BLOCK_C009          ; BE7F  FD 21 09 C0
	jr L_BEA6                     ; BE83  18 21

L_BE85:
	ld a,(OBJ_BLOCK_C009+0xB)     ; BE85  3A 14 C0
	or a                          ; BE88  B7
	ret z                         ; BE89  C8

	ld iy,OBJ_BLOCK_C009+0xB      ; BE8A  FD 21 14 C0
	jr L_BEA6                     ; BE8E  18 16

L_BE90:
	ld a,(OBJ_BLOCK_C009+0x16)    ; BE90  3A 1F C0
	or a                          ; BE93  B7
	ret z                         ; BE94  C8

	ld iy,OBJ_BLOCK_C009+0x16     ; BE95  FD 21 1F C0
	jr L_BEA6                     ; BE99  18 0B

L_BE9B:
	ld a,(OBJ_BLOCK_C009+0x21)    ; BE9B  3A 2A C0
	or a                          ; BE9E  B7
	jp z,L_BFB7                   ; BE9F  CA B7 BF
	ld iy,OBJ_BLOCK_C009+0x21     ; BEA2  FD 21 2A C0
L_BEA6:
	ld a,(iy+0x01)                ; BEA6  FD 7E 01
	ld b,a                        ; BEA9  47
	ld a,(GAME_VARS+0xC)          ; BEAA  3A F6 C2
	cp b                          ; BEAD  B8
	jr z,L_BEBA                   ; BEAE  28 0A
	ld d,0x60                     ; BEB0  16 60
	ld a,(LEVEL_VARS)             ; BEB2  3A 7B CE
	cp b                          ; BEB5  B8
	jr nz,L_BEED                  ; BEB6  20 35
	jr L_BEDF                     ; BEB8  18 25

L_BEBA:
	ld l,(iy+0x02)                ; BEBA  FD 6E 02
	ld h,(iy+0x03)                ; BEBD  FD 66 03
	call L_BEF2                   ; BEC0  CD F2 BE
	jr nc,L_BEDD                  ; BEC3  30 18
	ld l,(iy+0x08)                ; BEC5  FD 6E 08
	ld h,(iy+0x09)                ; BEC8  FD 66 09
	call L_BEF2                   ; BECB  CD F2 BE
	ld b,(iy+0x05)                ; BECE  FD 46 05
	ld c,(iy+0x04)                ; BED1  FD 4E 04
	ld a,(iy+0x06)                ; BED4  FD 7E 06
	or (iy+0x07)                  ; BED7  FD B6 07
	jp L_D1A0                     ; BEDA  C3 A0 D1

L_BEDD:
	ld d,0x00                     ; BEDD  16 00
L_BEDF:
	ld b,(iy+0x05)                ; BEDF  FD 46 05
	ld a,(iy+0x04)                ; BEE2  FD 7E 04
	add a,d                       ; BEE5  82
	ld c,a                        ; BEE6  4F
	ld a,(iy+0x06)                ; BEE7  FD 7E 06
	call L_CDCF                   ; BEEA  CD CF CD
L_BEED:
	xor a                         ; BEED  AF
	ld (iy+0x00),a                ; BEEE  FD 77 00
	ret                           ; BEF1  C9

L_BEF2:
	jp (hl)                       ; BEF2  E9
	ld b,(iy+0x05)                ; BEF3  FD 46 05
	ld c,(iy+0x04)                ; BEF6  FD 4E 04
	ld a,(iy+0x07)                ; BEF9  FD 7E 07
	ld e,(iy+0x0A)                ; BEFC  FD 5E 0A
	call 0xC46C                   ; BEFF  CD 6C C4  ; СТУХШИЙ ОПЕРАНД, должно быть C56C
	ld (iy+0x04),c                ; BF02  FD 71 04
	ld (iy+0x05),b                ; BF05  FD 70 05
	ret                           ; BF08  C9

	ld a,(0xBF2A)                 ; BF09  3A 2A BF  ; СТУХШИЙ ОПЕРАНД, должно быть C02A
	cp 0x07                       ; BF0C  FE 07
	scf                           ; BF0E  37
	ret nz                        ; BF0F  C0

	ccf                           ; BF10  3F
	ret                           ; BF11  C9

	call 0xBDF3                   ; BF12  CD F3 BD  ; СТУХШИЙ ОПЕРАНД, должно быть BEF3
	ret nc                        ; BF15  D0

	ld a,c                        ; BF16  79
	cp 0x61                       ; BF17  FE 61
	ret                           ; BF19  C9

	ld d,0x1A                     ; BF1A  16 1A
	ld a,(iy+0x06)                ; BF1C  FD 7E 06
	dec a                         ; BF1F  3D
	sub d                         ; BF20  92
	jr nz,L_BF25                  ; BF21  20 02
	ld a,0x03                     ; BF23  3E 03
L_BF25:
	add a,d                       ; BF25  82
	ld (iy+0x06),a                ; BF26  FD 77 06
	ld a,(iy+0x00)                ; BF29  FD 7E 00
	cp 0x01                       ; BF2C  FE 01
	ret z                         ; BF2E  C8

	ld (iy+0x00),0x01             ; BF2F  FD 36 00 01
	jp 0xC92C                     ; BF33  C3 2C C9  ; СТУХШИЙ ОПЕРАНД, должно быть CA2C

	ld a,0x03                     ; BF36  3E 03
	jp 0xC926                     ; BF38  C3 26 C9  ; СТУХШИЙ ОПЕРАНД, должно быть CA26

	ld a,(0xBF2A)                 ; BF3B  3A 2A BF  ; СТУХШИЙ ОПЕРАНД, должно быть C02A
	inc a                         ; BF3E  3C
	ld (0xBF2A),a                 ; BF3F  32 2A BF  ; СТУХШИЙ ОПЕРАНД, должно быть C02A
	cp 0x04                       ; BF42  FE 04
	call z,0xBE68                 ; BF44  CC 68 BE  ; СТУХШИЙ ОПЕРАНД, должно быть BF68
	cpl                           ; BF47  2F
	rrca                          ; BF48  0F
	and 0x01                      ; BF49  E6 01
	add a,0x22                    ; BF4B  C6 22
	ld (iy+0x06),a                ; BF4D  FD 77 06
	ret                           ; BF50  C9

	ld d,0x1E                     ; BF51  16 1E
	call 0xBE1C                   ; BF53  CD 1C BE  ; СТУХШИЙ ОПЕРАНД, должно быть BF1C
	call 0xC2BF                   ; BF56  CD BF C2  ; СТУХШИЙ ОПЕРАНД, должно быть C3BF
	jr nc,L_BF63                  ; BF59  30 08
	ld a,(0xBF23)                 ; BF5B  3A 23 BF  ; СТУХШИЙ ОПЕРАНД, должно быть C023
	add a,0x04                    ; BF5E  C6 04
	ld (0xBF23),a                 ; BF60  32 23 BF  ; СТУХШИЙ ОПЕРАНД, должно быть C023
L_BF63:
	ld a,0x0E                     ; BF63  3E 0E
	jp 0xC926                     ; BF65  C3 26 C9  ; СТУХШИЙ ОПЕРАНД, должно быть CA26

	ld (0xBF14),a                 ; BF68  32 14 BF  ; СТУХШИЙ ОПЕРАНД, должно быть C014
	ld a,(0xBF2B)                 ; BF6B  3A 2B BF  ; СТУХШИЙ ОПЕРАНД, должно быть C02B
	ld (0xBF15),a                 ; BF6E  32 15 BF  ; СТУХШИЙ ОПЕРАНД, должно быть C015
	ld hl,(0xBF2E)                ; BF71  2A 2E BF  ; СТУХШИЙ ОПЕРАНД, должно быть C02E
	ld a,l                        ; BF74  7D
	sub 0x09                      ; BF75  D6 09
	ld l,a                        ; BF77  6F
	ld a,(0xBF31)                 ; BF78  3A 31 BF  ; СТУХШИЙ ОПЕРАНД, должно быть C031
	ld (0xBF1B),a                 ; BF7B  32 1B BF  ; СТУХШИЙ ОПЕРАНД, должно быть C01B
	or a                          ; BF7E  B7
	jr z,L_BF83                   ; BF7F  28 02
	ld a,0x18                     ; BF81  3E 18
L_BF83:
	add a,h                       ; BF83  84
	sub 0x04                      ; BF84  D6 04
	ld h,a                        ; BF86  67
	ld (0xBF18),hl                ; BF87  22 18 BF  ; СТУХШИЙ ОПЕРАНД, должно быть C018
	ld a,0x04                     ; BF8A  3E 04
	ret                           ; BF8C  C9

L_BF8D:
	ld a,ixl                      ; BF8D  DD 7D
	cp 0x81                       ; BF8F  FE 81
	ret nc                        ; BF91  D0

	ld a,(GAME_VARS+0xB)          ; BF92  3A F5 C2
	ld h,0x18                     ; BF95  26 18
	cp 0x54                       ; BF97  FE 54
	jr nc,L_BF9C                  ; BF99  30 01
	ld h,d                        ; BF9B  62
L_BF9C:
	ld a,h                        ; BF9C  7C
	cpl                           ; BF9D  2F
	and 0x80                      ; BF9E  E6 80
	ld e,a                        ; BFA0  5F
	ld a,r                        ; BFA1  ED 5F
	ld d,a                        ; BFA3  57
	and 0x3F                      ; BFA4  E6 3F
	cp 0x03                       ; BFA6  FE 03
	ccf                           ; BFA8  3F
	ret nc                        ; BFA9  D0

	ld b,a                        ; BFAA  47
	ld a,(D_BFB6)                 ; BFAB  3A B6 BF
	dec a                         ; BFAE  3D
	ld (D_BFB6),a                 ; BFAF  32 B6 BF
	cp 0x01                       ; BFB2  FE 01
	ld a,b                        ; BFB4  78
	ret                           ; BFB5  C9

D_BFB6:			; данные BFB6..BFB6 (1 байт)
	db	0xE3	; BFB6
L_BFB7:
	ld a,(OBJ_BLOCK_C009+0xB)     ; BFB7  3A 14 C0
	or a                          ; BFBA  B7
	ret nz                        ; BFBB  C0

	ld a,(OBJ_BLOCK_C009+0x16)    ; BFBC  3A 1F C0
	or a                          ; BFBF  B7
	ret nz                        ; BFC0  C0

	ld d,0x98                     ; BFC1  16 98
	call L_BF8D                   ; BFC3  CD 8D BF
	ret nc                        ; BFC6  D0

	and 0x01                      ; BFC7  E6 01
	jp z,L_BFEF                   ; BFC9  CA EF BF
	ld a,(GAME_VARS+0xC)          ; BFCC  3A F6 C2
	ld (OBJ_BLOCK_C009+0x22),a    ; BFCF  32 2B C0
	ld a,e                        ; BFD2  7B
	ld (OBJ_BLOCK_C009+0x28),a    ; BFD3  32 31 C0
	ld a,d                        ; BFD6  7A
	and 0x40                      ; BFD7  E6 40
	rrca                          ; BFD9  0F
	rrca                          ; BFDA  0F
	ld d,a                        ; BFDB  57
	ld a,(GAME_VARS+0xA)          ; BFDC  3A F4 C2
	cp 0x30                       ; BFDF  FE 30
	jr c,L_BFE5                   ; BFE1  38 02
	sub d                         ; BFE3  92
	inc a                         ; BFE4  3C
L_BFE5:
	ld l,a                        ; BFE5  6F
	ld (OBJ_BLOCK_C009+0x25),hl   ; BFE6  22 2E C0
	ld a,0x01                     ; BFE9  3E 01
	ld (OBJ_BLOCK_C009+0x21),a    ; BFEB  32 2A C0
	ret                           ; BFEE  C9

L_BFEF:
	ld a,0x01                     ; BFEF  3E 01
	ld (OBJ_BLOCK_C009+0x16),a    ; BFF1  32 1F C0
	ld a,0x21                     ; BFF4  3E 21
	ld (OBJ_BLOCK_C009+0x1C),a    ; BFF6  32 25 C0
	ld a,(GAME_VARS+0xC)          ; BFF9  3A F6 C2
	ld (OBJ_BLOCK_C009+0x17),a    ; BFFC  32 20 C0
	ld l,0x50                     ; BFFF  2E 50
	ld (OBJ_BLOCK_C009+0x1A),hl   ; C001  22 23 C0
	ld a,e                        ; C004  7B
	ld (OBJ_BLOCK_C009+0x1D),a    ; C005  32 26 C0
	ret                           ; C008  C9

OBJ_BLOCK_C009:			; данные C009..C033 (43 байт)
; блок состояния объектов: 4 записи по 0x0B байт, C009..C034. База берётся
; из BE70/BE7F/BE8A/BE95/BEA2 (ld iy,C009 / C014 / C01F / C02A). Поля
; iy+2/3 и iy+8/9 читаются в hl (BEBA..BEC9) и уходят в call (hl) — это 8
; указателей на обработчики. ВСЕ ВОСЕМЬ СТУХЛИ: сверка с кассетой
; показывает, что инструмент сдвига данные не трогал вовсе, и указатели
; остались от раскладки 82A0 (см. docs/msx-relocation.md)
	db	0x00,0x16	; C009
	dw	0xBDF3	; C00B  F3 BD  ; СТУХШИЙ УКАЗАТЕЛЬ, должно быть BEF3
	db	0x46,0xFF,0x1B,0x00	; C00D
	dw	0xBE1A	; C011  1A BE  ; СТУХШИЙ УКАЗАТЕЛЬ, должно быть BF1A
	db	0x00,0x00,0x0C	; C013
	dw	0xBDF3	; C016  F3 BD  ; СТУХШИЙ УКАЗАТЕЛЬ, должно быть BEF3
	db	0x48,0xAA,0x26,0x80	; C018
	dw	0xBE36	; C01C  36 BE  ; СТУХШИЙ УКАЗАТЕЛЬ, должно быть BF36
	db	0x08,0x00,0x16	; C01E
	dw	0xBE12	; C021  12 BE  ; СТУХШИЙ УКАЗАТЕЛЬ, должно быть BF12
	db	0x50,0xFC,0x20,0x00	; C023
	dw	0xBE51	; C027  51 BE  ; СТУХШИЙ УКАЗАТЕЛЬ, должно быть BF51
	db	0x08,0x00,0x0C	; C029
	dw	0xBE09	; C02C  09 BE  ; СТУХШИЙ УКАЗАТЕЛЬ, должно быть BF09
	db	0x51,0x18,0x22,0x80	; C02E
	dw	0xBE3B	; C032  3B BE  ; СТУХШИЙ УКАЗАТЕЛЬ, должно быть BF3B
L_C034:
	call L_D1F2                   ; C034  CD F2 D1
L_C037:
	ld a,0x00                     ; C037  3E 00
	or a                          ; C039  B7
	jr nz,L_C041                  ; C03A  20 05
	call L_C260                   ; C03C  CD 60 C2
	jr L_C04C                     ; C03F  18 0B

L_C041:
	dec a                         ; C041  3D
	ld (L_C037+0x1),a             ; C042  32 38 C0
	ld bc,(GAME_VARS+0xA)         ; C045  ED 4B F4 C2
	call L_CDD0                   ; C049  CD D0 CD
L_C04C:
	call L_C083                   ; C04C  CD 83 C0
	call L_C8DB                   ; C04F  CD DB C8
	call L_BE7A                   ; C052  CD 7A BE
	call L_CA75                   ; C055  CD 75 CA
	call L_BCD5                   ; C058  CD D5 BC
	call L_BD58                   ; C05B  CD 58 BD
	call L_CAE0                   ; C05E  CD E0 CA
	call L_BE90                   ; C061  CD 90 BE
	call L_BE9B                   ; C064  CD 9B BE
	call L_BE85                   ; C067  CD 85 BE
	ld a,(GAME_VARS+0xC)          ; C06A  3A F6 C2
	ld b,a                        ; C06D  47
	ld a,(LEVEL_VARS)             ; C06E  3A 7B CE
	cp b                          ; C071  B8
	jr nz,L_C079                  ; C072  20 05
	ld a,0x01                     ; C074  3E 01
	ld (D_D223),a                 ; C076  32 23 D2
L_C079:
	call L_D224                   ; C079  CD 24 D2
	xor a                         ; C07C  AF
	ld (D_D223),a                 ; C07D  32 23 D2
	jp L_C5E3                     ; C080  C3 E3 C5

L_C083:
	ld a,(LEVEL_VARS+0x7)         ; C083  3A 82 CE
	or a                          ; C086  B7
	ret z                         ; C087  C8

	ld hl,L_C0FB                  ; C088  21 FB C0
	push hl                       ; C08B  E5
	ld a,0xF0                     ; C08C  3E F0
	out (0xAA),a                  ; C08E  D3 AA
	nop                           ; C090  00
	in a,(0xA9)                   ; C091  DB A9
	and 0x3E                      ; C093  E6 3E
	cp 0x3E                       ; C095  FE 3E
	jr nz,L_C09F                  ; C097  20 06
L_C099:
	ld a,0x00                     ; C099  3E 00
	ld c,0x00                     ; C09B  0E 00
	jr L_C0A1                     ; C09D  18 02

L_C09F:
	ld c,0x01                     ; C09F  0E 01
L_C0A1:
	ld (L_C0EE+0x1),a             ; C0A1  32 EF C0
	cp 0x3C                       ; C0A4  FE 3C
	jr z,L_C0D0                   ; C0A6  28 28
	cp 0x3A                       ; C0A8  FE 3A
	jr z,L_C0DA                   ; C0AA  28 2E
	cp 0x36                       ; C0AC  FE 36
	jr z,L_C0C6                   ; C0AE  28 16
	cp 0x2E                       ; C0B0  FE 2E
	jr z,L_C0BC                   ; C0B2  28 08
	cp 0x1E                       ; C0B4  FE 1E
	ret nz                        ; C0B6  C0

	ld a,(OBJ_ARRAY_CCBF+0x20)    ; C0B7  3A DF CC
	jr L_C0E4                     ; C0BA  18 28

L_C0BC:
	ld a,(OBJ_ARRAY_CCBF+0x9)     ; C0BC  3A C8 CC
	dec a                         ; C0BF  3D
	ret z                         ; C0C0  C8

	ld a,(OBJ_ARRAY_CCBF+0x6)     ; C0C1  3A C5 CC
	jr L_C0E4                     ; C0C4  18 1E

L_C0C6:
	ld a,(OBJ_ARRAY_CCBF+0x16)    ; C0C6  3A D5 CC
	dec a                         ; C0C9  3D
	ret z                         ; C0CA  C8

	ld a,(OBJ_ARRAY_CCBF+0x13)    ; C0CB  3A D2 CC
	jr L_C0E4                     ; C0CE  18 14

L_C0D0:
	ld a,(LEVEL_VARS+0x9)         ; C0D0  3A 84 CE
	or a                          ; C0D3  B7
	ret nz                        ; C0D4  C0

	ld a,(LEVEL_VARS+0x3)         ; C0D5  3A 7E CE
	jr L_C0E4                     ; C0D8  18 0A

L_C0DA:
	ld a,(LEVEL_VARS+0xB)         ; C0DA  3A 86 CE
	or a                          ; C0DD  B7
	ret nz                        ; C0DE  C0

	ld a,(LEVEL_VARS+0x5)         ; C0DF  3A 80 CE
	jr L_C0E4                     ; C0E2  18 00

L_C0E4:
	ld b,a                        ; C0E4  47
	ld a,(LEVEL_VARS)             ; C0E5  3A 7B CE
L_C0E8:
	cp b                          ; C0E8  B8
	ret z                         ; C0E9  C8

	ld a,b                        ; C0EA  78
	ld (LEVEL_VARS),a             ; C0EB  32 7B CE
L_C0EE:
	ld a,0x00                     ; C0EE  3E 00
	ld (L_C099+0x1),a             ; C0F0  32 9A C0
	xor a                         ; C0F3  AF
	cp c                          ; C0F4  B9
	call nz,RET_STUB              ; C0F5  C4 F8 D4
	jp L_CB72                     ; C0F8  C3 72 CB

L_C0FB:
	ld iy,0xCBBF                  ; C0FB  FD 21 BF CB  ; СТУХШИЙ ОПЕРАНД, должно быть CCBF
	ld b,0x03                     ; C0FF  06 03
L_C101:
	push bc                       ; C101  C5
	ld a,(iy+0x09)                ; C102  FD 7E 09
	cp 0x01                       ; C105  FE 01
	jr z,L_C148                   ; C107  28 3F
	call 0xC062                   ; C109  CD 62 C0  ; СТУХШИЙ ОПЕРАНД, должно быть C162
	ld a,(0xC1F6)                 ; C10C  3A F6 C1  ; СТУХШИЙ ОПЕРАНД, должно быть C2F6
	cp (iy+0x06)                  ; C10F  FD BE 06
	jr nz,L_C12F                  ; C112  20 1B
	ld d,0x00                     ; C114  16 00
	call 0xC051                   ; C116  CD 51 C0  ; СТУХШИЙ ОПЕРАНД, должно быть C151
	call 0xC8F2                   ; C119  CD F2 C8  ; СТУХШИЙ ОПЕРАНД, должно быть C9F2
	pop bc                        ; C11C  C1
	push bc                       ; C11D  C5
	xor a                         ; C11E  AF
	cp e                          ; C11F  BB
	call nz,0xC079                ; C120  C4 79 C0  ; СТУХШИЙ ОПЕРАНД, должно быть C179
	pop af                        ; C123  F1
	push af                       ; C124  F5
	call 0xC0AF                   ; C125  CD AF C0  ; СТУХШИЙ ОПЕРАНД, должно быть C1AF
	jr L_C148                     ; C128  18 1E

L_C12A:
	call 0xC051                   ; C12A  CD 51 C0  ; СТУХШИЙ ОПЕРАНД, должно быть C151
	jr L_C148                     ; C12D  18 19

L_C12F:
	ld a,(0xCD7B)                 ; C12F  3A 7B CD  ; СТУХШИЙ ОПЕРАНД, должно быть CE7B
	ld d,0x60                     ; C132  16 60
	cp (iy+0x06)                  ; C134  FD BE 06
	jr z,L_C12A                   ; C137  28 F1
	ld a,(iy+0x09)                ; C139  FD 7E 09
	cp 0x04                       ; C13C  FE 04
	jr nc,L_C148                  ; C13E  30 08
	cp 0x02                       ; C140  FE 02
	jr c,L_C148                   ; C142  38 04
	ld (iy+0x09),0x01             ; C144  FD 36 09 01
L_C148:
	ld bc,0x0D                    ; C148  01 0D 00
	add iy,bc                     ; C14B  FD 09
	pop bc                        ; C14D  C1
	djnz L_C101                   ; C14E  10 B1
	ret                           ; C150  C9

	ld a,(iy+0x07)                ; C151  FD 7E 07
	add a,d                       ; C154  82
	ld c,a                        ; C155  4F
	ld b,(iy+0x08)                ; C156  FD 46 08
	ld a,(iy+0x0B)                ; C159  FD 7E 0B
	push bc                       ; C15C  C5
	call 0xD0A0                   ; C15D  CD A0 D0  ; СТУХШИЙ ОПЕРАНД, должно быть D1A0
	pop bc                        ; C160  C1
	ret                           ; C161  C9

	or a                          ; C162  B7
	jp z,0xC0E8                   ; C163  CA E8 C0  ; СТУХШИЙ ОПЕРАНД, должно быть C1E8
	cp 0x04                       ; C166  FE 04
	jr c,L_C16D                   ; C168  38 03
	dec (iy+0x09)                 ; C16A  FD 35 09
L_C16D:
	ld b,0x00                     ; C16D  06 00
	ld c,a                        ; C16F  4F
	ld hl,0xC0E2                  ; C170  21 E2 C0  ; СТУХШИЙ ОПЕРАНД, должно быть C1E2
	add hl,bc                     ; C173  09
	ld a,(hl)                     ; C174  7E
	ld (iy+0x0B),a                ; C175  FD 77 0B
	ret                           ; C178  C9

	ld a,(iy+0x09)                ; C179  FD 7E 09
	or a                          ; C17C  B7
	ret nz                        ; C17D  C0

	ld a,b                        ; C17E  78
	cp 0x03                       ; C17F  FE 03
	jr z,L_C19B                   ; C181  28 18
	cp 0x02                       ; C183  FE 02
	jp nz,0xC625                  ; C185  C2 25 C6  ; СТУХШИЙ ОПЕРАНД, должно быть C725
	ld a,(0xCD86)                 ; C188  3A 86 CD  ; СТУХШИЙ ОПЕРАНД, должно быть CE86
	or a                          ; C18B  B7
	ret z                         ; C18C  C8

	ld a,0x05                     ; C18D  3E 05
	ld (0xCBD5),a                 ; C18F  32 D5 CB  ; СТУХШИЙ ОПЕРАНД, должно быть CCD5
	ld a,(0xCBC8)                 ; C192  3A C8 CB  ; СТУХШИЙ ОПЕРАНД, должно быть CCC8
	or a                          ; C195  B7
	jp z,0xCAAF                   ; C196  CA AF CA  ; СТУХШИЙ ОПЕРАНД, должно быть CBAF
	jr L_C1AC                     ; C199  18 11

L_C19B:
	ld a,(0xCD84)                 ; C19B  3A 84 CD  ; СТУХШИЙ ОПЕРАНД, должно быть CE84
	or a                          ; C19E  B7
	ret z                         ; C19F  C8

	ld a,0x02                     ; C1A0  3E 02
	ld (0xCBC8),a                 ; C1A2  32 C8 CB  ; СТУХШИЙ ОПЕРАНД, должно быть CCC8
	ld a,(0xCBD5)                 ; C1A5  3A D5 CB  ; СТУХШИЙ ОПЕРАНД, должно быть CCD5
	or a                          ; C1A8  B7
	jp z,0xCAB7                   ; C1A9  CA B7 CA  ; СТУХШИЙ ОПЕРАНД, должно быть CBB7
L_C1AC:
	jp 0xCAA0                     ; C1AC  C3 A0 CA  ; СТУХШИЙ ОПЕРАНД, должно быть CBA0

	cp 0x01                       ; C1AF  FE 01
	ret nz                        ; C1B1  C0

	ld a,(0xBF09)                 ; C1B2  3A 09 BF  ; СТУХШИЙ ОПЕРАНД, должно быть C009
	cp 0x01                       ; C1B5  FE 01
	ret nz                        ; C1B7  C0

	ld a,(0xCBD5)                 ; C1B8  3A D5 CB  ; СТУХШИЙ ОПЕРАНД, должно быть CCD5
	or a                          ; C1BB  B7
	ret z                         ; C1BC  C8

	ld a,(0xCBC8)                 ; C1BD  3A C8 CB  ; СТУХШИЙ ОПЕРАНД, должно быть CCC8
	or a                          ; C1C0  B7
	ret z                         ; C1C1  C8

	ld b,(iy+0x08)                ; C1C2  FD 46 08
	ld c,(iy+0x07)                ; C1C5  FD 4E 07
	ld a,(0xBF0E)                 ; C1C8  3A 0E BF  ; СТУХШИЙ ОПЕРАНД, должно быть C00E
	sub 0x18                      ; C1CB  D6 18
	cp b                          ; C1CD  B8
	ret nc                        ; C1CE  D0

	add a,0x20                    ; C1CF  C6 20
	cp b                          ; C1D1  B8
	ret c                         ; C1D2  D8

	ld a,(0xBF0D)                 ; C1D3  3A 0D BF  ; СТУХШИЙ ОПЕРАНД, должно быть C00D
	sub 0x08                      ; C1D6  D6 08
	cp c                          ; C1D8  B9
	ret nc                        ; C1D9  D0

	add a,0x30                    ; C1DA  C6 30
	cp c                          ; C1DC  B9
	ret c                         ; C1DD  D8

	ld a,0x01                     ; C1DE  3E 01
	ld (0xBBD4),a                 ; C1E0  32 D4 BB  ; СТУХШИЙ ОПЕРАНД, должно быть BCD4
	ret                           ; C1E3  C9

D_C1E4:			; данные C1E4..C1E7 (4 байт)
	db	0x27,0x34,0x32,0x33	; C1E4
	call 0xCB12                   ; C1E8  CD 12 CB  ; СТУХШИЙ ОПЕРАНД, должно быть CC12
	xor a                         ; C1EB  AF
	cp d                          ; C1EC  BA
	jr z,L_C1F7                   ; C1ED  28 08
	ld a,(iy+0x0A)                ; C1EF  FD 7E 0A
	or e                          ; C1F2  B3
	xor 0x80                      ; C1F3  EE 80
	jr L_C202                     ; C1F5  18 0B

L_C1F7:
	ld a,(iy+0x03)                ; C1F7  FD 7E 03
	push bc                       ; C1FA  C5
	call 0xCCFA                   ; C1FB  CD FA CC  ; СТУХШИЙ ОПЕРАНД, должно быть CDFA
	pop bc                        ; C1FE  C1
	and 0x3F                      ; C1FF  E6 3F
	or e                          ; C201  B3
L_C202:
	ld (iy+0x0B),a                ; C202  FD 77 0B
	ld e,0x00                     ; C205  1E 00
	ld h,b                        ; C207  60
	ld l,0x60                     ; C208  2E 60
	ld a,0x1F                     ; C20A  3E 1F
	cp c                          ; C20C  B9
	jr nc,L_C228                  ; C20D  30 19
	ld l,0x20                     ; C20F  2E 20
	inc e                         ; C211  1C
	ld a,0x60                     ; C212  3E 60
	cp c                          ; C214  B9
	jr c,L_C228                   ; C215  38 11
	ld l,c                        ; C217  69
	ld h,0xA8                     ; C218  26 A8
	inc e                         ; C21A  1C
	ld a,0xE6                     ; C21B  3E E6
	cp b                          ; C21D  B8
	jr c,L_C228                   ; C21E  38 08
	ld h,0x00                     ; C220  26 00
	inc e                         ; C222  1C
	ld a,0xA8                     ; C223  3E A8
	cp b                          ; C225  B8
	jr nc,L_C259                  ; C226  30 31
L_C228:
	push hl                       ; C228  E5
	ld d,0x00                     ; C229  16 00
	push de                       ; C22B  D5
	ld b,(iy+0x08)                ; C22C  FD 46 08
	ld c,(iy+0x07)                ; C22F  FD 4E 07
	ld a,(0xC1F6)                 ; C232  3A F6 C1  ; СТУХШИЙ ОПЕРАНД, должно быть C2F6
	cp (iy+0x06)                  ; C235  FD BE 06
	jr z,L_C246                   ; C238  28 0C
	ld a,(0xCD7B)                 ; C23A  3A 7B CD  ; СТУХШИЙ ОПЕРАНД, должно быть CE7B
	cp (iy+0x06)                  ; C23D  FD BE 06
	jr nz,L_C24A                  ; C240  20 08
	ld a,c                        ; C242  79
	add a,0x60                    ; C243  C6 60
	ld c,a                        ; C245  4F
L_C246:
	xor a                         ; C246  AF
	call 0xCCCF                   ; C247  CD CF CC  ; СТУХШИЙ ОПЕРАНД, должно быть CDCF
L_C24A:
	ld a,(iy+0x06)                ; C24A  FD 7E 06
	call 0xD16C                   ; C24D  CD 6C D1  ; СТУХШИЙ ОПЕРАНД, должно быть D26C
	pop de                        ; C250  D1
	add hl,de                     ; C251  19
	ld a,(hl)                     ; C252  7E
	ld (iy+0x06),a                ; C253  FD 77 06
	pop hl                        ; C256  E1
	ld b,h                        ; C257  44
	ld c,l                        ; C258  4D
L_C259:
	ld (iy+0x07),c                ; C259  FD 71 07
	ld (iy+0x08),b                ; C25C  FD 70 08
	ret                           ; C25F  C9

L_C260:
	ld hl,L_C345                  ; C260  21 45 C3
	push hl                       ; C263  E5
	ld a,(GAME_VARS+0x9)          ; C264  3A F3 C2
	or a                          ; C267  B7
	jr z,L_C281                   ; C268  28 17
	call L_C340                   ; C26A  CD 40 C3
	jr nz,L_C281                  ; C26D  20 12
	call L_C3BA                   ; C26F  CD BA C3
	jp c,L_C4EF                   ; C272  DA EF C4
	ld a,(GAME_VARS+0x7)          ; C275  3A F1 C2
	cp 0x08                       ; C278  FE 08
	jr nc,L_C281                  ; C27A  30 05
	cp 0x06                       ; C27C  FE 06
	call nc,L_C2BE                ; C27E  D4 BE C2
L_C281:
	xor a                         ; C281  AF
	ld (GAME_VARS+0x2),a          ; C282  32 EC C2
	ld a,(GAME_VARS+0x5)          ; C285  3A EF C2
	or a                          ; C288  B7
	jp nz,L_C4A8                  ; C289  C2 A8 C4
	ld a,(GAME_VARS+0x6)          ; C28C  3A F0 C2
	or a                          ; C28F  B7
	jp nz,L_C525                  ; C290  C2 25 C5
	call L_C31F                   ; C293  CD 1F C3
	call L_CD7B                   ; C296  CD 7B CD
	bit 4,b                       ; C299  CB 60
	jp nz,L_C49F                  ; C29B  C2 9F C4
	bit 0,b                       ; C29E  CB 40
	jp nz,L_C390                  ; C2A0  C2 90 C3
	bit 1,b                       ; C2A3  CB 48
	jp nz,L_C37C                  ; C2A5  C2 7C C3
	ld a,0x01                     ; C2A8  3E 01
	ld (GAME_VARS+0x4),a          ; C2AA  32 EE C2
	bit 2,b                       ; C2AD  CB 50
	jp nz,L_C374                  ; C2AF  C2 74 C3
	bit 3,b                       ; C2B2  CB 58
	jp nz,L_C35D                  ; C2B4  C2 5D C3
	xor a                         ; C2B7  AF
	ld (GAME_VARS+0x4),a          ; C2B8  32 EE C2
	jp L_C3B1                     ; C2BB  C3 B1 C3

L_C2BE:
	call SFX_64B9                 ; C2BE  CD 88 D8
	ld a,(GAME_VARS+0x3)          ; C2C1  3A ED C2
	cp 0x10                       ; C2C4  FE 10
	jr c,L_C2DC                   ; C2C6  38 14
	ld a,(L_CA2C+0x1)             ; C2C8  3A 2D CA
	ld b,a                        ; C2CB  47
	ld a,(GAME_VARS+0x3)          ; C2CC  3A ED C2
	sub 0x0F                      ; C2CF  D6 0F
	cp b                          ; C2D1  B8
	jr nc,L_C2D5                  ; C2D2  30 01
	ld b,a                        ; C2D4  47
L_C2D5:
	push bc                       ; C2D5  C5
	call L_CA2C                   ; C2D6  CD 2C CA
	pop bc                        ; C2D9  C1
	djnz L_C2D5                   ; C2DA  10 F9
L_C2DC:
	xor a                         ; C2DC  AF
	ld (GAME_VARS+0x3),a          ; C2DD  32 ED C2
	ret                           ; C2E0  C9

L_C2E1:
	ld a,(GAME_VARS+0xE)          ; C2E1  3A F8 C2
	xor 0x80                      ; C2E4  EE 80
	ld (GAME_VARS+0xE),a          ; C2E6  32 F8 C2
	ret                           ; C2E9  C9

GAME_VARS:			; данные C2EA..C2FE (21 байт)
; главный блок переменных игры: 19 адресов, 105 обращений из живого кода
; (C2EA..C2FA, C2FC, C2FE)
	db	0x01,0x01,0x00,0x00,0x00,0x00,0x00,0x00,0x02,0x07,0x50,0x77,0x16,0x00,0x80,0x01	; C2EA
	db	0x20,0x4B,0x16,0x00,0x80	; C2FA
L_C2FF:
	ld hl,GAME_VARS               ; C2FF  21 EA C2
	ld de,GAME_VARS+0x1           ; C302  11 EB C2
	ld bc,0x14                    ; C305  01 14 00
	ld (hl),0x00                  ; C308  36 00
	ldir                          ; C30A  ED B0
	ld hl,0x4050                  ; C30C  21 50 40
	ld (GAME_VARS+0xA),hl         ; C30F  22 F4 C2
	ld hl,0x0103                  ; C312  21 03 01
	ld (GAME_VARS+0x8),hl         ; C315  22 F2 C2
	ld hl,0x0180                  ; C318  21 80 01
	ld (GAME_VARS+0xE),hl         ; C31B  22 F8 C2
	ret                           ; C31E  C9

L_C31F:
	ld a,(GAME_VARS)              ; C31F  3A EA C2
	or a                          ; C322  B7
	ret nz                        ; C323  C0

	ld a,(L_C037+0x1)             ; C324  3A 38 C0
	or a                          ; C327  B7
	ret nz                        ; C328  C0

	inc a                         ; C329  3C
	ld (GAME_VARS),a              ; C32A  32 EA C2
	ld hl,(GAME_VARS+0xA)         ; C32D  2A F4 C2
	ld (GAME_VARS+0x10),hl        ; C330  22 FA C2
	ld hl,(GAME_VARS+0xC)         ; C333  2A F6 C2
	ld (GAME_VARS+0x12),hl        ; C336  22 FC C2
	ld a,(GAME_VARS+0xE)          ; C339  3A F8 C2
	ld (GAME_VARS+0x14),a         ; C33C  32 FE C2
	ret                           ; C33F  C9

L_C340:
	ld a,(GAME_VARS+0xD)          ; C340  3A F7 C2
	or a                          ; C343  B7
	ret                           ; C344  C9

L_C345:
	call L_C42C                   ; C345  CD 2C C4
	call L_C5BB                   ; C348  CD BB C5
	call L_D87E                   ; C34B  CD 7E D8
	ld a,(GAME_VARS+0xE)          ; C34E  3A F8 C2
	ld b,a                        ; C351  47
	ld a,(GAME_VARS+0x7)          ; C352  3A F1 C2
	or b                          ; C355  B0
	ld bc,(GAME_VARS+0xA)         ; C356  ED 4B F4 C2
	jp L_D968                     ; C35A  C3 68 D9

L_C35D:
	ld a,(GAME_VARS+0xE)          ; C35D  3A F8 C2
	or a                          ; C360  B7
	jr nz,L_C369                  ; C361  20 06
L_C363:
	call L_C2E1                   ; C363  CD E1 C2
L_C366:
	jp L_C3B1                     ; C366  C3 B1 C3

L_C369:
	ld d,0x80                     ; C369  16 80
	call L_C595                   ; C36B  CD 95 C5
	jr nc,L_C366                  ; C36E  30 F6
	call L_C3E9                   ; C370  CD E9 C3
	ret                           ; C373  C9

L_C374:
	ld a,(GAME_VARS+0xE)          ; C374  3A F8 C2
	or a                          ; C377  B7
	jr z,L_C369                   ; C378  28 EF
	jr L_C363                     ; C37A  18 E7

L_C37C:
	call L_C340                   ; C37C  CD 40 C3
	jr nz,L_C387                  ; C37F  20 06
	ld a,0x05                     ; C381  3E 05
	ld (GAME_VARS+0x7),a          ; C383  32 F1 C2
	ret                           ; C386  C9

L_C387:
	call L_C3BA                   ; C387  CD BA C3
	ret nc                        ; C38A  D0

	call L_C2E1                   ; C38B  CD E1 C2
	jr L_C3A3                     ; C38E  18 13

L_C390:
	call L_C340                   ; C390  CD 40 C3
	jp z,L_C541                   ; C393  CA 41 C5
	call L_C3A7                   ; C396  CD A7 C3
	call L_C2E1                   ; C399  CD E1 C2
	call L_C5BB                   ; C39C  CD BB C5
	ret z                         ; C39F  C8

	call L_C2E1                   ; C3A0  CD E1 C2
L_C3A3:
	ld b,0x04                     ; C3A3  06 04
	jr L_C3A9                     ; C3A5  18 02

L_C3A7:
	ld b,0xFC                     ; C3A7  06 FC
L_C3A9:
	ld a,(GAME_VARS+0xA)          ; C3A9  3A F4 C2
	add a,b                       ; C3AC  80
	ld (GAME_VARS+0xA),a          ; C3AD  32 F4 C2
	ret                           ; C3B0  C9

L_C3B1:
	xor a                         ; C3B1  AF
	ld (GAME_VARS+0x7),a          ; C3B2  32 F1 C2
	inc a                         ; C3B5  3C
	ld (GAME_VARS+0xF),a          ; C3B6  32 F9 C2
	ret                           ; C3B9  C9

L_C3BA:
	xor a                         ; C3BA  AF
	ld d,0x40                     ; C3BB  16 40
	jr L_C3CC                     ; C3BD  18 0D

	ld bc,(0xBF23)                ; C3BF  ED 4B 23 BF  ; СТУХШИЙ ОПЕРАНД, должно быть C023
	ld de,0x2002                  ; C3C3  11 02 20
	jr L_C3D8                     ; C3C6  18 10

L_C3C8:
	ld a,0xDF                     ; C3C8  3E DF
	ld d,0x80                     ; C3CA  16 80
L_C3CC:
	ld bc,(GAME_VARS+0xA)         ; C3CC  ED 4B F4 C2
	add a,c                       ; C3D0  81
	cp 0x60                       ; C3D1  FE 60
	ccf                           ; C3D3  3F
	ret c                         ; C3D4  D8

	ld c,a                        ; C3D5  4F
L_C3D6:
	ld e,0x03                     ; C3D6  1E 03
L_C3D8:
	ld a,0x06                     ; C3D8  3E 06
	add a,b                       ; C3DA  80
	ld b,a                        ; C3DB  47
	push bc                       ; C3DC  C5
	call ATTR_ADDR                ; C3DD  CD 00 D7
	pop bc                        ; C3E0  C1
	ld a,(hl)                     ; C3E1  7E
	cp d                          ; C3E2  BA
	ret nc                        ; C3E3  D0

	dec e                         ; C3E4  1D
	jr nz,L_C3D8                  ; C3E5  20 F1
	scf                           ; C3E7  37
	ret                           ; C3E8  C9

L_C3E9:
	ld a,(GAME_VARS+0x7)          ; C3E9  3A F1 C2
	cp 0x05                       ; C3EC  FE 05
	jr c,L_C3F2                   ; C3EE  38 02
	ld a,0x01                     ; C3F0  3E 01
L_C3F2:
	ld b,a                        ; C3F2  47
	cp 0x04                       ; C3F3  FE 04
	jr nz,L_C3FE                  ; C3F5  20 07
	ld a,0xFF                     ; C3F7  3E FF
	ld (GAME_VARS+0xF),a          ; C3F9  32 F9 C2
	jr L_C40A                     ; C3FC  18 0C

L_C3FE:
	cp 0x01                       ; C3FE  FE 01
	jr nz,L_C407                  ; C400  20 05
	ld a,0x01                     ; C402  3E 01
	ld (GAME_VARS+0xF),a          ; C404  32 F9 C2
L_C407:
	ld a,(GAME_VARS+0xF)          ; C407  3A F9 C2
L_C40A:
	add a,b                       ; C40A  80
	ld (GAME_VARS+0x7),a          ; C40B  32 F1 C2
	ld a,(GAME_VARS+0xE)          ; C40E  3A F8 C2
	ld b,0xFD                     ; C411  06 FD
	or a                          ; C413  B7
	jr z,L_C418                   ; C414  28 02
	ld b,0x03                     ; C416  06 03
L_C418:
	ld a,(GAME_VARS+0xB)          ; C418  3A F5 C2
	add a,b                       ; C41B  80
	ld (GAME_VARS+0xB),a          ; C41C  32 F5 C2
	ret                           ; C41F  C9

L_C420:
	ld a,(GAME_VARS+0xE)          ; C420  3A F8 C2
	ld b,0xFE                     ; C423  06 FE
	or a                          ; C425  B7
	jr z,L_C418                   ; C426  28 F0
	ld b,0x02                     ; C428  06 02
	jr L_C418                     ; C42A  18 EC

L_C42C:
	ld hl,D_D508                  ; C42C  21 08 D5
	ld b,(hl)                     ; C42F  46
	inc hl                        ; C430  23
	ld c,(hl)                     ; C431  4E
	inc hl                        ; C432  23
	ld d,(hl)                     ; C433  56
	inc hl                        ; C434  23
	ld e,(hl)                     ; C435  5E
	ld hl,GAME_VARS+0xB           ; C436  21 F5 C2
	ld a,(hl)                     ; C439  7E
	cp 0xA9                       ; C43A  FE A9
	jr c,L_C454                   ; C43C  38 16
	call L_C46F                   ; C43E  CD 6F C4
	ld a,(hl)                     ; C441  7E
	cp 0xE6                       ; C442  FE E6
	jr c,L_C44F                   ; C444  38 09
	ld (hl),0xA8                  ; C446  36 A8
	ld a,d                        ; C448  7A
L_C449:
	ld (GAME_VARS+0xC),a          ; C449  32 F6 C2
	jp L_D719                     ; C44C  C3 19 D7

L_C44F:
	ld (hl),0x00                  ; C44F  36 00
	ld a,e                        ; C451  7B
	jr L_C449                     ; C452  18 F5

L_C454:
	dec hl                        ; C454  2B
	ld a,(hl)                     ; C455  7E
	cp 0x20                       ; C456  FE 20
	jr c,L_C465                   ; C458  38 0B
	cp 0x61                       ; C45A  FE 61
	ret c                         ; C45C  D8

	call L_C46F                   ; C45D  CD 6F C4
	ld (hl),0x20                  ; C460  36 20
	ld a,c                        ; C462  79
	jr L_C449                     ; C463  18 E4

L_C465:
	ld (hl),0x20                  ; C465  36 20
	call L_C46F                   ; C467  CD 6F C4
	ld (hl),0x60                  ; C46A  36 60
L_C46C:
	ld a,b                        ; C46C  78
	jr L_C449                     ; C46D  18 DA

L_C46F:
	push bc                       ; C46F  C5
	ld a,(GAME_VARS+0xC)          ; C470  3A F6 C2
	ld b,a                        ; C473  47
	ld a,(LEVEL_VARS)             ; C474  3A 7B CE
	cp b                          ; C477  B8
	jr nz,L_C48A                  ; C478  20 10
	push de                       ; C47A  D5
	push hl                       ; C47B  E5
	call L_C72B                   ; C47C  CD 2B C7
	xor a                         ; C47F  AF
	ld (D_D223),a                 ; C480  32 23 D2
	nop                           ; C483  00
	nop                           ; C484  00
	nop                           ; C485  00
	nop                           ; C486  00
	nop                           ; C487  00
	pop hl                        ; C488  E1
	pop de                        ; C489  D1
L_C48A:
	pop bc                        ; C48A  C1
	ret                           ; C48B  C9

L_C48C:
	call L_C747                   ; C48C  CD 47 C7
	xor a                         ; C48F  AF
	ld (GAME_VARS),a              ; C490  32 EA C2
	ret                           ; C493  C9

D_C494:			; данные C494..C496 (3 байт)
	db	0x00,0x00,0x00	; C494
	call 0xC647                   ; C497  CD 47 C6  ; СТУХШИЙ ОПЕРАНД, должно быть C747
	xor a                         ; C49A  AF
	ld (0xC1EA),a                 ; C49B  32 EA C1  ; СТУХШИЙ ОПЕРАНД, должно быть C2EA
	ret                           ; C49E  C9

L_C49F:
	ld a,(OBJ_BLOCK_C009)         ; C49F  3A 09 C0
	or a                          ; C4A2  B7
	ret nz                        ; C4A3  C0

	call L_C340                   ; C4A4  CD 40 C3
	ret nz                        ; C4A7  C0

L_C4A8:
	inc a                         ; C4A8  3C
	ld (GAME_VARS+0x5),a          ; C4A9  32 EF C2
	cp 0x05                       ; C4AC  FE 05
	jr z,L_C4E8                   ; C4AE  28 38
	ld b,0x08                     ; C4B0  06 08
	cp 0x02                       ; C4B2  FE 02
	jr c,L_C4E3                   ; C4B4  38 2D
	cp 0x03                       ; C4B6  FE 03
	jr nc,L_C4E3                  ; C4B8  30 29
	inc b                         ; C4BA  04
	cp 0x03                       ; C4BB  FE 03
	jr z,L_C4E3                   ; C4BD  28 24
	ld (OBJ_BLOCK_C009),a         ; C4BF  32 09 C0
	ld a,0x1C                     ; C4C2  3E 1C
	ld (OBJ_BLOCK_C009+0x6),a     ; C4C4  32 0F C0
	ld a,(GAME_VARS+0xC)          ; C4C7  3A F6 C2
	ld (OBJ_BLOCK_C009+0x1),a     ; C4CA  32 0A C0
	ld a,(GAME_VARS+0xE)          ; C4CD  3A F8 C2
	ld (OBJ_BLOCK_C009+0x7),a     ; C4D0  32 10 C0
	ld d,0xF8                     ; C4D3  16 F8
	or a                          ; C4D5  B7
	jr z,L_C4DA                   ; C4D6  28 02
	ld d,0x10                     ; C4D8  16 10
L_C4DA:
	ld hl,(GAME_VARS+0xA)         ; C4DA  2A F4 C2
	ld e,0xF6                     ; C4DD  1E F6
	add hl,de                     ; C4DF  19
	ld (OBJ_BLOCK_C009+0x4),hl    ; C4E0  22 0D C0
L_C4E3:
	ld a,b                        ; C4E3  78
	ld (GAME_VARS+0x7),a          ; C4E4  32 F1 C2
	ret                           ; C4E7  C9

L_C4E8:
	xor a                         ; C4E8  AF
	ld (GAME_VARS+0x5),a          ; C4E9  32 EF C2
	jp L_C3B1                     ; C4EC  C3 B1 C3

L_C4EF:
	call L_C3A3                   ; C4EF  CD A3 C3
	ld a,(GAME_VARS+0x3)          ; C4F2  3A ED C2
	inc a                         ; C4F5  3C
	ld (GAME_VARS+0x3),a          ; C4F6  32 ED C2
	ld a,(GAME_VARS+0x2)          ; C4F9  3A EC C2
	or a                          ; C4FC  B7
	jr z,L_C518                   ; C4FD  28 19
	dec a                         ; C4FF  3D
	ld (GAME_VARS+0x2),a          ; C500  32 EC C2
	or a                          ; C503  B7
	jr z,L_C514                   ; C504  28 0E
	ld a,(GAME_VARS+0x1)          ; C506  3A EB C2
	or a                          ; C509  B7
	jr z,L_C514                   ; C50A  28 08
	ld d,0x40                     ; C50C  16 40
	call L_C595                   ; C50E  CD 95 C5
	call c,L_C420                 ; C511  DC 20 C4
L_C514:
	ld a,0x07                     ; C514  3E 07
	jr L_C521                     ; C516  18 09

L_C518:
	ld (GAME_VARS+0x1),a          ; C518  32 EB C2
	inc a                         ; C51B  3C
	ld (GAME_VARS+0x2),a          ; C51C  32 EC C2
	ld a,0x06                     ; C51F  3E 06
L_C521:
	ld (GAME_VARS+0x7),a          ; C521  32 F1 C2
	ret                           ; C524  C9

L_C525:
	cp 0x07                       ; C525  FE 07
	jr z,L_C561                   ; C527  28 38
	inc a                         ; C529  3C
	ld (GAME_VARS+0x6),a          ; C52A  32 F0 C2
	call L_C3C8                   ; C52D  CD C8 C3
	call c,L_C3A7                 ; C530  DC A7 C3
	ld a,(GAME_VARS+0x1)          ; C533  3A EB C2
	or a                          ; C536  B7
	ret z                         ; C537  C8

	ld d,0x40                     ; C538  16 40
	call L_C595                   ; C53A  CD 95 C5
	call c,L_C420                 ; C53D  DC 20 C4
	ret                           ; C540  C9

L_C541:
	xor a                         ; C541  AF
	ld (GAME_VARS+0x9),a          ; C542  32 F3 C2
	inc a                         ; C545  3C
	ld (GAME_VARS+0x6),a          ; C546  32 F0 C2
	ld a,(GAME_VARS+0x4)          ; C549  3A EE C2
	ld b,0x00                     ; C54C  06 00
	or a                          ; C54E  B7
	jr z,L_C557                   ; C54F  28 06
	cp 0x05                       ; C551  FE 05
	jr nc,L_C557                  ; C553  30 02
	ld b,0x01                     ; C555  06 01
L_C557:
	ld a,b                        ; C557  78
	ld (GAME_VARS+0x1),a          ; C558  32 EB C2
	ld a,0x06                     ; C55B  3E 06
	ld (GAME_VARS+0x7),a          ; C55D  32 F1 C2
	ret                           ; C560  C9

L_C561:
	ld (GAME_VARS+0x2),a          ; C561  32 EC C2
L_C564:
	ld (GAME_VARS+0x9),a          ; C564  32 F3 C2
	xor a                         ; C567  AF
	ld (GAME_VARS+0x6),a          ; C568  32 F0 C2
	ret                           ; C56B  C9

	or a                          ; C56C  B7
	jr nz,L_C574                  ; C56D  20 05
	ld a,0xFA                     ; C56F  3E FA
	ld d,a                        ; C571  57
	jr L_C579                     ; C572  18 05

L_C574:
	ld a,0x10                     ; C574  3E 10
	add a,e                       ; C576  83
	ld d,0x06                     ; C577  16 06
L_C579:
	push bc                       ; C579  C5
	add a,b                       ; C57A  80
	cp 0xBC                       ; C57B  FE BC
	jr nc,L_C58E                  ; C57D  30 0F
	ld b,a                        ; C57F  47
	ld a,c                        ; C580  79
	sub 0x04                      ; C581  D6 04
	ld c,a                        ; C583  4F
	call 0xD600                   ; C584  CD 00 D6  ; СТУХШИЙ ОПЕРАНД, должно быть D700
	nop                           ; C587  00
	nop                           ; C588  00
	nop                           ; C589  00
	nop                           ; C58A  00
	ld a,(hl)                     ; C58B  7E
	cp 0x80                       ; C58C  FE 80
L_C58E:
	ex af,af'                     ; C58E  08
	pop bc                        ; C58F  C1
	ld a,b                        ; C590  78
	add a,d                       ; C591  82
	ld b,a                        ; C592  47
	ex af,af'                     ; C593  08
	ret                           ; C594  C9

L_C595:
	ld bc,(GAME_VARS+0xA)         ; C595  ED 4B F4 C2
	ld a,(GAME_VARS+0xE)          ; C599  3A F8 C2
	or a                          ; C59C  B7
	jr z,L_C5A3                   ; C59D  28 04
	ld a,0x16                     ; C59F  3E 16
	jr L_C5A5                     ; C5A1  18 02

L_C5A3:
	ld a,0x02                     ; C5A3  3E 02
L_C5A5:
	add a,b                       ; C5A5  80
	ld b,a                        ; C5A6  47
	dec c                         ; C5A7  0D
	ld e,0x04                     ; C5A8  1E 04
L_C5AA:
	push bc                       ; C5AA  C5
	call ATTR_ADDR                ; C5AB  CD 00 D7
	pop bc                        ; C5AE  C1
	ld a,(hl)                     ; C5AF  7E
	cp d                          ; C5B0  BA
	ret nc                        ; C5B1  D0

	ld a,c                        ; C5B2  79
	sub 0x08                      ; C5B3  D6 08
	ld c,a                        ; C5B5  4F
	dec e                         ; C5B6  1D
	jr nz,L_C5AA                  ; C5B7  20 F1
	scf                           ; C5B9  37
	ret                           ; C5BA  C9

L_C5BB:
	ld bc,(GAME_VARS+0xA)         ; C5BB  ED 4B F4 C2
	xor a                         ; C5BF  AF
	ld (GAME_VARS+0xD),a          ; C5C0  32 F7 C2
	ld a,c                        ; C5C3  79
	sub 0x1C                      ; C5C4  D6 1C
	ld c,a                        ; C5C6  4F
	ld e,0x03                     ; C5C7  1E 03
L_C5C9:
	ld a,b                        ; C5C9  78
	add a,0x06                    ; C5CA  C6 06
	ld b,a                        ; C5CC  47
	push bc                       ; C5CD  C5
	call ATTR_ADDR                ; C5CE  CD 00 D7
	pop bc                        ; C5D1  C1
	ld a,(hl)                     ; C5D2  7E
	cpl                           ; C5D3  2F
	and 0x20                      ; C5D4  E6 20
	ret nz                        ; C5D6  C0

	dec e                         ; C5D7  1D
	jr nz,L_C5C9                  ; C5D8  20 EF
	ld a,0x0A                     ; C5DA  3E 0A
	ld (GAME_VARS+0x7),a          ; C5DC  32 F1 C2
	ld (GAME_VARS+0xD),a          ; C5DF  32 F7 C2
	ret                           ; C5E2  C9

L_C5E3:
	ld a,(GAME_VARS+0xC)          ; C5E3  3A F6 C2
	cp 0x04                       ; C5E6  FE 04
	jr z,L_C624                   ; C5E8  28 3A
	cp 0x0D                       ; C5EA  FE 0D
	jr z,L_C63B                   ; C5EC  28 4D
	cp 0x18                       ; C5EE  FE 18
	jr z,L_C64D                   ; C5F0  28 5B
	cp 0x1F                       ; C5F2  FE 1F
	jr z,L_C664                   ; C5F4  28 6E
	cp 0x3D                       ; C5F6  FE 3D
	jp z,L_C683                   ; C5F8  CA 83 C6
	cp 0x4A                       ; C5FB  FE 4A
	jp z,L_C6AB                   ; C5FD  CA AB C6
	cp 0x4C                       ; C600  FE 4C
	jp z,L_C6E0                   ; C602  CA E0 C6
	cp 0x56                       ; C605  FE 56
	jp z,L_C70D                   ; C607  CA 0D C7
	cp 0x50                       ; C60A  FE 50
	ret nz                        ; C60C  C0

	ld hl,ROOM_MAPS+0x2105        ; C60D  21 4C A6
	call L_C75D                   ; C610  CD 5D C7
	ret c                         ; C613  D8

	ld a,0x1E                     ; C614  3E 1E
	ld (ROOM_MAPS+0x2090),a       ; C616  32 D7 A5
	ld hl,0x2F80                  ; C619  21 80 2F
	ld b,0x20                     ; C61C  06 20
	call L_C7A7                   ; C61E  CD A7 C7
	jp L_D107                     ; C621  C3 07 D1

L_C624:
	ld hl,ROOM_MAPS+0x201         ; C624  21 48 87
	call L_C75D                   ; C627  CD 5D C7
	ret c                         ; C62A  D8

	ld a,0x21                     ; C62B  3E 21
	ld (ROOM_MAPS+0x180),a        ; C62D  32 C7 86
	ld hl,0x2F28                  ; C630  21 28 2F
	ld b,0x20                     ; C633  06 20
	call L_C7A7                   ; C635  CD A7 C7
	jp L_D107                     ; C638  C3 07 D1

L_C63B:
	ld hl,ROOM_MAPS+0x597         ; C63B  21 DE 8A
	call L_C75D                   ; C63E  CD 5D C7
	ret c                         ; C641  D8

	ld a,0x28                     ; C642  3E 28
	ld (ROOM_MAPS+0x7B6),a        ; C644  32 FD 8C
L_C647:
	call SFX_64D7_x25             ; C647  CD F2 D7
	jp SFX_64D7_x25               ; C64A  C3 F2 D7

L_C64D:
	ld hl,ROOM_MAPS+0xA65         ; C64D  21 AC 8F
	call L_C75D                   ; C650  CD 5D C7
	ret c                         ; C653  D8

	ld a,0x1E                     ; C654  3E 1E
	ld (ROOM_MAPS+0x9F8),a        ; C656  32 3F 8F
	ld hl,0x1778                  ; C659  21 78 17
	ld b,0x38                     ; C65C  06 38
	call L_C7A7                   ; C65E  CD A7 C7
	jp L_D107                     ; C661  C3 07 D1

L_C664:
	ld hl,ROOM_MAPS+0xD67         ; C664  21 AE 92
	call L_C75D                   ; C667  CD 5D C7
	ret c                         ; C66A  D8

	ld a,0x1D                     ; C66B  3E 1D
	ld (ROOM_MAPS+0xC7C),a        ; C66D  32 C3 91
	ld a,(LEVEL_VARS)             ; C670  3A 7B CE
	cp 0x1E                       ; C673  FE 1E
	jp nz,SFX_64D7_x25            ; C675  C2 F2 D7
	ld hl,0x6880                  ; C678  21 80 68
	ld b,0x47                     ; C67B  06 47
	call L_C7A7                   ; C67D  CD A7 C7
	jp L_D107                     ; C680  C3 07 D1

L_C683:
	ld hl,ROOM_MAPS+0x1933        ; C683  21 7A 9E
	call L_C75D                   ; C686  CD 5D C7
	ret c                         ; C689  D8

L_C68A:
	ld a,0x12                     ; C68A  3E 12
	ld (ROOM_MAPS+0x1992),a       ; C68C  32 D9 9E
	ld a,0x14                     ; C68F  3E 14
	ld (ROOM_MAPS+0x19F8),a       ; C691  32 3F 9F
	call SFX_64D7_x25             ; C694  CD F2 D7
	jp L_D107                     ; C697  C3 07 D1

L_C69A:
	ld de,ROOM_MAPS+0x1DF3        ; C69A  11 3A A3
	ld hl,D_D508+0x4              ; C69D  21 0C D5
	ld bc,0x08                    ; C6A0  01 08 00
	ldir                          ; C6A3  ED B0
	call SFX_64D7                 ; C6A5  CD DA D7
	jp L_D107                     ; C6A8  C3 07 D1

L_C6AB:
	ld hl,ROOM_MAPS+0x1E3D        ; C6AB  21 84 A3
	call L_C75D                   ; C6AE  CD 5D C7
	jr nc,L_C69A                  ; C6B1  30 E7
	ld hl,ROOM_MAPS+0x1E39        ; C6B3  21 80 A3
	call L_C75D                   ; C6B6  CD 5D C7
	jr nc,L_C6D0                  ; C6B9  30 15
	ld hl,ROOM_MAPS+0x1E35        ; C6BB  21 7C A3
	call L_C75D                   ; C6BE  CD 5D C7
	ret c                         ; C6C1  D8

	ld a,0x14                     ; C6C2  3E 14
	ld (ROOM_MAPS+0x1E00),a       ; C6C4  32 47 A3
	ld hl,0x4950                  ; C6C7  21 50 49
	call L_8474                   ; C6CA  CD 74 84
	jp L_D107                     ; C6CD  C3 07 D1

L_C6D0:
	ld hl,0x0120                  ; C6D0  21 20 01
	ld a,0x06                     ; C6D3  3E 06
	call L_C819                   ; C6D5  CD 19 C8
	ld a,0x36                     ; C6D8  3E 36
	ld (ROOM_MAPS+0x1E39),a       ; C6DA  32 80 A3
	jp L_C725                     ; C6DD  C3 25 C7

L_C6E0:
	ld hl,ROOM_MAPS+0x1F1D        ; C6E0  21 64 A4
	call L_C75D                   ; C6E3  CD 5D C7
	jr nc,L_C6FD                  ; C6E6  30 15
	ld hl,ROOM_MAPS+0x1F19        ; C6E8  21 60 A4
	call L_C75D                   ; C6EB  CD 5D C7
	ret c                         ; C6EE  D8

	ld a,0x22                     ; C6EF  3E 22
	ld (ROOM_MAPS+0x1EBC),a       ; C6F1  32 03 A4
	ld hl,0x4A18                  ; C6F4  21 18 4A
	call L_8474                   ; C6F7  CD 74 84
	jp L_D107                     ; C6FA  C3 07 D1

L_C6FD:
	ld hl,0x0910                  ; C6FD  21 10 09
	ld a,0x07                     ; C700  3E 07
	call L_C819                   ; C702  CD 19 C8
	ld a,0x36                     ; C705  3E 36
	ld (ROOM_MAPS+0x1F1D),a       ; C707  32 64 A4
	jp L_C725                     ; C70A  C3 25 C7

L_C70D:
	ld hl,0x6360                  ; C70D  21 60 63
	ld bc,0x0205                  ; C710  01 05 02
	ld a,0xF1                     ; C713  3E F1
	call L_D028                   ; C715  CD 28 D0
	call L_CBD5                   ; C718  CD D5 CB
	nop                           ; C71B  00
	nop                           ; C71C  00
	nop                           ; C71D  00
	ld a,(L_CA2C+0x1)             ; C71E  3A 2D CA
	ld b,a                        ; C721  47
	call L_C2D5                   ; C722  CD D5 C2
L_C725:
	ld a,0x01                     ; C725  3E 01
L_C727:
	ld (L_C037+0x1),a             ; C727  32 38 C0
	ret                           ; C72A  C9

L_C72B:
	call L_D5F7                   ; C72B  CD F7 D5
L_C72E:
	ld a,(LEVEL_VARS)             ; C72E  3A 7B CE
	add a,0x80                    ; C731  C6 80
	ld b,a                        ; C733  47
	call L_D284                   ; C734  CD 84 D2
	ld a,(GAME_VARS+0xC)          ; C737  3A F6 C2
	call L_D26C                   ; C73A  CD 6C D2
	ld de,D_D508                  ; C73D  11 08 D5
	ld c,0x04                     ; C740  0E 04
	ldir                          ; C742  ED B0
	jp L_D79F                     ; C744  C3 9F D7

L_C747:
	call L_D5F1                   ; C747  CD F1 D5
L_C74A:
	ld a,(GAME_VARS+0xC)          ; C74A  3A F6 C2
	ld hl,0xF2B9                  ; C74D  21 B9 F2  ; СТУХШИЙ ОПЕРАНД, должно быть F3B9
	ld c,a                        ; C750  4F
	ld b,0x00                     ; C751  06 00
	add hl,bc                     ; C753  09
	ld (hl),0x80                  ; C754  36 80
	ld b,a                        ; C756  47
	call L_D284                   ; C757  CD 84 D2
	jp L_D792                     ; C75A  C3 92 D7

L_C75D:
	ld a,(hl)                     ; C75D  7E
	and 0x80                      ; C75E  E6 80
	jr z,L_C764                   ; C760  28 02
	scf                           ; C762  37
	ret                           ; C763  C9

L_C764:
	ld a,(GAME_VARS+0xB)          ; C764  3A F5 C2
	inc hl                        ; C767  23
	inc hl                        ; C768  23
	sub 0x08                      ; C769  D6 08
	cp (hl)                       ; C76B  BE
	ccf                           ; C76C  3F
	ret c                         ; C76D  D8

	add a,0x0E                    ; C76E  C6 0E
	cp (hl)                       ; C770  BE
	ret c                         ; C771  D8

	dec hl                        ; C772  2B
	ld a,(GAME_VARS+0xA)          ; C773  3A F4 C2
	sub 0x22                      ; C776  D6 22
	cp (hl)                       ; C778  BE
	ccf                           ; C779  3F
	ret c                         ; C77A  D8

	add a,0x06                    ; C77B  C6 06
	cp (hl)                       ; C77D  BE
	ret c                         ; C77E  D8

	dec hl                        ; C77F  2B
	ld (hl),0xB6                  ; C780  36 B6
	call L_DBCF                   ; C782  CD CF DB
	jp L_DC24                     ; C785  C3 24 DC

	ret z                         ; C788  C8

	nop                           ; C789  00
L_C78A:
	push bc                       ; C78A  C5
	push hl                       ; C78B  E5
	ld de,0x01                    ; C78C  11 01 00
	call 0xD3F8                   ; C78F  CD F8 D3  ; СТУХШИЙ ОПЕРАНД, должно быть D4F8
	pop hl                        ; C792  E1
	inc hl                        ; C793  23
	pop bc                        ; C794  C1
	djnz L_C78A                   ; C795  10 F3
	ret                           ; C797  C9

L_C798:
	ld a,(GAME_VARS+0xC)          ; C798  3A F6 C2
	ld d,a                        ; C79B  57
	ld a,(LEVEL_VARS)             ; C79C  3A 7B CE
	cp d                          ; C79F  BA
	jr z,L_C7A4                   ; C7A0  28 02
	xor a                         ; C7A2  AF
	ret                           ; C7A3  C9

L_C7A4:
	ld a,0x0C                     ; C7A4  3E 0C
	ret                           ; C7A6  C9

L_C7A7:
	ld c,0x20                     ; C7A7  0E 20
	push bc                       ; C7A9  C5
	call L_D73F                   ; C7AA  CD 3F D7
	ld (D_D508+0xC),a             ; C7AD  32 14 D5
	ld a,b                        ; C7B0  78
	ld (L_C7EB+0x1),a             ; C7B1  32 EC C7
	rlca                          ; C7B4  07
	ld (L_C7D6+0x1),a             ; C7B5  32 D7 C7
	ld b,l                        ; C7B8  45
	ld c,h                        ; C7B9  4C
	call SCR_ADDR_BIT14           ; C7BA  CD 70 D3
	ld (L_C7E3+0x1),hl            ; C7BD  22 E4 C7
	ld a,(D_D508+0xC)             ; C7C0  3A 14 D5
	add a,h                       ; C7C3  84
	ld h,a                        ; C7C4  67
	ld (L_C7F4+0x1),hl            ; C7C5  22 F5 C7
	pop bc                        ; C7C8  C1
	push bc                       ; C7C9  C5
	ld c,0x02                     ; C7CA  0E 02
	ld de,0xF58D                  ; C7CC  11 8D F5  ; СТУХШИЙ ОПЕРАНД, должно быть F68D
	call VDP_RD_STRIDE8           ; C7CF  CD B4 D4
	pop bc                        ; C7D2  C1
L_C7D3:
	push bc                       ; C7D3  C5
	ld b,0x00                     ; C7D4  06 00
L_C7D6:
	ld c,0x00                     ; C7D6  0E 00
	ld hl,0xF58F                  ; C7D8  21 8F F5  ; СТУХШИЙ ОПЕРАНД, должно быть F68F
	ld de,0xF58D                  ; C7DB  11 8D F5  ; СТУХШИЙ ОПЕРАНД, должно быть F68D
	ldir                          ; C7DE  ED B0
	call L_D736                   ; C7E0  CD 36 D7
L_C7E3:
	ld hl,0x00                    ; C7E3  21 00 00
	ld de,0xF58D                  ; C7E6  11 8D F5  ; СТУХШИЙ ОПЕРАНД, должно быть F68D
	ld c,0x02                     ; C7E9  0E 02
L_C7EB:
	ld b,0x00                     ; C7EB  06 00
	push bc                       ; C7ED  C5
	call VDP_WR_STRIDE8           ; C7EE  CD 1D D3
	ld de,0xF58D                  ; C7F1  11 8D F5  ; СТУХШИЙ ОПЕРАНД, должно быть F68D
L_C7F4:
	ld hl,0x00                    ; C7F4  21 00 00
	pop bc                        ; C7F7  C1
	call VDP_WR_STRIDE8           ; C7F8  CD 1D D3
	call SFX_64D7                 ; C7FB  CD DA D7
	pop bc                        ; C7FE  C1
	dec c                         ; C7FF  0D
	jr nz,L_C7D3                  ; C800  20 D1
	call SFX_64F5                 ; C802  CD 9A D8
	call L_C74A                   ; C805  CD 4A C7
	jp L_C72E                     ; C808  C3 2E C7

D_C80B:			; данные C80B..C818 (14 байт)
	db	0x00,0x00,0x00,0x00,0x00,0x00,0x00,0x00,0x00,0x00,0x00,0x00,0x00,0x00	; C80B
L_C819:
	ld (L_C884+0x1),a             ; C819  32 85 C8
	ld (L_C84B+0x1),a             ; C81C  32 4C C8
	ld (L_C83B+0x1),a             ; C81F  32 3C C8
	ld (L_C877+0x1),a             ; C822  32 78 C8
	call L_D73F                   ; C825  CD 3F D7
	ld (D_D508+0xC),a             ; C828  32 14 D5
	ld b,l                        ; C82B  45
	ld c,h                        ; C82C  4C
	call SCR_ADDR_BIT14           ; C82D  CD 70 D3
	ld (L_C871+0x1),hl            ; C830  22 72 C8
	ld a,(D_D508+0xC)             ; C833  3A 14 D5
	add a,h                       ; C836  84
	ld h,a                        ; C837  67
	ld (L_C87E+0x1),hl            ; C838  22 7F C8
L_C83B:
	ld c,0x00                     ; C83B  0E 00
	ld b,0x45                     ; C83D  06 45
	ld de,0xF594                  ; C83F  11 94 F5  ; СТУХШИЙ ОПЕРАНД, должно быть F694
	call VDP_RD_STRIDE8           ; C842  CD B4 D4
	ex de,hl                      ; C845  EB
	dec hl                        ; C846  2B
	ld (L_C868+0x1),hl            ; C847  22 69 C8
	push hl                       ; C84A  E5
L_C84B:
	ld de,0x00                    ; C84B  11 00 00
	and a                         ; C84E  A7
	sbc hl,de                     ; C84F  ED 52
	ld (L_C865+0x1),hl            ; C851  22 66 C8
	pop hl                        ; C854  E1
	ld de,0xF594                  ; C855  11 94 F5  ; СТУХШИЙ ОПЕРАНД, должно быть F694
	and a                         ; C858  A7
	sbc hl,de                     ; C859  ED 52
	ld (L_C862+0x1),hl            ; C85B  22 63 C8
	ld bc,0x4530                  ; C85E  01 30 45
L_C861:
	push bc                       ; C861  C5
L_C862:
	ld bc,0x00                    ; C862  01 00 00
L_C865:
	ld hl,0x00                    ; C865  21 00 00
L_C868:
	ld de,0x00                    ; C868  11 00 00
	lddr                          ; C86B  ED B8
	ex de,hl                      ; C86D  EB
	call L_D736                   ; C86E  CD 36 D7
L_C871:
	ld hl,0x00                    ; C871  21 00 00
	ld de,0xF594                  ; C874  11 94 F5  ; СТУХШИЙ ОПЕРАНД, должно быть F694
L_C877:
	ld c,0x00                     ; C877  0E 00
	ld b,0x45                     ; C879  06 45
	call VDP_WR_STRIDE8           ; C87B  CD 1D D3
L_C87E:
	ld hl,0x00                    ; C87E  21 00 00
	ld de,0xF594                  ; C881  11 94 F5  ; СТУХШИЙ ОПЕРАНД, должно быть F694
L_C884:
	ld c,0x00                     ; C884  0E 00
	ld b,0x45                     ; C886  06 45
	call VDP_WR_STRIDE8           ; C888  CD 1D D3
	call SFX_64D7                 ; C88B  CD DA D7
	pop bc                        ; C88E  C1
	dec c                         ; C88F  0D
	jr nz,L_C861                  ; C890  20 CF
	ret                           ; C892  C9

	ret nz                        ; C893  C0

	jp c,0xE1C7                   ; C894  DA C7 E1  ; СТУХШИЙ ОПЕРАНД, должно быть E2C7
	ld de,0xF594                  ; C897  11 94 F5  ; СТУХШИЙ ОПЕРАНД, должно быть F694
	and a                         ; C89A  A7
	sbc hl,de                     ; C89B  ED 52
	ld (0xC7A5),hl                ; C89D  22 A5 C7  ; СТУХШИЙ ОПЕРАНД, должно быть C8A5
	ld bc,0x4517                  ; C8A0  01 17 45
L_C8A3:
	push bc                       ; C8A3  C5
	ld bc,0x00                    ; C8A4  01 00 00
	ld hl,0x00                    ; C8A7  21 00 00
	ld de,0x00                    ; C8AA  11 00 00
	lddr                          ; C8AD  ED B8
	ex de,hl                      ; C8AF  EB
	call 0xD636                   ; C8B0  CD 36 D6  ; СТУХШИЙ ОПЕРАНД, должно быть D736
	ld hl,0x00                    ; C8B3  21 00 00
	ld de,0xF594                  ; C8B6  11 94 F5  ; СТУХШИЙ ОПЕРАНД, должно быть F694
	ld c,0x00                     ; C8B9  0E 00
	ld b,0x45                     ; C8BB  06 45
	call 0xD21D                   ; C8BD  CD 1D D2  ; СТУХШИЙ ОПЕРАНД, должно быть D31D
	ld hl,0x00                    ; C8C0  21 00 00
	ld de,0xF594                  ; C8C3  11 94 F5  ; СТУХШИЙ ОПЕРАНД, должно быть F694
	ld c,0x00                     ; C8C6  0E 00
	ld b,0x45                     ; C8C8  06 45
	call 0xD21D                   ; C8CA  CD 1D D2  ; СТУХШИЙ ОПЕРАНД, должно быть D31D
	pop bc                        ; C8CD  C1
	dec c                         ; C8CE  0D
	jr nz,L_C8A3                  ; C8CF  20 D2
	ret                           ; C8D1  C9

D_C8D2:			; данные C8D2..C8DA (9 байт)
	db	0x45,0xCD,0x1D,0xD2,0xC1,0x0D,0x20,0xD2,0xC9	; C8D2
L_C8DB:
	ld iy,OBJ_TABLE_B7A2          ; C8DB  FD 21 A2 B7
	ld b,0x14                     ; C8DF  06 14
L_C8E1:
	push bc                       ; C8E1  C5
	call L_C96A                   ; C8E2  CD 6A C9
	ld a,(GAME_VARS+0xC)          ; C8E5  3A F6 C2
	cp (iy+0x02)                  ; C8E8  FD BE 02
	jr nz,L_C922                  ; C8EB  20 35
	ld a,(iy+0x04)                ; C8ED  FD 7E 04
	and 0x7F                      ; C8F0  E6 7F
L_C8F2:
	jr nz,L_C90B                  ; C8F2  20 17
	ld a,(L_C037+0x1)             ; C8F4  3A 38 C0
	or a                          ; C8F7  B7
	jr nz,L_C90B                  ; C8F8  20 11
	call L_C94B                   ; C8FA  CD 4B C9
	ld b,(iy+0x01)                ; C8FD  FD 46 01
	ld c,(iy+0x00)                ; C900  FD 4E 00
	ld a,0x1E                     ; C903  3E 1E
	call L_CA26                   ; C905  CD 26 CA
	call L_BE42                   ; C908  CD 42 BE
L_C90B:
	ld a,(iy+0x03)                ; C90B  FD 7E 03
	and 0x3F                      ; C90E  E6 3F
	ld b,a                        ; C910  47
	ld a,(iy+0x04)                ; C911  FD 7E 04
	and 0x80                      ; C914  E6 80
	or b                          ; C916  B0
	ld b,(iy+0x01)                ; C917  FD 46 01
	ld c,(iy+0x00)                ; C91A  FD 4E 00
	call L_D1A0                   ; C91D  CD A0 D1
	jr L_C942                     ; C920  18 20

L_C922:
	ld a,(LEVEL_VARS)             ; C922  3A 7B CE
	cp (iy+0x02)                  ; C925  FD BE 02
	jr nz,L_C942                  ; C928  20 18
	ld b,(iy+0x01)                ; C92A  FD 46 01
	ld a,(iy+0x00)                ; C92D  FD 7E 00
	add a,0x60                    ; C930  C6 60
	ld c,a                        ; C932  4F
	ld a,(iy+0x03)                ; C933  FD 7E 03
	and 0x3F                      ; C936  E6 3F
	ld d,a                        ; C938  57
	ld a,(iy+0x04)                ; C939  FD 7E 04
	and 0x80                      ; C93C  E6 80
	or d                          ; C93E  B2
	call L_D1A0                   ; C93F  CD A0 D1
L_C942:
	ld bc,0x09                    ; C942  01 09 00
	add iy,bc                     ; C945  FD 09
	pop bc                        ; C947  C1
	djnz L_C8E1                   ; C948  10 97
	ret                           ; C94A  C9

L_C94B:
	ld a,r                        ; C94B  ED 5F
	and 0x7F                      ; C94D  E6 7F
	cp 0x6E                       ; C94F  FE 6E
	ret c                         ; C951  D8

	ld hl,(GAME_VARS+0xA)         ; C952  2A F4 C2
	ld a,(iy+0x01)                ; C955  FD 7E 01
	ld b,(iy+0x04)                ; C958  FD 46 04
	cp h                          ; C95B  BC
	jr nc,L_C963                  ; C95C  30 05
	ld a,b                        ; C95E  78
L_C95F:
	and 0x7F                      ; C95F  E6 7F
	jr L_C966                     ; C961  18 03

L_C963:
	ld a,b                        ; C963  78
	or 0x80                       ; C964  F6 80
L_C966:
	ld (iy+0x04),a                ; C966  FD 77 04
	ret                           ; C969  C9

L_C96A:
	ld a,(iy+0x04)                ; C96A  FD 7E 04
	and 0x7F                      ; C96D  E6 7F
	jr z,L_C975                   ; C96F  28 04
	dec (iy+0x04)                 ; C971  FD 35 04
	ret                           ; C974  C9

L_C975:
	call L_CDF1                   ; C975  CD F1 CD
	ld a,(iy+0x04)                ; C978  FD 7E 04
	and 0x80                      ; C97B  E6 80
	ld a,(iy+0x01)                ; C97D  FD 7E 01
L_C980:
	jr nz,L_C98C                  ; C980  20 0A
	add a,0x03                    ; C982  C6 03
	ld b,(iy+0x05)                ; C984  FD 46 05
	ld c,(iy+0x06)                ; C987  FD 4E 06
	jr L_C994                     ; C98A  18 08

L_C98C:
	sub 0x03                      ; C98C  D6 03
	ld b,(iy+0x07)                ; C98E  FD 46 07
	ld c,(iy+0x08)                ; C991  FD 4E 08
L_C994:
	ld (iy+0x01),a                ; C994  FD 77 01
	ld a,(iy+0x02)                ; C997  FD 7E 02
	cp b                          ; C99A  B8
	jr nz,L_C9AE                  ; C99B  20 11
	ld a,(iy+0x01)                ; C99D  FD 7E 01
	cp c                          ; C9A0  B9
	jr nz,L_C9AE                  ; C9A1  20 0B
	ld a,(iy+0x04)                ; C9A3  FD 7E 04
	xor 0x80                      ; C9A6  EE 80
	ld (iy+0x04),a                ; C9A8  FD 77 04
	call L_C96A                   ; C9AB  CD 6A C9
L_C9AE:
	ld a,(iy+0x01)                ; C9AE  FD 7E 01
	cp 0xE6                       ; C9B1  FE E6
	jr nc,L_C9D5                  ; C9B3  30 20
	cp 0xA3                       ; C9B5  FE A3
	ret c                         ; C9B7  D8

	ld b,(iy+0x02)                ; C9B8  FD 46 02
	inc (iy+0x02)                 ; C9BB  FD 34 02
	ld a,(GAME_VARS+0xC)          ; C9BE  3A F6 C2
	cp b                          ; C9C1  B8
	jr nz,L_C9C9                  ; C9C2  20 05
	call THUNK_CDC5_D00           ; C9C4  CD FE D4
	jr L_C9D0                     ; C9C7  18 07

L_C9C9:
	ld a,(LEVEL_VARS)             ; C9C9  3A 7B CE
	cp b                          ; C9CC  B8
	call z,THUNK_CDC5_D60         ; C9CD  CC 03 D5
L_C9D0:
	ld (iy+0x01),0x00             ; C9D0  FD 36 01 00
	ret                           ; C9D4  C9

L_C9D5:
	ld b,(iy+0x02)                ; C9D5  FD 46 02
	dec (iy+0x02)                 ; C9D8  FD 35 02
	ld a,(GAME_VARS+0xC)          ; C9DB  3A F6 C2
	cp b                          ; C9DE  B8
	jr nz,L_C9E6                  ; C9DF  20 05
	call THUNK_CDC5_D00           ; C9E1  CD FE D4
	jr L_C9ED                     ; C9E4  18 07

L_C9E6:
	ld a,(LEVEL_VARS)             ; C9E6  3A 7B CE
	cp b                          ; C9E9  B8
	call z,THUNK_CDC5_D60         ; C9EA  CC 03 D5
L_C9ED:
	ld (iy+0x01),0xA2             ; C9ED  FD 36 01 A2
	ret                           ; C9F1  C9

L_C9F2:
	ld de,0x1C00                  ; C9F2  11 00 1C
	ld (L_CA08+0x1),a             ; C9F5  32 09 CA
	ld (L_CA0C+0x1),a             ; C9F8  32 0D CA
	ld a,(GAME_VARS+0x7)          ; C9FB  3A F1 C2
	cp 0x05                       ; C9FE  FE 05
	jr nz,L_CA04                  ; CA00  20 02
	ld d,0x14                     ; CA02  16 14
L_CA04:
	ld hl,(GAME_VARS+0xA)         ; CA04  2A F4 C2
	ld a,l                        ; CA07  7D
L_CA08:
	add a,0x1E                    ; CA08  C6 1E
	cp c                          ; CA0A  B9
	ret c                         ; CA0B  D8

L_CA0C:
	sub 0x1E                      ; CA0C  D6 1E
	sub d                         ; CA0E  92
	cp 0xE6                       ; CA0F  FE E6
	jr c,L_CA14                   ; CA11  38 01
	xor a                         ; CA13  AF
L_CA14:
	cp c                          ; CA14  B9
	ret nc                        ; CA15  D0

	ld a,h                        ; CA16  7C
	add a,0x0C                    ; CA17  C6 0C
	cp b                          ; CA19  B8
	ret c                         ; CA1A  D8

	sub 0x20                      ; CA1B  D6 20
	cp 0xE6                       ; CA1D  FE E6
	jr c,L_CA22                   ; CA1F  38 01
	xor a                         ; CA21  AF
L_CA22:
	cp b                          ; CA22  B8
	ret nc                        ; CA23  D0

	inc e                         ; CA24  1C
	ret                           ; CA25  C9

L_CA26:
	call L_C9F2                   ; CA26  CD F2 C9
	xor a                         ; CA29  AF
	cp e                          ; CA2A  BB
	ret z                         ; CA2B  C8

L_CA2C:
	ld a,0x13                     ; CA2C  3E 13
	dec a                         ; CA2E  3D
	push af                       ; CA2F  F5
	ld (L_CA2C+0x1),a             ; CA30  32 2D CA
	push af                       ; CA33  F5
	and 0x38                      ; CA34  E6 38
	ld c,a                        ; CA36  4F
	pop af                        ; CA37  F1
	and 0x07                      ; CA38  E6 07
	ld b,0x00                     ; CA3A  06 00
	ld hl,0x48C9                  ; CA3C  21 C9 48
	add hl,bc                     ; CA3F  09
	sub 0x08                      ; CA40  D6 08
	neg                           ; CA42  ED 44
	ld b,a                        ; CA44  47
	ld a,0xFF                     ; CA45  3E FF
L_CA47:
	sla a                         ; CA47  CB 27
	djnz L_CA47                   ; CA49  10 FC
	and 0x7F                      ; CA4B  E6 7F
	ld bc,0x07                    ; CA4D  01 07 00
	call VDP_FILL                 ; CA50  CD 11 D4
	ld hl,0x1388                  ; CA53  21 88 13
	ld de,0x01                    ; CA56  11 01 00
	call SFX_64C8                 ; CA59  CD 94 D8
	pop af                        ; CA5C  F1
	ret nz                        ; CA5D  C0

	ld a,0x02                     ; CA5E  3E 02
	jp L_C727                     ; CA60  C3 27 C7

D_CA63:			; данные CA63..CA74 (18 байт)
	db	0xC9,0xCD,0xA7,0xCC,0x3A,0x7B,0xCD,0xC6,0x80,0x47,0xCD,0x84,0xD1,0x3A,0xF6,0xC1	; CA63
	db	0xCD,0x6C	; CA73
L_CA75:
	ld iy,LEVEL_VARS+0x1          ; CA75  FD 21 7C CE
	ld b,0x03                     ; CA79  06 03
	ld a,(LEVEL_VARS+0x7)         ; CA7B  3A 82 CE
	or a                          ; CA7E  B7
	jr nz,L_CA83                  ; CA7F  20 02
	ld b,0x01                     ; CA81  06 01
L_CA83:
	push bc                       ; CA83  C5
	ld a,(GAME_VARS+0xC)          ; CA84  3A F6 C2
	cp (iy+0x00)                  ; CA87  FD BE 00
	jr nz,L_CA96                  ; CA8A  20 0A
	call L_CAB5                   ; CA8C  CD B5 CA
	ld d,0x00                     ; CA8F  16 00
	call L_CAAB                   ; CA91  CD AB CA
	jr L_CAA3                     ; CA94  18 0D

L_CA96:
	ld a,(LEVEL_VARS)             ; CA96  3A 7B CE
	ld d,0x60                     ; CA99  16 60
	cp (iy+0x00)                  ; CA9B  FD BE 00
	jr nz,L_CAA3                  ; CA9E  20 03
L_CAA0:
	call L_CAAB                   ; CAA0  CD AB CA
L_CAA3:
	inc iy                        ; CAA3  FD 23
	inc iy                        ; CAA5  FD 23
	pop bc                        ; CAA7  C1
	djnz L_CA83                   ; CAA8  10 D9
	ret                           ; CAAA  C9

L_CAAB:
	ld l,(iy+0x0C)                ; CAAB  FD 6E 0C
	ld h,(iy+0x0D)                ; CAAE  FD 66 0D
	ld b,(iy+0x01)                ; CAB1  FD 46 01
	jp (hl)                       ; CAB4  E9
L_CAB5:
	ld a,(iy+0x06)                ; CAB5  FD 7E 06
	or a                          ; CAB8  B7
	ret nz                        ; CAB9  C0

	ld a,0xF6                     ; CABA  3E F6
	out (0xAA),a                  ; CABC  D3 AA
	nop                           ; CABE  00
	in a,(0xA9)                   ; CABF  DB A9
	bit 0,a                       ; CAC1  CB 47
	nop                           ; CAC3  00
	nop                           ; CAC4  00
	ret nz                        ; CAC5  C0

	ld b,(iy+0x01)                ; CAC6  FD 46 01
	ld a,(GAME_VARS+0xB)          ; CAC9  3A F5 C2
	add a,0x04                    ; CACC  C6 04
	cp b                          ; CACE  B8
	ret c                         ; CACF  D8

	sub 0x08                      ; CAD0  D6 08
	cp b                          ; CAD2  B8
	ret nc                        ; CAD3  D0

	ld a,0x01                     ; CAD4  3E 01
	ld (iy+0x06),a                ; CAD6  FD 77 06
	ld l,(iy+0x12)                ; CAD9  FD 6E 12
	ld h,(iy+0x13)                ; CADC  FD 66 13
	jp (hl)                       ; CADF  E9
L_CAE0:
	ret                           ; CAE0  C9

L_CAE1:
	ld a,0x07                     ; CAE1  3E 07
	out (0xA0),a                  ; CAE3  D3 A0
	ld a,0xFF                     ; CAE5  3E FF
	out (0xA1),a                  ; CAE7  D3 A1
	ld a,0x0E                     ; CAE9  3E 0E
	out (0xA0),a                  ; CAEB  D3 A0
	in a,(0xA2)                   ; CAED  DB A2
	and 0x1F                      ; CAEF  E6 1F
	cp 0x1F                       ; CAF1  FE 1F
	ret z                         ; CAF3  C8

	cpl                           ; CAF4  2F
	ld b,a                        ; CAF5  47
	pop hl                        ; CAF6  E1
L_CAF7:
	ret                           ; CAF7  C9

	push bc                       ; CAF8  C5
	ld a,0x1A                     ; CAF9  3E 1A
	call L_D1A0                   ; CAFB  CD A0 D1
	pop bc                        ; CAFE  C1
	ld a,b                        ; CAFF  78
	sub 0x08                      ; CB00  D6 08
	ld b,a                        ; CB02  47
	ld a,c                        ; CB03  79
	add a,0x08                    ; CB04  C6 08
	ld c,a                        ; CB06  4F
	pop af                        ; CB07  F1
	dec a                         ; CB08  3D
	jr nz,L_CAF7                  ; CB09  20 EC
	ret                           ; CB0B  C9

L_CB0C:
	ld hl,0x48C9                  ; CB0C  21 C9 48
	ld b,0x06                     ; CB0F  06 06
L_CB11:
	push bc                       ; CB11  C5
L_CB12:
	push hl                       ; CB12  E5
	ld a,0x77                     ; CB13  3E 77
	ld bc,0x07                    ; CB15  01 07 00
	call VDP_FILL                 ; CB18  CD 11 D4
	pop hl                        ; CB1B  E1
	ld a,0x08                     ; CB1C  3E 08
	add a,l                       ; CB1E  85
	ld l,a                        ; CB1F  6F
	pop bc                        ; CB20  C1
	djnz L_CB11                   ; CB21  10 EE
	ld a,0x2F                     ; CB23  3E 2F
	ld (L_CA2C+0x1),a             ; CB25  32 2D CA
	ret                           ; CB28  C9

DEAD_CB29:			; данные CB29..CB3C (20 байт)
; мёртвый обрывок: `jr nz` из него ведёт в середину инструкции по CB10, а
; хвост повторяет код по 84B1
	db	0x1D,0xD2,0x11,0x8D,0xF5,0x21,0x00,0x00,0xC1,0xCD,0x1D,0xD2,0xC1,0x0D,0x20,0xD7	; CB29
	db	0xC9,0x0E,0x20,0xFD	; CB39
L_CB3D:
	call L_D0CA                   ; CB3D  CD CA D0
	nop                           ; CB40  00
	nop                           ; CB41  00
	nop                           ; CB42  00
	call L_CE94                   ; CB43  CD 94 CE
	call L_DBE9                   ; CB46  CD E9 DB
	call L_CB0C                   ; CB49  CD 0C CB
	call L_D007                   ; CB4C  CD 07 D0
	call L_CF6A                   ; CB4F  CD 6A CF
	call L_C2FF                   ; CB52  CD FF C2
	call L_CB8D                   ; CB55  CD 8D CB
	ld hl,0xF2B9                  ; CB58  21 B9 F2  ; СТУХШИЙ ОПЕРАНД, должно быть F3B9
	ld de,0xF2BA                  ; CB5B  11 BA F2  ; СТУХШИЙ ОПЕРАНД, должно быть F3BA
	ld bc,0x56                    ; CB5E  01 56 00
	ld (hl),0x00                  ; CB61  36 00
	ldir                          ; CB63  ED B0
	xor a                         ; CB65  AF
	ld (D_CE42),a                 ; CB66  32 42 CE
	ld a,(LEVEL_VARS+0x1)         ; CB69  3A 7C CE
	ld (LEVEL_VARS),a             ; CB6C  32 7B CE
	call L_C48C                   ; CB6F  CD 8C C4
L_CB72:
	jp L_C72B                     ; CB72  C3 2B C7

D_CB75:			; данные CB75..CB7A (6 байт)
	db	0xCB,0x01,0x16,0xDD,0xCB,0x00	; CB75
L_CB7B:
	nop                           ; CB7B  00
	nop                           ; CB7C  00
	nop                           ; CB7D  00
	nop                           ; CB7E  00
	nop                           ; CB7F  00
	call SFX_64E6                 ; CB80  CD E5 D7
	ld a,(GAME_VARS+0x8)          ; CB83  3A F2 C2
	dec a                         ; CB86  3D
	ld (GAME_VARS+0x8),a          ; CB87  32 F2 C2
	jp L_CED8                     ; CB8A  C3 D8 CE

L_CB8D:
	ld hl,OBJ_ARRAY_INIT          ; CB8D  21 E6 CC
	ld de,OBJ_ARRAY_CCBF          ; CB90  11 BF CC
	ld bc,0x27                    ; CB93  01 27 00
	ldir                          ; CB96  ED B0
	xor a                         ; CB98  AF
	ld (L_C099+0x1),a             ; CB99  32 9A C0
	ld (D_BCD4),a                 ; CB9C  32 D4 BC
	ret                           ; CB9F  C9

	ld hl,0xB7F9                  ; CBA0  21 F9 B7  ; СТУХШИЙ ОПЕРАНД, должно быть B8F9
	ld de,0x0F1C                  ; CBA3  11 1C 0F
	ld b,0x13                     ; CBA6  06 13
	ld a,0x0F                     ; CBA8  3E 0F
	ld (0xBF9A),a                 ; CBAA  32 9A BF  ; СТУХШИЙ ОПЕРАНД, должно быть C09A
	jr L_CBBF                     ; CBAD  18 10

	ld hl,0xB80C                  ; CBAF  21 0C B8  ; СТУХШИЙ ОПЕРАНД, должно быть B90C
L_CBB2:
	ld de,0x0F1C                  ; CBB2  11 1C 0F
	jr L_CBBD                     ; CBB5  18 06

	ld hl,0xB817                  ; CBB7  21 17 B8  ; СТУХШИЙ ОПЕРАНД, должно быть B917
	ld de,0x111C                  ; CBBA  11 1C 11
L_CBBD:
	ld b,0x0B                     ; CBBD  06 0B
L_CBBF:
	call 0xCDF9                   ; CBBF  CD F9 CD  ; СТУХШИЙ ОПЕРАНД, должно быть CEF9
	ld b,0x00                     ; CBC2  06 00
	ld hl,0x01                    ; CBC4  21 01 00
	call 0xC68A                   ; CBC7  CD 8A C6  ; СТУХШИЙ ОПЕРАНД, должно быть C78A
	ld a,(0xCD42)                 ; CBCA  3A 42 CD  ; СТУХШИЙ ОПЕРАНД, должно быть CE42
	add a,0x0F                    ; CBCD  C6 0F
	ld (0xCD42),a                 ; CBCF  32 42 CD  ; СТУХШИЙ ОПЕРАНД, должно быть CE42
	jp 0xCA0C                     ; CBD2  C3 0C CA  ; СТУХШИЙ ОПЕРАНД, должно быть CB0C

L_CBD5:
	ld b,0x02                     ; CBD5  06 02
L_CBD7:
	push bc                       ; CBD7  C5
	ld de,GFX_B640                ; CBD8  11 40 B6
	call L_CBE8                   ; CBDB  CD E8 CB
	ld de,GFX_B640+0x50           ; CBDE  11 90 B6
	call L_CBE8                   ; CBE1  CD E8 CB
	pop bc                        ; CBE4  C1
	djnz L_CBD7                   ; CBE5  10 F0
	ret                           ; CBE7  C9

L_CBE8:
	ld hl,0x4360                  ; CBE8  21 60 43
	ld b,0x02                     ; CBEB  06 02
L_CBED:
	push bc                       ; CBED  C5
	ld bc,0x28                    ; CBEE  01 28 00
	push hl                       ; CBF1  E5
	call VDP_COPY_TO_VRAM         ; CBF2  CD 33 D4
	pop hl                        ; CBF5  E1
	inc h                         ; CBF6  24
	pop bc                        ; CBF7  C1
	djnz L_CBED                   ; CBF8  10 F3
	ld hl,0x00                    ; CBFA  21 00 00
L_CBFD:
	dec hl                        ; CBFD  2B
	ld a,h                        ; CBFE  7C
	or l                          ; CBFF  B5
L_CC00:
	jr nz,L_CBFD                  ; CC00  20 FB
	ret                           ; CC02  C9

	jr nz,L_CC00                  ; CC03  20 FB
	ret                           ; CC05  C9

D_CC06:			; данные CC06..CC07 (2 байт)
	db	0xFB,0xC9	; CC06
	ld c,0x00                     ; CC08  0E 00
	ld b,0x45                     ; CC0A  06 45
	call 0xD21D                   ; CC0C  CD 1D D2  ; СТУХШИЙ ОПЕРАНД, должно быть D31D
	pop bc                        ; CC0F  C1
L_CC10:
	dec c                         ; CC10  0D
	jr nz,L_CC10                  ; CC11  20 FD
	ld a,(hl)                     ; CC13  7E
	nop                           ; CC14  00
	or a                          ; CC15  B7
	jr z,L_CC1D                   ; CC16  28 05
	dec (iy+0x00)                 ; CC18  FD 35 00
	jr L_CC75                     ; CC1B  18 58

L_CC1D:
	ld l,(iy+0x01)                ; CC1D  FD 6E 01
	ld h,(iy+0x02)                ; CC20  FD 66 02
	ld a,(hl)                     ; CC23  7E
	inc hl                        ; CC24  23
	cp 0x0F                       ; CC25  FE 0F
	jr z,L_CCA8                   ; CC27  28 7F
	cp 0x0C                       ; CC29  FE 0C
	jr z,L_CC9F                   ; CC2B  28 72
	or a                          ; CC2D  B7
	jp z,0xCBB2                   ; CC2E  CA B2 CB  ; СТУХШИЙ ОПЕРАНД, должно быть CCB2
	ld e,a                        ; CC31  5F
	ld a,(hl)                     ; CC32  7E
	inc hl                        ; CC33  23
	ld (iy+0x00),a                ; CC34  FD 77 00
	ld (iy+0x01),l                ; CC37  FD 75 01
	ld (iy+0x02),h                ; CC3A  FD 74 02
	ld bc,0x00                    ; CC3D  01 00 00
	ld d,0x00                     ; CC40  16 00
	ld a,e                        ; CC42  7B
	and 0x0C                      ; CC43  E6 0C
	cp 0x08                       ; CC45  FE 08
	jr nz,L_CC4D                  ; CC47  20 04
	ld b,0x04                     ; CC49  06 04
	jr L_CC53                     ; CC4B  18 06

L_CC4D:
	cp 0x04                       ; CC4D  FE 04
	jr nz,L_CC53                  ; CC4F  20 02
	ld b,0xFC                     ; CC51  06 FC
L_CC53:
	ld a,e                        ; CC53  7B
	and 0x03                      ; CC54  E6 03
	cp 0x03                       ; CC56  FE 03
	jr nz,L_CC5E                  ; CC58  20 04
	ld d,0x01                     ; CC5A  16 01
	jr L_CC6C                     ; CC5C  18 0E

L_CC5E:
	cp 0x02                       ; CC5E  FE 02
	jr nz,L_CC66                  ; CC60  20 04
	ld c,0x02                     ; CC62  0E 02
	jr L_CC6C                     ; CC64  18 06

L_CC66:
	cp 0x01                       ; CC66  FE 01
	jr nz,L_CC6C                  ; CC68  20 02
	ld c,0xFE                     ; CC6A  0E FE
L_CC6C:
	ld (iy+0x0C),c                ; CC6C  FD 71 0C
	ld (iy+0x04),b                ; CC6F  FD 70 04
	ld (iy+0x05),d                ; CC72  FD 72 05
L_CC75:
	ld d,(iy+0x05)                ; CC75  FD 56 05
	ld c,(iy+0x04)                ; CC78  FD 4E 04
	ld b,(iy+0x0C)                ; CC7B  FD 46 0C
	ld a,(iy+0x0B)                ; CC7E  FD 7E 0B
	and 0x80                      ; CC81  E6 80
	ld e,a                        ; CC83  5F
	ld a,0xFE                     ; CC84  3E FE
	cp b                          ; CC86  B8
	jr z,L_CC92                   ; CC87  28 09
	ld a,0x02                     ; CC89  3E 02
	cp b                          ; CC8B  B8
	jr nz,L_CC94                  ; CC8C  20 06
	ld e,0x80                     ; CC8E  1E 80
	jr L_CC94                     ; CC90  18 02

L_CC92:
	ld e,0x00                     ; CC92  1E 00
L_CC94:
	ld a,(iy+0x07)                ; CC94  FD 7E 07
	add a,c                       ; CC97  81
	ld c,a                        ; CC98  4F
	ld a,(iy+0x08)                ; CC99  FD 7E 08
	add a,b                       ; CC9C  80
	ld b,a                        ; CC9D  47
	ret                           ; CC9E  C9

L_CC9F:
	ld e,(hl)                     ; CC9F  5E
	inc hl                        ; CCA0  23
	ld d,(hl)                     ; CCA1  56
	inc hl                        ; CCA2  23
	ld a,(de)                     ; CCA3  1A
	and 0x80                      ; CCA4  E6 80
	jr z,L_CCB2                   ; CCA6  28 0A
L_CCA8:
	ld a,r                        ; CCA8  ED 5F
	ld bc,0x02                    ; CCAA  01 02 00
	and 0x01                      ; CCAD  E6 01
	jr z,L_CCB2                   ; CCAF  28 01
	add hl,bc                     ; CCB1  09
L_CCB2:
	ld e,(hl)                     ; CCB2  5E
	inc hl                        ; CCB3  23
	ld d,(hl)                     ; CCB4  56
	ex de,hl                      ; CCB5  EB
	ld (iy+0x01),l                ; CCB6  FD 75 01
	ld (iy+0x02),h                ; CCB9  FD 74 02
	jp 0xCB1D                     ; CCBC  C3 1D CB  ; СТУХШИЙ ОПЕРАНД, должно быть CC1D

OBJ_ARRAY_CCBF:			; данные CCBF..CCE5 (39 байт)
; рабочий массив объектов: 3 записи по 0x0D байт (0x27 = 39 = 3*13 байт
; копирует ldir из CB8D). База для iy в блоке C0FB (там написано ld
; iy,0xCBBF — операнд не пережил сдвиг +0x100). Отдельные поля читает
; C083: CCC5, CCC8, CCD2, CCD5, CCDF. Указателей в записи НЕТ: пара
; iy+7/iy+8 читается как b,c (C1C2/C22C) и идёт в рисование спрайта
; координатами, а не адресом
	db	0x00,0x28,0x78,0x27,0x00,0x00,0x0B,0x50,0x32,0x00,0x2A,0x00,0x00,0x00,0x2E,0x78	; CCBF
	db	0x2B,0x00,0x00,0x32,0x50,0x80,0x00,0x2E,0x00,0x00,0x00,0x2B,0x78,0x2F,0x00,0x00	; CCCF
	db	0x53,0x30,0x52,0x00,0x30,0x00,0x00	; CCDF
OBJ_ARRAY_INIT:			; данные CCE6..CD0C (39 байт)
; начальные значения массива: CB8D делает ld hl,0xCCE6 / ld de,0xCCBF / ld
; bc,0x27 / ldir
	db	0x00,0x28,0x78,0x27,0x00,0x00,0x0B,0x50,0x32,0x00,0x2A,0x00,0x00,0x00,0x2E,0x78	; CCE6
	db	0x2B,0x00,0x00,0x32,0x50,0x80,0x00,0x2E,0x00,0x00,0x00,0x2B,0x78,0x2F,0x00,0x00	; CCF6
	db	0x53,0x30,0x52,0x00,0x30,0x00,0x00	; CD06
L_CD0D:
	call L_D0CA                   ; CD0D  CD CA D0
	ld hl,0x6000                  ; CD10  21 00 60
	ld bc,0x181F                  ; CD13  01 1F 18
	ld a,0x30                     ; CD16  3E 30
	call L_D028                   ; CD18  CD 28 D0
	ld hl,0xF2B9                  ; CD1B  21 B9 F2  ; СТУХШИЙ ОПЕРАНД, должно быть F3B9
	ld bc,0x5700                  ; CD1E  01 00 57
L_CD21:
	ld a,(hl)                     ; CD21  7E
	or a                          ; CD22  B7
	jr z,L_CD26                   ; CD23  28 01
	inc c                         ; CD25  0C
L_CD26:
	inc hl                        ; CD26  23
	djnz L_CD21                   ; CD27  10 F8
	srl c                         ; CD29  CB 39
	srl c                         ; CD2B  CB 39
	ld a,(D_CE42)                 ; CD2D  3A 42 CE
	add a,c                       ; CD30  81
	ld c,0x00                     ; CD31  0E 00
L_CD33:
	cp 0x0A                       ; CD33  FE 0A
	jr c,L_CD3C                   ; CD35  38 05
	sub 0x0A                      ; CD37  D6 0A
	inc c                         ; CD39  0C
	jr L_CD33                     ; CD3A  18 F7

L_CD3C:
	ld b,0x02                     ; CD3C  06 02
	ld hl,TEXT_ES+0x15            ; CD3E  21 F5 B6
L_CD41:
	and a                         ; CD41  A7
	jr z,L_CD48                   ; CD42  28 04
	add a,0x3A                    ; CD44  C6 3A
	jr L_CD4A                     ; CD46  18 02

L_CD48:
	ld a,0x44                     ; CD48  3E 44
L_CD4A:
	ld (hl),a                     ; CD4A  77
	dec hl                        ; CD4B  2B
	ld a,c                        ; CD4C  79
	djnz L_CD41                   ; CD4D  10 F2
	ld hl,TEXT_ES                 ; CD4F  21 E0 B6
	ld de,0x0808                  ; CD52  11 08 08
	ld b,0x29                     ; CD55  06 29
	call L_CEF9                   ; CD57  CD F9 CE
	jp MUS_TRACK_1                ; CD5A  C3 E7 E0

L_CD5D:
	ld a,0xF3                     ; CD5D  3E F3
	out (0xAA),a                  ; CD5F  D3 AA
	in a,(0xA9)                   ; CD61  DB A9
	bit 5,a                       ; CD63  CB 6F
	jr z,L_CD5D                   ; CD65  28 F6
L_CD67:
	ld b,0xF0                     ; CD67  06 F0
L_CD69:
	ld a,b                        ; CD69  78
	out (0xAA),a                  ; CD6A  D3 AA
	nop                           ; CD6C  00
	in a,(0xA9)                   ; CD6D  DB A9
	cp 0xFF                       ; CD6F  FE FF
	ret nz                        ; CD71  C0

	ld a,b                        ; CD72  78
	inc a                         ; CD73  3C
	ld b,a                        ; CD74  47
	cp 0xF9                       ; CD75  FE F9
	jr z,L_CD67                   ; CD77  28 EE
	jr L_CD69                     ; CD79  18 EE

L_CD7B:
	call L_CAE1                   ; CD7B  CD E1 CA
	push hl                       ; CD7E  E5
	push de                       ; CD7F  D5
	ld e,0x05                     ; CD80  1E 05
	ld hl,D_CD95                  ; CD82  21 95 CD
	ld b,0x00                     ; CD85  06 00
L_CD87:
	ld c,(hl)                     ; CD87  4E
	nop                           ; CD88  00
	call KBD_SCAN                 ; CD89  CD DF D4
	rl b                          ; CD8C  CB 10
	inc hl                        ; CD8E  23
	dec e                         ; CD8F  1D
	jr nz,L_CD87                  ; CD90  20 F5
	pop de                        ; CD92  D1
	pop hl                        ; CD93  E1
	ret                           ; CD94  C9

D_CD95:			; данные CD95..CD99 (5 байт)
	db	0x80,0x45,0x44,0x26,0x46	; CD95
L_CD9A:
	ld hl,0x6000                  ; CD9A  21 00 60
	ld a,0xF1                     ; CD9D  3E F1
	call L_CDB3                   ; CD9F  CD B3 CD
	ld hl,0x4000                  ; CDA2  21 00 40
	jr L_CDB2                     ; CDA5  18 0B

L_CDA7:
	ld hl,0x6C00                  ; CDA7  21 00 6C
	ld a,0xF1                     ; CDAA  3E F1
	call L_CDB3                   ; CDAC  CD B3 CD
	ld hl,0x4C00                  ; CDAF  21 00 4C
L_CDB2:
	xor a                         ; CDB2  AF
L_CDB3:
	ld e,0x0C                     ; CDB3  1E 0C
L_CDB5:
	ld bc,0xC0                    ; CDB5  01 C0 00
	push af                       ; CDB8  F5
	call VDP_FILL                 ; CDB9  CD 11 D4
	pop af                        ; CDBC  F1
	ld l,0x00                     ; CDBD  2E 00
	inc h                         ; CDBF  24
	dec e                         ; CDC0  1D
	jr nz,L_CDB5                  ; CDC1  20 F2
	ret                           ; CDC3  C9

D_CDC4:			; данные CDC4..CDCE (11 байт)
	db	0xC9,0xC9,0xC9,0xC9,0xC9,0xC9,0xC9,0xC9,0xC9,0xC9,0xC9	; CDC4
L_CDCF:
	ret                           ; CDCF  C9

L_CDD0:
	ld a,0xC9                     ; CDD0  3E C9
	ld (L_D8A8),a                 ; CDD2  32 A8 D8
	xor a                         ; CDD5  AF
	call L_D968                   ; CDD6  CD 68 D9
	ld a,0xE5                     ; CDD9  3E E5
	ld (L_D8A8),a                 ; CDDB  32 A8 D8
	ret                           ; CDDE  C9

	ex de,hl                      ; CDDF  EB
L_CDE0:
	ld (hl),0xD1                  ; CDE0  36 D1
	djnz L_CDE0                   ; CDE2  10 FC
	ret                           ; CDE4  C9

D_CDE5:			; данные CDE5..CDF0 (12 байт)
	db	0xC9,0xC9,0xC9,0xC9,0xC9,0xC9,0xC9,0xC9,0xC9,0xC9,0xC9,0xC9	; CDE5
L_CDF1:
	ld a,(iy+0x04)                ; CDF1  FD 7E 04
	and 0x7F                      ; CDF4  E6 7F
	ld a,(iy+0x03)                ; CDF6  FD 7E 03
L_CDF9:
	ret nz                        ; CDF9  C0

	ld b,0x01                     ; CDFA  06 01
	bit 6,a                       ; CDFC  CB 77
	jr z,L_CE02                   ; CDFE  28 02
	ld b,0x02                     ; CE00  06 02
L_CE02:
	bit 7,a                       ; CE02  CB 7F
	jr z,L_CE0B                   ; CE04  28 05
	sub b                         ; CE06  90
	xor 0x40                      ; CE07  EE 40
	jr L_CE0C                     ; CE09  18 01

L_CE0B:
	add a,b                       ; CE0B  80
L_CE0C:
	xor 0x80                      ; CE0C  EE 80
	ld (iy+0x03),a                ; CE0E  FD 77 03
	ret                           ; CE11  C9

L_CE12:
	call L_CE43                   ; CE12  CD 43 CE
	ld hl,0x70C8                  ; CE15  21 C8 70
	ld bc,0x0303                  ; CE18  01 03 03
	ld a,0xF1                     ; CE1B  3E F1
	jr L_CE34                     ; CE1D  18 15

L_CE1F:
	call L_CE43                   ; CE1F  CD 43 CE
	ld hl,0x6CC8                  ; CE22  21 C8 6C
	ld bc,0x0304                  ; CE25  01 04 03
	ld a,0xA0                     ; CE28  3E A0
	jr L_CE34                     ; CE2A  18 08

L_CE2C:
	ld hl,0x6CE8                  ; CE2C  21 E8 6C
	ld bc,0x0302                  ; CE2F  01 02 03
	ld a,0x50                     ; CE32  3E 50
L_CE34:
	call L_D028                   ; CE34  CD 28 D0
	ld a,(D_CE42)                 ; CE37  3A 42 CE
	add a,0x0F                    ; CE3A  C6 0F
	ld (D_CE42),a                 ; CE3C  32 42 CE
	jp RET_STUB                   ; CE3F  C3 F8 D4

D_CE42:			; данные CE42..CE42 (1 байт)
	db	0x00	; CE42
L_CE43:
	ld b,(iy+0x01)                ; CE43  FD 46 01
	ld c,0x38                     ; CE46  0E 38
	ld a,0x17                     ; CE48  3E 17
	jp L_CDCF                     ; CE4A  C3 CF CD

L_CE4D:
	ld a,(iy+0x06)                ; CE4D  FD 7E 06
	and a                         ; CE50  A7
	ret nz                        ; CE51  C0

	ld a,0x19                     ; CE52  3E 19
	jr L_CE72                     ; CE54  18 1C

L_CE56:
	ld e,0x17                     ; CE56  1E 17
	jr L_CE5C                     ; CE58  18 02

L_CE5A:
	ld e,0x18                     ; CE5A  1E 18
L_CE5C:
	ld a,(iy+0x06)                ; CE5C  FD 7E 06
	and a                         ; CE5F  A7
	jr nz,L_CE70                  ; CE60  20 0E
	ld a,e                        ; CE62  7B
	ex af,af'                     ; CE63  08
	ld a,0x39                     ; CE64  3E 39
	add a,d                       ; CE66  82
	ld c,a                        ; CE67  4F
	ex af,af'                     ; CE68  08
	push bc                       ; CE69  C5
	push de                       ; CE6A  D5
	call L_D1A0                   ; CE6B  CD A0 D1
	pop de                        ; CE6E  D1
	pop bc                        ; CE6F  C1
L_CE70:
	ld a,0x16                     ; CE70  3E 16
L_CE72:
	ex af,af'                     ; CE72  08
	ld a,0x50                     ; CE73  3E 50
	add a,d                       ; CE75  82
	ld c,a                        ; CE76  4F
	ex af,af'                     ; CE77  08
	jp L_D1A0                     ; CE78  C3 A0 D1

LEVEL_VARS:			; данные CE7B..CE87 (13 байт)
; переменные уровня: CE7B, CE7C, CE7E, CE80, CE82, CE84, CE86 — 22
; обращения из живого кода
	db	0x35,0x35,0x90,0x1C,0x80,0x0F,0x50,0x00,0x00,0x00,0x00,0x00,0x00	; CE7B
JUMP_TABLE_CE88:			; данные CE88..CE93 (12 байт)
; таблица переходов, 6 слов: CE5A, CE56, CE4D, CE12, CE1F, CE2C. Все шесть
; разобраны как код (точки входа в tools/entries.json)
	dw	L_CE5A	; CE88  5A CE
	dw	L_CE56	; CE8A  56 CE
	dw	L_CE4D	; CE8C  4D CE
	dw	L_CE12	; CE8E  12 CE
	dw	L_CE1F	; CE90  1F CE
	dw	L_CE2C	; CE92  2C CE
L_CE94:
	ld hl,SPR_BANK_E14B           ; CE94  21 4B E1
	ld (SPR_BANK_VAR+0x1),hl      ; CE97  22 53 D3
	ld bc,L_C95F+0x1              ; CE9A  01 60 C9
	ld a,0x17                     ; CE9D  3E 17
	call L_D302                   ; CE9F  CD 02 D3
	ld bc,L_C980                  ; CEA2  01 80 C9
	ld a,0x18                     ; CEA5  3E 18
	call L_D302                   ; CEA7  CD 02 D3
	ld bc,SPR_BANK_E14B+0x815     ; CEAA  01 60 E9
	ld a,0x19                     ; CEAD  3E 19
	call L_D302                   ; CEAF  CD 02 D3
	ld hl,SPR_DATA_AB76           ; CEB2  21 76 AB
	ld (SPR_BANK_VAR+0x1),hl      ; CEB5  22 53 D3
	ret                           ; CEB8  C9

	ld hl,0x3E                    ; CEB9  21 3E 00
	ld b,0x00                     ; CEBC  06 00
L_CEBE:
	in a,(0x1F)                   ; CEBE  DB 1F
	bit 5,a                       ; CEC0  CB 6F
	jr nz,L_CEC9                  ; CEC2  20 05
	djnz L_CEBE                   ; CEC4  10 F8
	ld hl,0x1FDB                  ; CEC6  21 DB 1F
L_CEC9:
	ld (0xCC7B),hl                ; CEC9  22 7B CC  ; СТУХШИЙ ОПЕРАНД, должно быть CD7B
	ret                           ; CECC  C9

L_CECD:
	ld de,0x18                    ; CECD  11 18 00
	ld b,0x7F                     ; CED0  06 7F
	ld hl,HUD_TILES               ; CED2  21 56 B8
	jp L_CEF9                     ; CED5  C3 F9 CE

L_CED8:
	ld de,0x011D                  ; CED8  11 1D 01
	ld hl,0x21E8                  ; CEDB  21 E8 21
L_CEDE:
	and a                         ; CEDE  A7
	jr z,L_CEEC                   ; CEDF  28 0B
	dec a                         ; CEE1  3D
	dec de                        ; CEE2  1B
	dec de                        ; CEE3  1B
	push af                       ; CEE4  F5
	ld a,l                        ; CEE5  7D
	sub 0x10                      ; CEE6  D6 10
	ld l,a                        ; CEE8  6F
	pop af                        ; CEE9  F1
	jr L_CEDE                     ; CEEA  18 F2

L_CEEC:
	ld a,0xA0                     ; CEEC  3E A0
	ld bc,0x0402                  ; CEEE  01 02 04
	call L_D028                   ; CEF1  CD 28 D0
	ld b,0x0B                     ; CEF4  06 0B
	ld hl,HUD_TILES+0x98          ; CEF6  21 EE B8
L_CEF9:
	push bc                       ; CEF9  C5
	push de                       ; CEFA  D5
	push hl                       ; CEFB  E5
	ld a,(hl)                     ; CEFC  7E
	cp 0x20                       ; CEFD  FE 20
	jr c,L_CF0E                   ; CEFF  38 0D
	call L_CF36                   ; CF01  CD 36 CF
	pop hl                        ; CF04  E1
	pop de                        ; CF05  D1
	inc hl                        ; CF06  23
	call L_CF19                   ; CF07  CD 19 CF
L_CF0A:
	pop bc                        ; CF0A  C1
	djnz L_CEF9                   ; CF0B  10 EC
	ret                           ; CF0D  C9

L_CF0E:
	pop hl                        ; CF0E  E1
	inc hl                        ; CF0F  23
	pop de                        ; CF10  D1
	ld b,a                        ; CF11  47
L_CF12:
	call L_CF19                   ; CF12  CD 19 CF
	djnz L_CF12                   ; CF15  10 FB
	jr L_CF0A                     ; CF17  18 F1

L_CF19:
	inc de                        ; CF19  13
	ld a,0x1F                     ; CF1A  3E 1F
	cp e                          ; CF1C  BB
	ret nc                        ; CF1D  D0

	ld e,0x00                     ; CF1E  1E 00
	inc d                         ; CF20  14
	ret                           ; CF21  C9

	jr nz,L_CF29                  ; CF22  20 05
	ld a,l                        ; CF24  7D
	sub 0x08                      ; CF25  D6 08
	ld l,a                        ; CF27  6F
	inc h                         ; CF28  24
L_CF29:
	inc l                         ; CF29  2C
	pop bc                        ; CF2A  C1
	dec b                         ; CF2B  05
	jp nz,0xD149                  ; CF2C  C2 49 D1  ; СТУХШИЙ ОПЕРАНД, должно быть D249
	ret                           ; CF2F  C9

D_CF30:			; данные CF30..CF35 (6 байт)
	db	0xC8,0xC1,0xC5,0xAF,0xBB,0xC4	; CF30
L_CF36:
	ld hl,HUD_TILES+0x8C          ; CF36  21 E2 B8
	ld bc,0x08                    ; CF39  01 08 00
L_CF3C:
	dec a                         ; CF3C  3D
	jr z,L_CF42                   ; CF3D  28 03
	add hl,bc                     ; CF3F  09
	jr L_CF3C                     ; CF40  18 FA

L_CF42:
	ex de,hl                      ; CF42  EB
	call L_CF5F                   ; CF43  CD 5F CF
	ld b,0x08                     ; CF46  06 08
L_CF48:
	call VDP_RD_BYTE              ; CF48  CD 20 D4
	ld c,a                        ; CF4B  4F
	ld a,(de)                     ; CF4C  1A
L_CF4D:
	nop                           ; CF4D  00
	call VDP_WR_BYTE              ; CF4E  CD 28 D4
	inc l                         ; CF51  2C
	inc de                        ; CF52  13
	djnz L_CF48                   ; CF53  10 F3
	nop                           ; CF55  00
	nop                           ; CF56  00
	nop                           ; CF57  00
	nop                           ; CF58  00
	nop                           ; CF59  00
	nop                           ; CF5A  00
	nop                           ; CF5B  00
	nop                           ; CF5C  00
	nop                           ; CF5D  00
	nop                           ; CF5E  00
L_CF5F:
	sla l                         ; CF5F  CB 25
	sla l                         ; CF61  CB 25
	sla l                         ; CF63  CB 25
	ret                           ; CF65  C9

	rla                           ; CF66  17
	sub h                         ; CF67  94
	ld h,a                        ; CF68  67
	ret                           ; CF69  C9

L_CF6A:
	ld b,0x0B                     ; CF6A  06 0B
	ld a,0x36                     ; CF6C  3E 36
	ld hl,PARAM_TABLE_CFAA+0x24   ; CF6E  21 CE CF
L_CF71:
	ld e,(hl)                     ; CF71  5E
	inc hl                        ; CF72  23
	ld d,(hl)                     ; CF73  56
	inc hl                        ; CF74  23
	ld (de),a                     ; CF75  12
	djnz L_CF71                   ; CF76  10 F9
	ld b,0x09                     ; CF78  06 09
L_CF7A:
	ld e,(hl)                     ; CF7A  5E
	inc hl                        ; CF7B  23
	ld d,(hl)                     ; CF7C  56
	inc hl                        ; CF7D  23
	ld a,(hl)                     ; CF7E  7E
	inc hl                        ; CF7F  23
	ld (de),a                     ; CF80  12
	djnz L_CF7A                   ; CF81  10 F7
	ld de,0x7F9C                  ; CF83  11 9C 7F
	ld bc,0x08                    ; CF86  01 08 00
	ldir                          ; CF89  ED B0
	ld a,r                        ; CF8B  ED 5F
	and 0x0F                      ; CF8D  E6 0F
	inc a                         ; CF8F  3C
	ld hl,PARAM_TABLE_CFAA        ; CF90  21 AA CF
L_CF93:
	dec a                         ; CF93  3D
	jr z,L_CF9A                   ; CF94  28 04
	inc hl                        ; CF96  23
	inc hl                        ; CF97  23
	jr L_CF93                     ; CF98  18 F9

L_CF9A:
	ld de,LEVEL_VARS+0x1          ; CF9A  11 7C CE
	ld bc,0x06                    ; CF9D  01 06 00
	ldir                          ; CFA0  ED B0
	xor a                         ; CFA2  AF
	ld b,0x06                     ; CFA3  06 06
L_CFA5:
	ld (de),a                     ; CFA5  12
	inc de                        ; CFA6  13
	djnz L_CFA5                   ; CFA7  10 FC
	ret                           ; CFA9  C9

PARAM_TABLE_CFAA:			; данные CFAA..D006 (93 байт)
; таблица параметров: живой код ни разу не переходит сюда и не читает
; отсюда по имени; начало повторяет структуру LEVEL_VARS (35 90 1C 80 0F
; 50)
	db	0x09,0x78,0x35,0x90,0x1C,0x80,0x0F,0x50,0x44,0x20,0x12,0x88,0x4D,0x24,0x23,0x3C	; CFAA
	db	0x43,0x60,0x3C,0x90,0x27,0x58,0x48,0x50,0x50,0x28,0x2E,0x50,0x1E,0x98,0x45,0x04	; CFBA
	db	0x1A,0x98,0x53,0x90	; CFCA
	dw	0x8648	; CFCE  48 86  ; СТУХШИЙ УКАЗАТЕЛЬ, должно быть 8748
	dw	0x89DE	; CFD0  DE 89  ; СТУХШИЙ УКАЗАТЕЛЬ, должно быть 8ADE
	dw	0x8EAC	; CFD2  AC 8E  ; СТУХШИЙ УКАЗАТЕЛЬ, должно быть 8FAC
	dw	0x91AE	; CFD4  AE 91  ; СТУХШИЙ УКАЗАТЕЛЬ, должно быть 92AE
	dw	0xA54C	; CFD6  4C A5  ; СТУХШИЙ УКАЗАТЕЛЬ, должно быть A64C
	dw	0x9D7A	; CFD8  7A 9D  ; СТУХШИЙ УКАЗАТЕЛЬ, должно быть 9E7A
	dw	0xA27C	; CFDA  7C A2  ; СТУХШИЙ УКАЗАТЕЛЬ, должно быть A37C
	dw	0xA280	; CFDC  80 A2  ; СТУХШИЙ УКАЗАТЕЛЬ, должно быть A380
	dw	0xA284	; CFDE  84 A2  ; СТУХШИЙ УКАЗАТЕЛЬ, должно быть A384
	dw	0xA360	; CFE0  60 A3  ; СТУХШИЙ УКАЗАТЕЛЬ, должно быть A460
	dw	0xA364	; CFE2  64 A3  ; СТУХШИЙ УКАЗАТЕЛЬ, должно быть A464
	dw	0x85C7	; CFE4  C7 85  ; СТУХШИЙ УКАЗАТЕЛЬ, должно быть 86C7
	db	0x23	; CFE6
	dw	0x8BFD	; CFE7  FD 8B  ; СТУХШИЙ УКАЗАТЕЛЬ, должно быть 8CFD
	db	0x2A	; CFE9
	dw	0x8E3F	; CFEA  3F 8E  ; СТУХШИЙ УКАЗАТЕЛЬ, должно быть 8F3F
	db	0x24	; CFEC
	dw	0x90C3	; CFED  C3 90  ; СТУХШИЙ УКАЗАТЕЛЬ, должно быть 91C3
	db	0x23	; CFEF
	dw	0x9DD9	; CFF0  D9 9D  ; СТУХШИЙ УКАЗАТЕЛЬ, должно быть 9ED9
	db	0x18	; CFF2
	dw	0x9E3F	; CFF3  3F 9E  ; СТУХШИЙ УКАЗАТЕЛЬ, должно быть 9F3F
	db	0x1A	; CFF5
	dw	0xA247	; CFF6  47 A2  ; СТУХШИЙ УКАЗАТЕЛЬ, должно быть A347
	db	0x15	; CFF8
	dw	0xA303	; CFF9  03 A3  ; СТУХШИЙ УКАЗАТЕЛЬ, должно быть A403
	db	0x23	; CFFB
	dw	0xA4D7	; CFFC  D7 A4  ; СТУХШИЙ УКАЗАТЕЛЬ, должно быть A5D7
	db	0x20,0x14,0x40,0x90,0xBD,0x14,0x30,0x90,0xBD	; CFFE
L_D007:
	ld hl,0x20C0                  ; D007  21 C0 20
	ld de,VRAM_COLOR_ROWS         ; D00A  11 22 B9
	ld c,0x18                     ; D00D  0E 18
L_D00F:
	push hl                       ; D00F  E5
	ld b,0x08                     ; D010  06 08
L_D012:
	push bc                       ; D012  C5
	ld bc,0x08                    ; D013  01 08 00
	ld a,(de)                     ; D016  1A
	call VDP_FILL                 ; D017  CD 11 D4
	inc de                        ; D01A  13
	ld bc,0x08                    ; D01B  01 08 00
	add hl,bc                     ; D01E  09
	pop bc                        ; D01F  C1
	djnz L_D012                   ; D020  10 F0
	pop hl                        ; D022  E1
	inc h                         ; D023  24
	dec c                         ; D024  0D
	jr nz,L_D00F                  ; D025  20 E8
	ret                           ; D027  C9

L_D028:
	rlc c                         ; D028  CB 01
	rlc c                         ; D02A  CB 01
	rlc c                         ; D02C  CB 01
L_D02E:
	push bc                       ; D02E  C5
	push hl                       ; D02F  E5
	ld b,0x00                     ; D030  06 00
	call VDP_FILL                 ; D032  CD 11 D4
	pop hl                        ; D035  E1
	ld bc,0x0100                  ; D036  01 00 01
	add hl,bc                     ; D039  09
	pop bc                        ; D03A  C1
	djnz L_D02E                   ; D03B  10 F1
	ret                           ; D03D  C9

L_D03E:
	call L_D0CA                   ; D03E  CD CA D0
	ld hl,0x2900                  ; D041  21 00 29
	ld bc,0x0100                  ; D044  01 00 01
	ld a,0xA1                     ; D047  3E A1
	call VDP_FILL                 ; D049  CD 11 D4
	inc h                         ; D04C  24
	ld bc,0x0100                  ; D04D  01 00 01
	ld a,0x71                     ; D050  3E 71
	call VDP_FILL                 ; D052  CD 11 D4
	inc h                         ; D055  24
	ld bc,0x0100                  ; D056  01 00 01
	ld a,0xC1                     ; D059  3E C1
	call VDP_FILL                 ; D05B  CD 11 D4
	ld a,0xA9                     ; D05E  3E A9
	ld (L_CF4D),a                 ; D060  32 4D CF
L_D063:
	ld b,0x06                     ; D063  06 06
	ld hl,TEXT_ES+0x29            ; D065  21 09 B7
	ld de,BUF_D090+0x14           ; D068  11 A4 D0
L_D06B:
	push bc                       ; D06B  C5
	ld a,(de)                     ; D06C  1A
	ld b,a                        ; D06D  47
	push hl                       ; D06E  E5
	push de                       ; D06F  D5
	ld de,0x1108                  ; D070  11 08 11
	call L_CEF9                   ; D073  CD F9 CE
	call L_D121                   ; D076  CD 21 D1
	pop de                        ; D079  D1
	pop hl                        ; D07A  E1
	ld a,(de)                     ; D07B  1A
	ld c,a                        ; D07C  4F
	ld b,0x00                     ; D07D  06 00
	add hl,bc                     ; D07F  09
	inc de                        ; D080  13
	pop bc                        ; D081  C1
	call L_D0AA                   ; D082  CD AA D0
	jr nz,L_D08B                  ; D085  20 04
	djnz L_D06B                   ; D087  10 E2
	jr L_D063                     ; D089  18 D8

L_D08B:
	xor a                         ; D08B  AF
	ld (L_CF4D),a                 ; D08C  32 4D CF
	ret                           ; D08F  C9

BUF_D090:			; данные D090..D0A9 (26 байт)
; 20 нулевых байт (буфер) + 6-байтная таблица D0A4..D0A9; процедура
; начинается только с D0AA
	db	0x00,0x00,0x00,0x00,0x00,0x00,0x00,0x00,0x00,0x00,0x00,0x00,0x00,0x00,0x00,0x00	; D090
	db	0x00,0x00,0x00,0x00,0x13,0x1D,0x1C,0x1E,0x18,0x17	; D0A0
L_D0AA:
	call L_D0AD                   ; D0AA  CD AD D0
L_D0AD:
	push bc                       ; D0AD  C5
	push hl                       ; D0AE  E5
	ld h,0x46                     ; D0AF  26 46
L_D0B1:
	ld b,0xF0                     ; D0B1  06 F0
L_D0B3:
	ld a,b                        ; D0B3  78
	out (0xAA),a                  ; D0B4  D3 AA
	in a,(0xA9)                   ; D0B6  DB A9
	cp 0xFF                       ; D0B8  FE FF
	jr nz,L_D0C7                  ; D0BA  20 0B
	inc b                         ; D0BC  04
	ld a,0xF9                     ; D0BD  3E F9
	cp b                          ; D0BF  B8
	jr z,L_D0B1                   ; D0C0  28 EF
	dec hl                        ; D0C2  2B
	ld a,h                        ; D0C3  7C
	or l                          ; D0C4  B5
	jr nz,L_D0B3                  ; D0C5  20 EC
L_D0C7:
	pop hl                        ; D0C7  E1
	pop bc                        ; D0C8  C1
	ret                           ; D0C9  C9

L_D0CA:
	ld hl,0x1B00                  ; D0CA  21 00 1B
	ld bc,0x80                    ; D0CD  01 80 00
	ld a,0xD1                     ; D0D0  3E D1
	call VDP_FILL                 ; D0D2  CD 11 D4
	ld bc,0x1800                  ; D0D5  01 00 18
	ld hl,0x00                    ; D0D8  21 00 00
	xor a                         ; D0DB  AF
	call VDP_FILL                 ; D0DC  CD 11 D4
	ld bc,0x1800                  ; D0DF  01 00 18
	ld hl,0x2000                  ; D0E2  21 00 20
	ld a,0x11                     ; D0E5  3E 11
	jp VDP_FILL                   ; D0E7  C3 11 D4

DEAD_D0EA:			; данные D0EA..D100 (23 байт)
; мёртвый хвост: его jr/djnz ведут в середину живой процедуры D0CA, а
; команды дословно повторяют её
	db	0xF1,0xD3,0x98,0x78,0xB1,0x20,0xE9,0xDD,0xE1,0x11,0x64,0x00,0xDD,0x19,0xE1,0xC1	; D0EA
	db	0x10,0xD7,0x01,0x00,0x18,0x21,0x00	; D0FA
