; Spirits (Topo Soft, 1987), MSX — STAGE2 [ОРИГИНАЛЬНАЯ РАСКЛАДКА]
; Восстановлено из ref/msx/SPIRITS.2.payload (канон сдвинут на +0x100),
; проверки — tools/verify_orig.py.
; Диапазон 82A0..D000 (19809 байт), entry 82A0
; Достижимый код 4980 байт, остальное — db (графика/таблицы).
;
; Абсолютных адресов 683: символом 683, числом 0. Относительных 231.
; Стухших нет: в этой раскладке операнды канона, которые сдвиг пропустил,
; и есть правильные — они выписаны символом по своему настоящему адресу.
; Пояснения к областям данных цитируют адреса КАНОНА +0x100: это разбор,
; а не операнды, и переписывать его автоматически нельзя.
; Разбор — docs/msx-relocation.md, § 7.
;
; Сгенерировано tools/disasm_msx.py --orig — правки вносить туда или в tools/entries.json.
; Наложения (цель внутри предыдущей инструкции): CB12

; Символы вне этого образа: резидентный слой (он копируется в верхнюю RAM
; из SPIRITS.1 — см. docs/msx-vdp-abi.md), копия в page 1, BIOS и цели,
; попавшие внутрь чужой инструкции. equ байтов не порождает — канон не
; трогается, а при смене org правится в одном месте.
BIOS_ENASLT:	equ	0x0024
BIOS_CHGCLR:	equ	0x0072
P1_RESIDENT:	equ	0x5000
P1_STACK_TOP:	equ	0x61A8
P1_HIMEM:	equ	0x6522
D_D000:	equ	0xD000
L_D007:	equ	0xD007
L_D021:	equ	0xD021
SCR_ADDR_BIT13:	equ	0xD092
L_D0A0:	equ	0xD0A0
L_D0F2:	equ	0xD0F2
D_D123:	equ	0xD123
L_D124:	equ	0xD124
L_D149:	equ	0xD149
L_D16C:	equ	0xD16C
L_D184:	equ	0xD184
L_D1C2:	equ	0xD1C2
L_D202:	equ	0xD202
VDP_WR_STRIDE8:	equ	0xD21D
SPR_BANK_VAR:	equ	0xD252
SCR_ADDR_BIT14:	equ	0xD270
VDP_FILL:	equ	0xD311
VDP_RD_BYTE:	equ	0xD320
VDP_WR_BYTE:	equ	0xD328
VDP_COPY_TO_VRAM:	equ	0xD333
VDP_RD_STRIDE8:	equ	0xD3B4
KBD_SCAN:	equ	0xD3DF
RET_STUB:	equ	0xD3F8
THUNK_CDC5_D00:	equ	0xD3FE
THUNK_CDC5_D60:	equ	0xD403
D_D408:	equ	0xD408
L_D4F1:	equ	0xD4F1
L_D4F7:	equ	0xD4F7
ATTR_ADDR:	equ	0xD600
L_D619:	equ	0xD619
L_D636:	equ	0xD636
L_D63F:	equ	0xD63F
KBD_CHK_F3B5:	equ	0xD684
L_D692:	equ	0xD692
L_D69F:	equ	0xD69F
SFX_64D7:	equ	0xD6DA
SFX_64E6:	equ	0xD6E5
SFX_64D7_x25:	equ	0xD6F2
L_D77E:	equ	0xD77E
SFX_64B9:	equ	0xD788
SFX_64C8:	equ	0xD794
SFX_64F5:	equ	0xD79A
L_D7A8:	equ	0xD7A8
L_D868:	equ	0xD868
L_D98E:	equ	0xD98E
L_DACF:	equ	0xDACF
L_DAE9:	equ	0xDAE9
L_DB24:	equ	0xDB24
MUS_TRACK_1:	equ	0xDFE7
MUS_TRACK_2:	equ	0xE019
SPR_BANK_E04B:	equ	0xE04B
WORK_RAM:	equ	0xF1A8
RG1SAV:	equ	0xF3E0
BDRCLR:	equ	0xF3EB
H_KEYI:	equ	0xFD9F
SSLOT_REG:	equ	0xFFFF

	org	0x82A0

STAGE2:
	ld b,0x80                     ; 82A0  06 80
L_82A2:
	push bc                       ; 82A2  C5
	call H_KEYI                   ; 82A3  CD 9F FD
	pop bc                        ; 82A6  C1
	djnz L_82A2                   ; 82A7  10 F9
	ld a,0xC9                     ; 82A9  3E C9
	ld (H_KEYI),a                 ; 82AB  32 9F FD
	ld hl,RG1SAV                  ; 82AE  21 E0 F3
	set 1,(hl)                    ; 82B1  CB CE
	ld hl,BDRCLR                  ; 82B3  21 EB F3
	ld (hl),0x01                  ; 82B6  36 01
	call BIOS_CHGCLR              ; 82B8  CD 72 00
	in a,(0xA8)                   ; 82BB  DB A8
	and 0xC0                      ; 82BD  E6 C0
	rlca                          ; 82BF  07
	rlca                          ; 82C0  07
	ld b,a                        ; 82C1  47
	ld a,(SSLOT_REG)              ; 82C2  3A FF FF
	cpl                           ; 82C5  2F
	and 0x30                      ; 82C6  E6 30
	rrca                          ; 82C8  0F
	rrca                          ; 82C9  0F
	or b                          ; 82CA  B0
	or 0x80                       ; 82CB  F6 80
	ld h,0x40                     ; 82CD  26 40
	call BIOS_ENASLT              ; 82CF  CD 24 00
	ld sp,P1_STACK_TOP            ; 82D2  31 A8 61
	ld hl,P1_RESIDENT             ; 82D5  21 00 50
	ld de,D_D000                  ; 82D8  11 00 D0
	ld bc,0x104B                  ; 82DB  01 4B 10
	ldir                          ; 82DE  ED B0
	ld hl,P1_HIMEM                ; 82E0  21 22 65
	ld bc,0x1ADE                  ; 82E3  01 DE 1A
	ldir                          ; 82E6  ED B0
	jp L_BB89                     ; 82E8  C3 89 BB

GFX_82EB:			; данные 82EB..8373 (137 байт)
; битовые шаблоны 8x8 (графика). Живой код сюда не обращается: это данные,
; которые резидентный слой гонит в VRAM по указателям из карт комнат
	db	0x00,0x00,0x00,0x00,0x00,0x00,0x00,0x00,0x00,0x00,0x07,0x07,0x07,0x1F,0x1F,0x1F	; 82EB
	db	0x10,0x00,0xC0,0xC0,0xC0,0xEF,0xDF,0xDF,0x00,0x00,0x00,0x00,0x00,0x1E,0xBF,0xFF	; 82FB
	db	0x00,0x00,0x00,0x00,0x00,0x3C,0x7E,0xFF,0x01,0x00,0x00,0x00,0x00,0x00,0x00,0x00	; 830B
	db	0x00,0x00,0x00,0x00,0x00,0x00,0x00,0x00,0x00,0x00,0x00,0x00,0x00,0x00,0x00,0x00	; 831B
	db	0x00,0x00,0x00,0x00,0x00,0x00,0x00,0x00,0x00,0x1F,0x07,0x07,0x03,0x03,0x01,0x00	; 832B
	db	0x00,0xDF,0xDF,0xEF,0xF0,0xFF,0xFF,0xFF,0x3F,0xBF,0xBF,0x3F,0xBE,0xB8,0xB8,0xB0	; 833B
	db	0xC0,0x7F,0xFF,0x7E,0x3C,0x00,0x00,0x00,0x00,0x00,0x00,0x00,0x1E,0x20,0x3E,0x02	; 834B
	db	0x3C,0x00,0x00,0x00,0x78,0x85,0x85,0x85,0x79,0x00,0x00,0x00,0xF7,0x01,0xC1,0x01	; 835B
	db	0x01,0x00,0x00,0x00,0xC0,0x00,0x00,0x00,0x00	; 836B
L_8374:
	ld c,0x20                     ; 8374  0E 20
	ld iyh,0x00                   ; 8376  FD 26 00
	push bc                       ; 8379  C5
	call L_D63F                   ; 837A  CD 3F D6
	ld (D_D408+0xC),a             ; 837D  32 14 D4
	push hl                       ; 8380  E5
	ld bc,0x0804                  ; 8381  01 04 08
	ld de,WORK_RAM+0x3E5          ; 8384  11 8D F5  ; в каноне +0x100 этот операнд стухший
	call VDP_RD_STRIDE8           ; 8387  CD B4 D3
	pop hl                        ; 838A  E1
	ld (L_83B1+0x1),hl            ; 838B  22 B2 83
	ld a,(D_D408+0xC)             ; 838E  3A 14 D4
	and a                         ; 8391  A7
	jr z,L_8398                   ; 8392  28 04
	ld de,0x0C00                  ; 8394  11 00 0C
	add hl,de                     ; 8397  19
L_8398:
	ld (L_83BD+0x1),hl            ; 8398  22 BE 83
	pop bc                        ; 839B  C1
L_839C:
	push bc                       ; 839C  C5
	ld hl,WORK_RAM+0x3E5          ; 839D  21 8D F5  ; в каноне +0x100 этот операнд стухший
	ld b,0x08                     ; 83A0  06 08
L_83A2:
	and a                         ; 83A2  A7
	rr (hl)                       ; 83A3  CB 1E
	inc hl                        ; 83A5  23
	rr (hl)                       ; 83A6  CB 1E
	inc hl                        ; 83A8  23
	rr (hl)                       ; 83A9  CB 1E
	inc hl                        ; 83AB  23
	rr (hl)                       ; 83AC  CB 1E
	inc hl                        ; 83AE  23
	djnz L_83A2                   ; 83AF  10 F1
L_83B1:
	ld hl,0x00                    ; 83B1  21 00 00
	ld bc,0x0804                  ; 83B4  01 04 08
	ld de,WORK_RAM+0x3E5          ; 83B7  11 8D F5  ; в каноне +0x100 этот операнд стухший
	call VDP_WR_STRIDE8           ; 83BA  CD 1D D2
L_83BD:
	ld hl,0x00                    ; 83BD  21 00 00
	ld bc,0x0804                  ; 83C0  01 04 08
	ld de,WORK_RAM+0x3E5          ; 83C3  11 8D F5  ; в каноне +0x100 этот операнд стухший
	call VDP_WR_STRIDE8           ; 83C6  CD 1D D2
	call SFX_64D7                 ; 83C9  CD DA D6
	pop bc                        ; 83CC  C1
	dec c                         ; 83CD  0D
	jr nz,L_839C                  ; 83CE  20 CC
	call SFX_64F5                 ; 83D0  CD 9A D7
	call L_C64A                   ; 83D3  CD 4A C6
	jp L_C62E                     ; 83D6  C3 2E C6

D_83D9:			; данные 83D9..83E9 (17 байт)
	db	0xED,0x52,0x19,0x28,0x13,0xCD,0x41,0x9C,0x2B,0x7E,0xFE,0x20,0xDC,0x41,0x9C,0x04	; 83D9
	db	0xC9	; 83E9
	ld (hl),a                     ; 83EA  77
	ld a,b                        ; 83EB  78
	or a                          ; 83EC  B7
	ret z                         ; 83ED  C8

	dec b                         ; 83EE  05
	ret z                         ; 83EF  C8

	inc hl                        ; 83F0  23
	or a                          ; 83F1  B7
	ret                           ; 83F2  C9

D_83F3:			; данные 83F3..83F4 (2 байт)
	db	0xCD,0x02	; 83F3
L_83F5:
	ld b,(hl)                     ; 83F5  46
	inc hl                        ; 83F6  23
L_83F7:
	push bc                       ; 83F7  C5
	ld a,(hl)                     ; 83F8  7E
	inc hl                        ; 83F9  23
	ld c,(hl)                     ; 83FA  4E
	inc hl                        ; 83FB  23
	out (0xA0),a                  ; 83FC  D3 A0
	ld a,c                        ; 83FE  79
	out (0xA1),a                  ; 83FF  D3 A1
	pop bc                        ; 8401  C1
	djnz L_83F7                   ; 8402  10 F3
	ret                           ; 8404  C9

	or a                          ; 8405  B7
	sbc hl,de                     ; 8406  ED 52
	add hl,de                     ; 8408  19
	jr nc,L_8413                  ; 8409  30 08
	add hl,bc                     ; 840B  09
	ex de,hl                      ; 840C  EB
	add hl,bc                     ; 840D  09
	ex de,hl                      ; 840E  EB
	inc bc                        ; 840F  03
	lddr                          ; 8410  ED B8
	ret                           ; 8412  C9

L_8413:
	inc bc                        ; 8413  03
	ldir                          ; 8414  ED B0
	ret                           ; 8416  C9

D_8417:			; данные 8417..8446 (48 байт)
	db	0xE5,0x21,0x00,0x17,0xE5,0xCD,0x26,0x9C,0xE1,0xC5,0xF5,0xCD,0x53,0x9C,0xF1,0xC1	; 8417
	db	0xCD,0x26,0x9C,0xE1,0xC9,0x3E,0x1B,0xCD,0x89,0x88,0x3E,0x59,0xCD,0x89,0x88,0x7C	; 8427
	db	0xC6,0x20,0xCD,0x89,0x88,0x7D,0xC6,0x20,0xC3,0x89,0x88,0xF5,0x3E,0x0C,0x18,0x00	; 8437
ROOM_MAPS:			; данные 8447..A79B (9045 байт)
; карты экранов/комнат до A89B. Запись начинается с 00, дальше номер
; комнаты и 4-байтные элементы. Живой код C60D..C70A патчит в них
; отдельные байты (двери/ключи): 8748/86C7, 8ADE/8CFD, 8FAC/8F3F,
; 92AE/91C3, 9E7A/9ED9, A33A/A347, A37C..A384, A460/A464, A5D7, A64C
	db	0x05,0x00,0x01,0x18,0x18,0x9E,0x00,0x00,0xC7,0x2E,0x00,0x10,0xAF,0x2E,0x00,0x20	; 8447
	db	0xAF,0x28,0x10,0x10,0x3E,0x1E,0x00,0x30,0xC7,0x15,0x00,0x40,0xC7,0x9E,0x00,0x50	; 8457
	db	0xC7,0x2E,0x00,0x60,0xAF,0x2E,0x00,0x70,0xAF,0x28,0x10,0x60,0x3E,0x1E,0x00,0x80	; 8467
	db	0xC7,0x9E,0x00,0x90,0xC7,0x32,0x00,0xA0,0xB7,0x94,0x10,0x00,0xBB,0x94,0x20,0x00	; 8477
	db	0xBB,0x94,0x30,0x00,0xBB,0x94,0x40,0x00,0xBB,0x9E,0x50,0x00,0xC7,0x16,0x50,0x10	; 8487
	db	0xB7,0x16,0x50,0x30,0xB7,0x16,0x50,0x50,0xB7,0x16,0x50,0x70,0xB7,0x16,0x50,0x90	; 8497
	db	0xB7,0x96,0x50,0xA0,0xB7,0x00,0x06,0x00,0x02,0x1A,0x1A,0x15,0x00,0x00,0xC7,0x9E	; 84A7
	db	0x00,0x10,0xC7,0x0E,0x00,0x20,0xB3,0x0E,0x00,0x38,0xB3,0x11,0x00,0x50,0xAF,0x0E	; 84B7
	db	0x00,0x60,0xB3,0x0E,0x00,0x78,0xB3,0x11,0x00,0x90,0xAF,0x0E,0x00,0xA0,0xB3,0x13	; 84C7
	db	0x00,0xB8,0xAB,0x1E,0x08,0xB0,0xC7,0x16,0x50,0x00,0xB7,0x16,0x50,0x20,0xB7,0x0D	; 84D7
	db	0x50,0x40,0x31,0x0D,0x58,0x40,0x31,0x0D,0x48,0x40,0x31,0x16,0x50,0x58,0xB7,0x16	; 84E7
	db	0x50,0x78,0xB7,0x11,0x50,0x98,0xAF,0x1E,0x50,0xA8,0xC7,0x14,0x50,0xB8,0xBB,0x07	; 84F7
	db	0x18,0x20,0x33,0x07,0x18,0x70,0x33,0x0D,0x40,0x40,0x31,0x0D,0x38,0x40,0x31,0x0D	; 8507
	db	0x30,0x40,0x31,0x00,0x07,0x01,0x03,0x11,0x11,0x14,0x00,0x00,0xBB,0x05,0x10,0x00	; 8517
	db	0xBB,0xA1,0x08,0x08,0x43,0x16,0x00,0x08,0xB7,0x2C,0x00,0x28,0xEF,0x2C,0x00,0x48	; 8527
	db	0xEF,0x2C,0x00,0x68,0xEF,0x2C,0x00,0x88,0xEF,0x15,0x00,0xA8,0xC7,0x14,0x00,0xB8	; 8537
	db	0xBB,0x16,0x50,0x00,0xB7,0x16,0x50,0x20,0xB7,0x16,0x50,0x40,0xB7,0x16,0x50,0x60	; 8547
	db	0xB7,0x16,0x50,0x80,0xB7,0x16,0x50,0xA0,0xB7,0x38,0x38,0x88,0x95,0x00,0x08,0x02	; 8557
	db	0x04,0x16,0x16,0x9E,0x00,0x00,0xC7,0x2E,0x00,0x10,0xAF,0x1E,0x00,0x20,0xC7,0x9E	; 8567
	db	0x00,0x30,0xC7,0x1F,0x00,0x40,0xAB,0x1E,0x00,0x48,0xC7,0x15,0x00,0x58,0xC7,0x9E	; 8577
	db	0x00,0x68,0xC7,0x2E,0x00,0x78,0xAF,0x1F,0x00,0x88,0xAB,0x1E,0x00,0x90,0xC7,0x9E	; 8587
	db	0x00,0xA0,0xC7,0x2E,0x00,0xB0,0xAF,0x16,0x50,0x00,0xB7,0x16,0x50,0x20,0xB7,0x11	; 8597
	db	0x50,0x40,0xAF,0x91,0x50,0x70,0xAF,0x16,0x50,0x80,0xB7,0x16,0x50,0xA0,0xB7,0x28	; 85A7
	db	0x10,0x50,0x3E,0x07,0x10,0x28,0x33,0x07,0x10,0xA0,0x33,0x00,0x09,0x03,0x05,0x23	; 85B7
	db	0x23,0x2E,0x00,0x00,0xAF,0x1E,0x00,0x10,0xC7,0x15,0x00,0x20,0xC7,0x9E,0x00,0x30	; 85C7
	db	0xC7,0x0E,0x00,0x40,0xB3,0x11,0x00,0x58,0xAF,0x11,0x00,0x68,0xAF,0x0E,0x00,0x78	; 85D7
	db	0xB3,0x11,0x00,0x90,0xAF,0x1E,0x00,0xA0,0xC7,0x15,0x00,0xB0,0xC7,0x15,0x10,0xB0	; 85E7
	db	0xC7,0x15,0x20,0xB0,0xC7,0x15,0x30,0xB0,0xC7,0x15,0x40,0xB0,0xC7,0x15,0x50,0xB0	; 85F7
	db	0xC7,0x16,0x50,0x00,0xB7,0x16,0x50,0x20,0xB7,0x16,0x50,0x40,0xB7,0x16,0x50,0x60	; 8607
	db	0xB7,0x0E,0x50,0x80,0xB3,0x0D,0x48,0x98,0x31,0x0D,0x50,0x98,0x31,0x0D,0x58,0x98	; 8617
	db	0x31,0x0E,0x20,0x60,0x09,0x11,0x18,0x58,0x05,0x0D,0x40,0x98,0x31,0x0D,0x38,0x98	; 8627
	db	0x31,0x0D,0x30,0x98,0x31,0x15,0x10,0x18,0xC7,0x15,0x10,0x28,0xC7,0x15,0x20,0x28	; 8637
	db	0xDA,0x36,0x20,0x18,0x04,0x15,0x30,0x28,0xDA,0x15,0x40,0x28,0xDA,0x00,0x0A,0x04	; 8647
	db	0x06,0x18,0x18,0x14,0x00,0x00,0xBD,0x05,0x10,0x00,0xBD,0x14,0x20,0x00,0xBD,0x14	; 8657
	db	0x30,0x00,0xBD,0x15,0x40,0x00,0xC9,0x9E,0x50,0x00,0xC9,0x16,0x50,0x10,0xB9,0x91	; 8667
	db	0x50,0x28,0xB1,0x11,0x58,0x38,0x5C,0x16,0x50,0x68,0xB9,0x16,0x50,0x88,0xB9,0x0E	; 8677
	db	0x50,0xA8,0xB5,0x2C,0x00,0x08,0xEF,0x2C,0x00,0x28,0xEF,0x2C,0x00,0x48,0xEF,0x2C	; 8687
	db	0x00,0x68,0xEF,0x2C,0x00,0x88,0xEF,0x15,0x00,0xA8,0xC9,0x14,0x00,0xB8,0xBD,0x03	; 8697
	db	0x18,0x28,0x36,0x84,0x28,0x20,0x1E,0x06,0x28,0x30,0x06,0x04,0x28,0x40,0x1E,0x08	; 86A7
	db	0x18,0x78,0x32,0x01,0x0B,0x05,0x07,0x1B,0x1B,0x16,0x50,0x00,0xB9,0x16,0x50,0x20	; 86B7
	db	0xB9,0x16,0x50,0x40,0xB9,0x16,0x50,0x60,0xB9,0x16,0x50,0x80,0xB9,0x16,0x50,0xA0	; 86C7
	db	0xB9,0x0D,0x48,0x40,0x31,0x0D,0x40,0x40,0x31,0x0D,0x38,0x40,0x31,0x0D,0x30,0x40	; 86D7
	db	0x31,0x0D,0x28,0x40,0x31,0x0D,0x20,0x40,0x31,0x0D,0x18,0x40,0x31,0x0D,0x10,0x40	; 86E7
	db	0x31,0x0D,0x08,0x40,0x31,0x0D,0x00,0x40,0x31,0x9E,0x00,0x00,0xC9,0x1F,0x00,0x10	; 86F7
	db	0xB1,0x9F,0x00,0x18,0xB1,0x1E,0x00,0x20,0xC9,0x15,0x00,0x30,0xC9,0x16,0x00,0x58	; 8707
	db	0xB9,0x16,0x00,0x78,0xB9,0x16,0x00,0x98,0xB9,0x13,0x00,0xB8,0xAD,0x07,0x10,0x70	; 8717
	db	0x33,0x87,0x10,0x20,0x33,0x02,0x0C,0x06,0x08,0x0F,0x0F,0x16,0x00,0x00,0xB9,0x16	; 8727
	db	0x00,0x20,0xB9,0x16,0x00,0x40,0xB9,0x16,0x00,0x60,0xB9,0x16,0x00,0x80,0xB9,0x16	; 8737
	db	0x00,0xA0,0xB9,0x16,0x50,0x00,0xB9,0x16,0x50,0x20,0xB9,0x16,0x50,0x40,0xB9,0x16	; 8747
	db	0x50,0x60,0xB9,0x12,0x50,0x80,0xAD,0x0E,0x50,0xA8,0xB5,0x28,0x10,0x20,0x3F,0x28	; 8757
	db	0x10,0x90,0x3F,0x27,0x28,0x50,0x3D,0x03,0x0D,0x07,0x09,0x1D,0x1D,0x16,0x50,0x00	; 8767
	db	0xB9,0x0A,0x50,0x20,0xD8,0x0A,0x50,0x40,0xD8,0x0A,0x50,0x60,0xD8,0x0A,0x50,0x80	; 8777
	db	0xD8,0x16,0x50,0xA0,0xB9,0x24,0x10,0x50,0x44,0x2B,0x48,0x20,0x63,0x2B,0x48,0x80	; 8787
	db	0x63,0x2A,0x40,0x20,0x0C,0x2A,0x38,0x20,0x0C,0x2A,0x30,0x20,0x0C,0x2A,0x28,0x20	; 8797
	db	0x0C,0x2A,0x20,0x20,0x0C,0x2A,0x18,0x20,0x0C,0x29,0x08,0x20,0xCC,0x2A,0x40,0x80	; 87A7
	db	0x0C,0x2A,0x38,0x80,0x0C,0x2A,0x30,0x80,0x0C,0x2A,0x28,0x80,0x0C,0x2A,0x20,0x80	; 87B7
	db	0x0C,0x2A,0x18,0x80,0x0C,0x29,0x08,0x80,0xCC,0x16,0x00,0x00,0xB9,0x16,0x00,0x20	; 87C7
	db	0xB9,0x09,0x00,0x40,0xB1,0x09,0x00,0x70,0xB1,0x16,0x00,0x80,0xB9,0x16,0x00,0xA0	; 87D7
	db	0xB9,0x04,0x0E,0x08,0x0A,0x29,0x29,0x15,0x00,0xB0,0xC9,0x15,0x10,0xB0,0xC9,0x15	; 87E7
	db	0x20,0xB0,0xC9,0x15,0x30,0xB0,0xC9,0x15,0x40,0xB0,0xC9,0x1E,0x50,0xB0,0xC9,0x0D	; 87F7
	db	0x50,0x98,0x31,0x0D,0x48,0x98,0x31,0x0D,0x40,0x98,0x31,0x0D,0x38,0x98,0x31,0x0D	; 8807
	db	0x30,0x98,0x31,0x0D,0x28,0x98,0x31,0x0D,0x20,0x98,0x31,0x0D,0x18,0x98,0x31,0x0D	; 8817
	db	0x10,0x98,0x31,0x0D,0x08,0x98,0x31,0x0D,0x00,0x98,0x31,0x0D,0x58,0x98,0x31,0x16	; 8827
	db	0x50,0x00,0xB9,0x0D,0x58,0x20,0x31,0x0D,0x50,0x20,0x31,0x0D,0x48,0x20,0x31,0x16	; 8837
	db	0x50,0x38,0xB9,0x16,0x50,0x58,0xB9,0x16,0x50,0x78,0xB9,0x14,0x00,0x60,0xBD,0x9E	; 8847
	db	0x00,0x68,0xC9,0x1E,0x00,0x50,0xC9,0x14,0x10,0x60,0xBD,0x14,0x20,0x60,0xBD,0x14	; 8857
	db	0x30,0x60,0xBD,0x14,0x40,0x60,0xBD,0x15,0x00,0x00,0xC9,0x9E,0x00,0x10,0xC9,0x2E	; 8867
	db	0x00,0x20,0xB1,0x2E,0x00,0x30,0xB1,0xAE,0x00,0x40,0xB1,0x16,0x00,0x78,0xB9,0x0D	; 8877
	db	0x40,0x20,0x31,0x0D,0x38,0x20,0x31,0x0D,0x30,0x20,0x31,0x05,0x0F,0x09,0x0B,0x19	; 8887
	db	0x19,0x12,0x20,0x50,0x57,0x13,0x30,0x58,0x57,0x12,0x30,0x60,0x57,0x13,0x40,0x68	; 8897
	db	0x57,0x12,0x40,0x70,0x57,0x16,0x50,0x80,0xB8,0x16,0x50,0xA0,0xB8,0x16,0x50,0x60	; 88A7
	db	0xB8,0x16,0x50,0x40,0xB8,0x16,0x50,0x20,0xB8,0x15,0x50,0x00,0xC8,0x0E,0x50,0x10	; 88B7
	db	0xB0,0x25,0x38,0x00,0xD0,0x25,0x20,0x00,0xD0,0x25,0x08,0x00,0xD0,0x0E,0x00,0x00	; 88C7
	db	0xB4,0x12,0x20,0x48,0x57,0x13,0x10,0x40,0x57,0x13,0x10,0x38,0x57,0x16,0x00,0x18	; 88D7
	db	0xB8,0x16,0x00,0x68,0xB8,0x16,0x00,0xA0,0xB8,0x16,0x00,0x88,0xB8,0x07,0x10,0x28	; 88E7
	db	0x33,0x87,0x10,0xA0,0x33,0x06,0x10,0x0A,0x0C,0x10,0x10,0x16,0x50,0x00,0xB8,0x16	; 88F7
	db	0x50,0x18,0xB8,0x12,0x58,0x38,0xAC,0x13,0x58,0x40,0xAC,0x0E,0x50,0x68,0xB4,0x16	; 8907
	db	0x50,0x80,0xB8,0x96,0x50,0xA0,0xB8,0x2C,0x00,0x00,0xEF,0x2C,0x00,0x20,0xEF,0x2C	; 8917
	db	0x00,0x40,0xEF,0x2C,0x00,0x60,0xEF,0x2C,0x00,0x80,0xEF,0x2C,0x00,0xA0,0xEF,0x31	; 8927
	db	0x18,0x18,0x3B,0x26,0x2A,0xA0,0x42,0x24,0x10,0x78,0x44,0x07,0x11,0x0B,0x0D,0x11	; 8937
	db	0x11,0x16,0x50,0x00,0xB8,0x1F,0x50,0x20,0xAC,0x1F,0x50,0x48,0xAC,0x0E,0x50,0x50	; 8947
	db	0xB4,0x16,0x50,0x68,0xB8,0x16,0x50,0x88,0xB8,0x0E,0x50,0xA8,0xB4,0x2C,0x00,0x00	; 8957
	db	0xEF,0x2C,0x00,0x20,0xEF,0x15,0x00,0x40,0xC8,0x9E,0x00,0x50,0xC8,0x0E,0x00,0x60	; 8967
	db	0xB4,0x11,0x00,0x78,0xB0,0x0E,0x00,0xA8,0xB4,0x21,0x08,0xA8,0x43,0x27,0x28,0x68	; 8977
	db	0x3C,0x07,0x18,0x10,0x33,0x08,0x12,0x0C,0x0E,0x14,0x14,0x16,0x00,0x00,0xB8,0x1E	; 8987
	db	0x00,0x20,0xC8,0x25,0x00,0x30,0xD1,0x25,0x18,0x30,0xD1,0x25,0x30,0x30,0xD1,0x9E	; 8997
	db	0x00,0x48,0xC8,0x16,0x00,0x58,0xB8,0x16,0x00,0x78,0xB8,0x1E,0x00,0xB0,0xC8,0x16	; 89A7
	db	0x00,0x98,0xB8,0x25,0x48,0x30,0xD1,0x16,0x50,0x00,0xB8,0x11,0x50,0x20,0xB0,0x0A	; 89B7
	db	0x50,0x48,0xD8,0x0A,0x50,0x68,0xD8,0x8A,0x50,0x88,0xD8,0x8A,0x50,0xA0,0xD8,0x28	; 89C7
	db	0x10,0x78,0x3F,0x09,0x18,0x48,0xF1,0x36,0x20,0x48,0x1C,0x09,0x13,0x0D,0x0F,0x2B	; 89D7
	db	0x2B,0x16,0x00,0x00,0xB7,0x0D,0x00,0x20,0x31,0x0D,0x08,0x20,0x31,0x0D,0x10,0x20	; 89E7
	db	0x31,0x0D,0x18,0x20,0x31,0x0D,0x20,0x20,0x31,0x0D,0x28,0x20,0x31,0x0D,0x30,0x20	; 89F7
	db	0x31,0x0D,0x38,0x20,0x31,0x0D,0x40,0x20,0x31,0x0D,0x48,0x20,0x31,0x0A,0x50,0x00	; 8A07
	db	0xD8,0x0A,0x50,0x20,0xD8,0x0A,0x50,0x40,0xD8,0x0A,0x50,0x60,0xD8,0x0A,0x50,0x78	; 8A17
	db	0xD8,0x15,0x00,0xB0,0xC7,0x15,0x10,0xB0,0xC7,0x15,0x20,0xB0,0xC7,0x15,0x30,0xB0	; 8A27
	db	0xC7,0x15,0x40,0xB0,0xC7,0x14,0x50,0xB0,0xBB,0x05,0x50,0xB8,0xBB,0x0D,0x50,0x98	; 8A37
	db	0x31,0x0D,0x58,0x98,0x31,0x0D,0x48,0x98,0x31,0x0D,0x40,0x98,0x31,0x0D,0x38,0x98	; 8A47
	db	0x31,0x0D,0x30,0x98,0x31,0x0D,0x28,0x98,0x31,0x0D,0x20,0x98,0x31,0x0D,0x18,0x98	; 8A57
	db	0x31,0x0D,0x10,0x98,0x31,0x0D,0x08,0x98,0x31,0x0D,0x00,0x98,0x31,0x16,0x00,0x38	; 8A67
	db	0xB7,0x16,0x00,0x58,0xB7,0x16,0x00,0x78,0xB7,0x25,0x08,0x58,0xD1,0x25,0x20,0x58	; 8A77
	db	0xD1,0x25,0x38,0x58,0xD1,0x07,0x10,0x80,0x33,0x21,0x08,0x40,0x43,0x0A,0x14,0x0E	; 8A87
	db	0x10,0x16,0x16,0x9E,0x00,0x00,0xC6,0x14,0x10,0x00,0xBA,0x16,0x20,0x00,0xB6,0x82	; 8A97
	db	0x11,0x08,0x2F,0x16,0x20,0x20,0xB6,0x9E,0x28,0x00,0xC6,0x14,0x38,0x00,0xBA,0x15	; 8AA7
	db	0x48,0x00,0xC6,0x13,0x58,0x00,0xAA,0x16,0x50,0x10,0xB6,0x96,0x50,0x30,0xB6,0x96	; 8AB7
	db	0x50,0x50,0xB6,0x16,0x50,0x70,0xB6,0x16,0x50,0xA0,0xB6,0x16,0x50,0x90,0xB6,0x2C	; 8AC7
	db	0x00,0x10,0xEF,0x2C,0x00,0x30,0xEF,0x2C,0x00,0x50,0xEF,0x2C,0x00,0x70,0xEF,0x2C	; 8AD7
	db	0x00,0x90,0xEF,0x15,0x00,0xB0,0xC6,0x28,0x10,0x70,0x3F,0x0B,0x15,0x0F,0x11,0x16	; 8AE7
	db	0x16,0x12,0x20,0x50,0x55,0x13,0x30,0x58,0x55,0x13,0x30,0x60,0x55,0x13,0x40,0x68	; 8AF7
	db	0x55,0x13,0x40,0x70,0x55,0x13,0x20,0x48,0x55,0x12,0x10,0x40,0x55,0x13,0x10,0x38	; 8B07
	db	0x55,0x16,0x00,0x00,0xB6,0x0E,0x00,0x20,0xB2,0x0E,0x00,0x68,0xB2,0x16,0x00,0x80	; 8B17
	db	0xB6,0x16,0x00,0xA0,0xB6,0x0A,0x50,0x00,0xD8,0x13,0x50,0x20,0xAA,0x12,0x50,0x48	; 8B27
	db	0xAA,0x0A,0x50,0x50,0xD8,0x0A,0x50,0x70,0xD8,0x0A,0x50,0x90,0xD8,0x0A,0x50,0xA0	; 8B37
	db	0xD8,0x07,0x18,0x18,0x33,0x8B,0x18,0x88,0x2C,0x0C,0x16,0x10,0x12,0x12,0x12,0x0A	; 8B47
	db	0x50,0x00,0xD8,0x0A,0x50,0x20,0xD8,0x11,0x58,0x40,0xAE,0x11,0x50,0x70,0xAE,0x11	; 8B57
	db	0x50,0x80,0xAE,0x11,0x50,0x90,0xAE,0x0E,0x50,0xA0,0xB2,0x13,0x50,0xB8,0xAA,0x16	; 8B67
	db	0x00,0x00,0xB6,0x13,0x00,0x20,0xAA,0x12,0x00,0x48,0xAA,0x32,0x00,0x50,0xB6,0x32	; 8B77
	db	0x00,0x70,0xB6,0x32,0x00,0x90,0xB6,0x1E,0x00,0xB0,0xC6,0x08,0x10,0x58,0x32,0xA2	; 8B87
	db	0x18,0x20,0x39,0xA3,0x18,0x88,0x38,0x0D,0x17,0x11,0x13,0x15,0x15,0x25,0x00,0x68	; 8B97
	db	0xCF,0x25,0x18,0x68,0xCF,0x25,0x30,0x68,0xCF,0x25,0x48,0x68,0xCF,0x16,0x50,0x00	; 8BA7
	db	0xB6,0x16,0x50,0x20,0xB6,0x0E,0x50,0x40,0xB2,0x11,0x50,0x58,0xAE,0x16,0x48,0x48	; 8BB7
	db	0xB6,0x16,0x50,0x80,0xB7,0x16,0x50,0xA0,0xB7,0x2C,0x00,0x00,0xEF,0x2C,0x00,0x20	; 8BC7
	db	0xEF,0x2C,0x00,0x40,0xEF,0x14,0x00,0x60,0xBA,0x9E,0x00,0x80,0xC7,0x2E,0x00,0x90	; 8BD7
	db	0xAF,0x2E,0x00,0xA0,0xAF,0x1E,0x00,0xB0,0xC7,0x28,0x10,0x90,0x3E,0x39,0x30,0x50	; 8BE7
	db	0x7C,0x0E,0x18,0x12,0x14,0x2A,0x2A,0x11,0x00,0xB0,0xAF,0x15,0x08,0xB0,0xC7,0x15	; 8BF7
	db	0x18,0xB0,0xC7,0x1E,0x28,0xB0,0xC7,0x14,0x38,0xB8,0xBB,0x13,0x48,0xB8,0xAB,0x1E	; 8C07
	db	0x50,0xB0,0xC7,0x16,0x50,0x90,0xB7,0x0D,0x00,0x98,0x31,0x0D,0x08,0x98,0x31,0x0D	; 8C17
	db	0x20,0x98,0x31,0x0D,0x10,0x98,0x31,0x0D,0x18,0x98,0x31,0x0D,0x28,0x98,0x31,0x0D	; 8C27
	db	0x30,0x98,0x31,0x0D,0x38,0x98,0x31,0x0D,0x40,0x98,0x31,0x0D,0x48,0x98,0x31,0x9E	; 8C37
	db	0x50,0x00,0xC7,0x16,0x50,0x10,0xB7,0x16,0x50,0x30,0xB7,0x16,0x50,0x50,0xB7,0x16	; 8C47
	db	0x50,0x70,0xB7,0x0E,0x00,0x00,0xB3,0x1E,0x00,0x18,0xC7,0x05,0x10,0x20,0xBB,0x13	; 8C57
	db	0x10,0x28,0xAB,0x9E,0x00,0x28,0xC7,0x16,0x00,0x38,0xB7,0x16,0x00,0x58,0xB7,0x16	; 8C67
	db	0x00,0x78,0xB7,0x21,0x08,0x08,0x43,0x03,0x18,0x48,0x35,0x90,0x18,0x68,0x34,0x84	; 8C77
	db	0x28,0x40,0x1F,0x06,0x28,0x50,0x07,0x06,0x28,0x60,0x07,0x2E,0x28,0x70,0x07,0x04	; 8C87
	db	0x28,0x80,0x1F,0x14,0x20,0x20,0xBA,0x05,0x30,0x20,0xBA,0x05,0x40,0x20,0xBA,0x0F	; 8C97
	db	0x19,0x13,0x15,0x1D,0x1D,0x9E,0x00,0x00,0xC9,0x2F,0x10,0x00,0xC1,0x2F,0x28,0x00	; 8CA7
	db	0xC1,0x2F,0x40,0x00,0xC1,0x11,0x58,0x00,0xB1,0x16,0x50,0x08,0xB9,0x16,0x50,0x28	; 8CB7
	db	0xB9,0x16,0x50,0x48,0xB9,0x16,0x50,0x68,0xB9,0x0D,0x50,0x88,0x31,0x16,0x50,0xA0	; 8CC7
	db	0xB9,0x0D,0x58,0x88,0x31,0x0D,0x48,0x88,0x31,0x32,0x00,0x10,0xB9,0x32,0x00,0x30	; 8CD7
	db	0xB9,0x32,0x00,0x50,0xB9,0x32,0x00,0x70,0xB9,0x32,0x00,0x90,0xB9,0x1E,0x00,0xB0	; 8CE7
	db	0xC9,0xA0,0x38,0x28,0x82,0x20,0x38,0x40,0x82,0x10,0x10,0x18,0x36,0x32,0x20,0x18	; 8CF7
	db	0x0E,0x32,0x20,0x48,0x0E,0x83,0x10,0x48,0x34,0x08,0x10,0x90,0x32,0x0D,0x40,0x88	; 8D07
	db	0x31,0x0D,0x38,0x88,0x31,0x0D,0x30,0x88,0x31,0x10,0x1A,0x14,0x16,0x18,0x18,0x16	; 8D17
	db	0x00,0x00,0xB9,0x1F,0x00,0x20,0xAD,0x9F,0x00,0x48,0xAD,0x11,0x00,0x50,0xB1,0x16	; 8D27
	db	0x00,0x60,0xB9,0x16,0x00,0x80,0xB9,0x16,0x00,0xA0,0xB9,0x0A,0x50,0x00,0xD8,0x0A	; 8D37
	db	0x50,0x20,0xD8,0x0A,0x50,0x40,0xD8,0x16,0x50,0x60,0xB9,0x0A,0x50,0x80,0xD8,0x0A	; 8D47
	db	0x50,0xA0,0xD8,0x29,0x08,0x60,0xCA,0x2A,0x18,0x60,0x0D,0x2A,0x20,0x60,0x0D,0x2A	; 8D57
	db	0x28,0x60,0x0D,0x2A,0x30,0x60,0x0D,0x2A,0x38,0x60,0x0D,0x2A,0x40,0x60,0x0D,0x2B	; 8D67
	db	0x48,0x60,0x61,0x31,0x18,0x90,0x3A,0x07,0x10,0x18,0x33,0x38,0x38,0x20,0x96,0x11	; 8D77
	db	0x1B,0x15,0x17,0x15,0x15,0x16,0x00,0x00,0xB9,0x12,0x20,0x58,0x57,0x12,0x20,0x50	; 8D87
	db	0x57,0x13,0x10,0x48,0x57,0x13,0x10,0x40,0x57,0x16,0x00,0x20,0xB9,0x12,0x30,0x60	; 8D97
	db	0x57,0x12,0x30,0x68,0x57,0x13,0x40,0x70,0x57,0x13,0x40,0x78,0x57,0x0A,0x50,0x00	; 8DA7
	db	0xD8,0x0A,0x50,0x20,0xD8,0x0A,0x50,0x40,0xD8,0x0A,0x50,0x60,0xD8,0x0A,0x50,0x80	; 8DB7
	db	0xD8,0x0A,0x50,0xA0,0xD8,0x16,0x00,0xA0,0xB9,0x16,0x00,0x80,0xB9,0x11,0x00,0x70	; 8DC7
	db	0xB1,0x08,0x10,0x98,0x37,0x08,0x10,0x18,0x37,0x12,0x1C,0x16,0x18,0x15,0x15,0x0A	; 8DD7
	db	0x50,0x00,0xD8,0x0A,0x50,0x20,0xD8,0x0A,0x50,0x40,0xD8,0x0A,0x50,0x60,0xD8,0x0A	; 8DE7
	db	0x50,0x80,0xD8,0x0A,0x50,0xA0,0xD8,0x11,0x28,0xB0,0xAF,0x12,0x38,0xA8,0x56,0x12	; 8DF7
	db	0x38,0xA0,0x56,0x12,0x48,0x98,0x56,0x12,0x48,0x90,0x56,0x9E,0x00,0x00,0xC9,0x32	; 8E07
	db	0x00,0x10,0xB9,0x1E,0x00,0x30,0xC9,0x15,0x00,0x40,0xC9,0x9E,0x00,0x50,0xC9,0x32	; 8E17
	db	0x00,0x60,0xB9,0x32,0x00,0x80,0xB9,0x32,0x00,0xA0,0xB9,0x28,0x10,0x10,0x3F,0x07	; 8E27
	db	0x10,0x78,0x33,0x13,0x1D,0x17,0x28,0x24,0x24,0x0A,0x50,0x00,0xD8,0x0A,0x50,0x20	; 8E37
	db	0xD8,0x0A,0x50,0x40,0xD8,0x0A,0x50,0x50,0xD8,0x16,0x50,0x70,0xB7,0x16,0x58,0x80	; 8E47
	db	0xB7,0x0C,0x58,0xA0,0xB1,0x0C,0x58,0xB0,0xB1,0x25,0x00,0x70,0xCF,0x01,0x18,0x78	; 8E57
	db	0xBC,0x01,0x18,0x80,0xBC,0x32,0x00,0x00,0xB7,0x32,0x00,0x20,0xB7,0x16,0x00,0x50	; 8E67
	db	0xB7,0x11,0x00,0x40,0xAF,0x32,0x28,0x00,0xB7,0x32,0x28,0x20,0xB7,0x07,0x10,0x58	; 8E77
	db	0x33,0x35,0x08,0x90,0x00,0x35,0x48,0xB0,0x00,0x34,0x30,0x98,0x00,0x34,0x00,0xB8	; 8E87
	db	0x00,0x34,0x18,0xA8,0x00,0x33,0x30,0xA8,0x00,0x33,0x20,0x98,0x00,0x33,0x40,0x90	; 8E97
	db	0x00,0x33,0x04,0xA0,0x00,0x36,0x08,0x40,0x1C,0x37,0x28,0x78,0xAC,0x37,0x28,0x80	; 8EA7
	db	0xAC,0x01,0x28,0x78,0xBC,0x01,0x28,0x80,0xBC,0x01,0x38,0x78,0xBC,0x01,0x38,0x80	; 8EB7
	db	0xBC,0x37,0x48,0x78,0xAC,0x37,0x48,0x80,0xAC,0x14,0x1E,0x18,0x1A,0x1E,0x1E,0x16	; 8EC7
	db	0x00,0xA0,0xB9,0x0D,0x00,0x88,0x31,0x0D,0x08,0x88,0x31,0x0D,0x10,0x88,0x31,0x0D	; 8ED7
	db	0x18,0x88,0x31,0x0D,0x20,0x88,0x31,0x0D,0x28,0x88,0x31,0x0D,0x30,0x88,0x31,0x0D	; 8EE7
	db	0x38,0x88,0x31,0x0D,0x40,0x88,0x31,0x0D,0x48,0x88,0x31,0x16,0x00,0x00,0xB9,0x16	; 8EF7
	db	0x00,0x20,0xB9,0x16,0x00,0x40,0xB9,0x11,0x00,0x78,0xB1,0x16,0x00,0x60,0xB9,0x05	; 8F07
	db	0x08,0x00,0xBD,0xA1,0x08,0x08,0x43,0x2F,0x18,0x00,0xC1,0x2F,0x30,0x00,0xC1,0x2F	; 8F17
	db	0x48,0x00,0xC1,0x11,0x58,0x30,0xAF,0x1A,0x50,0x40,0xD3,0x19,0x50,0x58,0xD3,0x99	; 8F27
	db	0x50,0x68,0xD3,0x9B,0x50,0x78,0xD3,0x1B,0x50,0x88,0xD3,0x1D,0x50,0x98,0xD3,0x1B	; 8F37
	db	0x50,0xB0,0xC7,0x0B,0x18,0x38,0x2C,0x15,0x1F,0x19,0x1B,0x17,0x17,0x16,0x00,0x00	; 8F47
	db	0xB9,0x16,0x00,0x20,0xB9,0x0E,0x00,0x40,0xB4,0x25,0x08,0x40,0xD0,0x25,0x20,0x40	; 8F57
	db	0xD0,0x25,0x38,0x40,0xD0,0x16,0x50,0x00,0xB9,0x16,0x50,0x20,0xB9,0x0E,0x50,0x40	; 8F67
	db	0xB4,0x9E,0x50,0x78,0xC8,0x2E,0x50,0x88,0xC8,0x1F,0x50,0x98,0xAC,0x32,0x50,0xA0	; 8F77
	db	0xB8,0x2C,0x00,0x58,0xEF,0x2C,0x00,0x78,0xEF,0x2C,0x00,0x98,0xEF,0x05,0x00,0xB8	; 8F87
	db	0xBC,0x21,0x08,0x28,0x43,0x84,0x20,0x58,0x1D,0x06,0x20,0x68,0x05,0x06,0x20,0x78	; 8F97
	db	0x05,0x04,0x20,0x80,0x1D,0x82,0x11,0x58,0x2F,0x16,0x20,0x1A,0x1C,0x11,0x11,0x15	; 8FA7
	db	0x00,0x00,0xC8,0x2C,0x00,0x10,0xEF,0x2C,0x00,0x30,0xEF,0x2C,0x00,0x50,0xEF,0x2C	; 8FB7
	db	0x00,0x70,0xEF,0x2C,0x00,0x90,0xEF,0x15,0x00,0xB0,0xC8,0x32,0x50,0x00,0xB8,0x11	; 8FC7
	db	0x58,0x20,0xB0,0x16,0x50,0x60,0xB8,0x16,0x50,0x80,0xB8,0x16,0x50,0xA0,0xB8,0x27	; 8FD7
	db	0x28,0x60,0x3C,0x27,0x28,0x90,0x3C,0x07,0x10,0x38,0x33,0x87,0x10,0x18,0x33,0x16	; 8FE7
	db	0x50,0x50,0xB8,0x17,0x21,0x1B,0x1D,0x16,0x16,0x15,0x00,0x00,0xC8,0x9E,0x00,0x10	; 8FF7
	db	0xC8,0x32,0x00,0x20,0xB8,0x1E,0x00,0x40,0xC8,0x15,0x00,0x50,0xC8,0x25,0x00,0x60	; 9007
	db	0xCF,0x25,0x18,0x60,0xCF,0x25,0x30,0x60,0xCF,0xA5,0x48,0x60,0xCF,0x32,0x50,0x00	; 9017
	db	0xB8,0x32,0x50,0x20,0xB8,0x32,0x50,0x40,0xB8,0x21,0x10,0x48,0x43,0x19,0x50,0x78	; 9027
	db	0xD3,0x17,0x50,0x88,0xCB,0x1D,0x50,0xA8,0xD3,0x97,0x00,0x78,0xCB,0x17,0x00,0x98	; 9037
	db	0xCB,0x18,0x00,0xB8,0xAB,0x07,0x10,0x98,0x33,0x11,0x18,0x18,0x07,0x91,0x20,0x20	; 9047
	db	0x07,0x18,0x22,0x1C,0x2B,0x18,0x18,0x17,0x00,0x00,0xCB,0x18,0x00,0x20,0xAB,0x19	; 9057
	db	0x00,0x28,0xD3,0x1A,0x00,0x38,0xD3,0x1B,0x00,0x50,0xD3,0x1C,0x00,0x60,0xD3,0x1D	; 9067
	db	0x00,0x70,0xD3,0x97,0x00,0x88,0xCB,0x1A,0x00,0xA8,0xD3,0x17,0x50,0x00,0xCB,0x1A	; 9077
	db	0x50,0x20,0xD3,0x0D,0x58,0x38,0x31,0x0D,0x50,0x38,0x31,0x0D,0x48,0x38,0x31,0x0D	; 9087
	db	0x40,0x38,0x31,0x0D,0x38,0x38,0x31,0x0D,0x30,0x38,0x31,0x17,0x50,0x50,0xCB,0x97	; 9097
	db	0x50,0x70,0xCB,0x9A,0x50,0x90,0xD3,0x1A,0x50,0xA8,0xD3,0x07,0x10,0xB0,0x33,0x07	; 90A7
	db	0x10,0x08,0x33,0x07,0x10,0x60,0x33,0x19,0x23,0x1D,0x1F,0x23,0x23,0x2F,0x00,0x00	; 90B7
	db	0xC1,0x9E,0x00,0x30,0xC7,0x19,0x00,0x40,0xD3,0x1D,0x00,0x50,0xD3,0x9D,0x00,0x68	; 90C7
	db	0xD3,0x01,0x08,0x80,0xBC,0x01,0x08,0x88,0xBC,0x01,0x18,0x80,0xBC,0x01,0x18,0x88	; 90D7
	db	0xBC,0x11,0x00,0x80,0xAF,0x17,0x00,0x90,0xCB,0x19,0x00,0xB0,0xC7,0x14,0x18,0x00	; 90E7
	db	0xBD,0x9E,0x28,0x00,0xC9,0x2F,0x38,0x00,0xC1,0x15,0x50,0x00,0xC9,0x17,0x50,0x10	; 90F7
	db	0xCB,0x1B,0x50,0x30,0xD3,0x19,0x50,0x40,0xD3,0x1D,0x50,0x50,0xD3,0x1C,0x50,0x68	; 9107
	db	0xD3,0x9C,0x50,0x78,0xD3,0x17,0x50,0x88,0xCB,0x19,0x50,0xA8,0xD3,0x18,0x50,0xB8	; 9117
	db	0xAB,0x1F,0x28,0x10,0xAD,0x39,0x39,0x30,0xA4,0x37,0x28,0x80,0xAC,0x37,0x28,0x88	; 9127
	db	0xAC,0x01,0x28,0x80,0xBC,0x01,0x28,0x88,0xBC,0x01,0x38,0x80,0xBC,0x01,0x38,0x88	; 9137
	db	0xBC,0x37,0x48,0x80,0xAC,0x37,0x48,0x88,0xAC,0x1A,0x24,0x1E,0x20,0x1B,0x1B,0x97	; 9147
	db	0x00,0x00,0xCB,0x1A,0x00,0x20,0xD3,0x19,0x00,0x38,0xD3,0x1E,0x00,0x48,0xC9,0x9E	; 9157
	db	0x00,0x78,0xC9,0x17,0x00,0x88,0xCB,0x9A,0x00,0xA8,0xD3,0x2F,0x10,0x50,0xC1,0x2F	; 9167
	db	0x28,0x50,0xC1,0x2F,0x40,0x50,0xC1,0x1D,0x50,0x00,0xD3,0x0D,0x58,0x18,0x31,0x0D	; 9177
	db	0x50,0x18,0x31,0x0D,0x48,0x18,0x31,0x17,0x50,0x30,0xCB,0x18,0x58,0x50,0xAD,0x9E	; 9187
	db	0x50,0x78,0xC9,0x1C,0x50,0x88,0xD3,0x1D,0x50,0x98,0xD3,0x19,0x50,0xB0,0xC7,0x94	; 9197
	db	0x10,0x78,0xBD,0x11,0x18,0x40,0xB1,0x36,0x20,0x40,0x1C,0x07,0x10,0xB0,0x33,0x0D	; 91A7
	db	0x40,0x18,0x31,0x0D,0x38,0x18,0x31,0x0D,0x30,0x18,0x31,0x1B,0x25,0x1F,0x21,0x1A	; 91B7
	db	0x1A,0x17,0x00,0x00,0xCB,0x12,0x30,0x40,0x57,0x13,0x20,0x38,0x57,0x13,0x20,0x30	; 91C7
	db	0x57,0x93,0x10,0x28,0x57,0x92,0x10,0x20,0x57,0x12,0x30,0x48,0x57,0x92,0x40,0x50	; 91D7
	db	0x57,0x13,0x40,0x58,0x57,0x19,0x50,0x00,0xD3,0x1A,0x50,0x10,0xD3,0x1B,0x50,0x28	; 91E7
	db	0xD3,0x1D,0x50,0x38,0xD3,0x17,0x50,0x50,0xCB,0x97,0x50,0x70,0xCB,0x9C,0x50,0x90	; 91F7
	db	0xD3,0x1A,0x50,0xA0,0xD3,0x18,0x50,0xB8,0xAB,0x32,0x00,0x58,0xB8,0x1D,0x00,0x78	; 9207
	db	0xD3,0x1A,0x00,0x90,0xD3,0x9A,0x00,0xA8,0xD3,0x06,0x20,0xB0,0x04,0x84,0x20,0xA0	; 9217
	db	0x1C,0x07,0x10,0x78,0x33,0x2E,0x00,0x50,0xB0,0x1C,0x26,0x20,0x22,0x19,0x19,0x06	; 9227
	db	0x20,0x00,0x04,0x04,0x20,0x10,0x1C,0x17,0x00,0x00,0xCB,0x97,0x00,0x20,0xCB,0x17	; 9237
	db	0x00,0x40,0xCB,0x1D,0x00,0x60,0xD3,0x9D,0x00,0x78,0xD3,0x1C,0x00,0x90,0xC7,0x16	; 9247
	db	0x00,0xA0,0xB7,0x1D,0x50,0x00,0xD3,0x1D,0x50,0x18,0xD3,0x9D,0x50,0x30,0xD3,0x19	; 9257
	db	0x50,0x48,0xC7,0x14,0x50,0x58,0xBD,0x16,0x50,0x60,0xB9,0x16,0x50,0x80,0xB9,0x16	; 9267
	db	0x50,0xA0,0xB9,0x01,0x08,0xA0,0xBC,0x01,0x08,0xA8,0xBC,0x01,0x18,0xA0,0xBC,0x01	; 9277
	db	0x18,0xA8,0xBC,0x37,0x28,0xA0,0xAC,0x37,0x28,0xA8,0xAC,0x08,0x18,0x48,0x32,0x88	; 9287
	db	0x18,0x70,0x32,0x1D,0x27,0x21,0x23,0x1F,0x1F,0x16,0x00,0x00,0xB9,0x0E,0x00,0x20	; 9297
	db	0xB5,0x0D,0x00,0x38,0x31,0x0D,0x08,0x38,0x31,0x0D,0x10,0x38,0x31,0x0D,0x18,0x38	; 92A7
	db	0x31,0x0D,0x20,0x38,0x31,0x0D,0x28,0x38,0x31,0x0D,0x30,0x38,0x31,0x0D,0x38,0x38	; 92B7
	db	0x31,0x0D,0x40,0x38,0x31,0x0D,0x48,0x38,0x31,0x0E,0x00,0x50,0xB5,0x16,0x00,0x68	; 92C7
	db	0xB9,0x16,0x00,0x88,0xB9,0x25,0x00,0xA8,0xCF,0x25,0x18,0xA8,0xCF,0xA5,0x30,0xA8	; 92D7
	db	0xCF,0x25,0x48,0xA8,0xCF,0x16,0x50,0x00,0xB9,0x16,0x50,0x20,0xB9,0x16,0x50,0x40	; 92E7
	db	0xB9,0x16,0x50,0x60,0xB9,0x16,0x50,0x80,0xB9,0x14,0x48,0xA0,0xBD,0x82,0x18,0x68	; 92F7
	db	0x2F,0x84,0x28,0x60,0x1E,0x06,0x28,0x70,0x06,0x06,0x28,0x80,0x06,0x04,0x28,0x90	; 9307
	db	0x1E,0x08,0x13,0x10,0x37,0x1E,0x28,0x22,0x24,0x19,0x19,0x14,0x00,0x00,0xBD,0x9E	; 9317
	db	0x00,0x08,0xC9,0x15,0x10,0x00,0xC9,0x15,0x20,0x00,0xC9,0x15,0x30,0x00,0xC9,0x01	; 9327
	db	0x40,0x00,0xBC,0x01,0x40,0x08,0xBC,0x15,0x50,0x00,0xC9,0x16,0x58,0x10,0xB9,0x1A	; 9337
	db	0x00,0x18,0xCC,0x2D,0x00,0x30,0xBC,0x19,0x00,0x38,0xD4,0x1C,0x00,0x48,0xD4,0x1A	; 9347
	db	0x00,0x58,0xD4,0xAD,0x00,0x70,0xBC,0x1D,0x00,0x78,0xD4,0x1A,0x00,0x90,0xD4,0x9A	; 9357
	db	0x00,0xA8,0xD4,0x16,0x58,0xA0,0xB9,0x16,0x58,0x80,0xB9,0x16,0x58,0x60,0xB9,0x16	; 9367
	db	0x50,0x40,0xB9,0x16,0x50,0x30,0xB9,0xA1,0x28,0x10,0x43,0x32,0x23,0x10,0xF3,0x1F	; 9377
	db	0x29,0x23,0x25,0x19,0x19,0x16,0x58,0x00,0xB9,0x16,0x58,0x20,0xB9,0x16,0x58,0x40	; 9387
	db	0xB9,0x16,0x58,0x60,0xB9,0x16,0x58,0x80,0xB9,0x16,0x58,0xA0,0xB9,0x1A,0x00,0x00	; 9397
	db	0xD4,0x0D,0x00,0x18,0x31,0x0D,0x08,0x18,0x31,0x0D,0x10,0x18,0x31,0x0D,0x18,0x18	; 93A7
	db	0x31,0x0D,0x20,0x18,0x31,0x0D,0x28,0x18,0x31,0x0D,0x30,0x18,0x31,0x0D,0x38,0x18	; 93B7
	db	0x31,0x0D,0x40,0x18,0x31,0x0D,0x48,0x18,0x31,0x0D,0x50,0x18,0x31,0x9A,0x00,0x30	; 93C7
	db	0xD4,0x1C,0x00,0x48,0xC8,0x17,0x00,0x80,0xCC,0x97,0x00,0xA0,0xCC,0x07,0x10,0x40	; 93D7
	db	0x33,0x87,0x10,0x90,0x33,0x39,0x40,0x60,0xA4,0x20,0x2A,0x24,0x26,0x10,0x10,0x17	; 93E7
	db	0x00,0x00,0xCC,0x19,0x00,0x20,0xC8,0x1A,0x00,0x30,0xD4,0x1B,0x00,0x48,0xD4,0x1C	; 93F7
	db	0x00,0x58,0xD4,0x1D,0x00,0x68,0xD4,0x17,0x00,0x80,0xCC,0x19,0x00,0xA0,0xD4,0x99	; 9407
	db	0x00,0xB0,0xC8,0x16,0x58,0x00,0xB9,0x16,0x58,0x20,0xB9,0x16,0x58,0x40,0xB9,0x16	; 9417
	db	0x58,0x60,0xB9,0x16,0x58,0x80,0xB9,0x16,0x58,0xA0,0xB9,0x2D,0x08,0x60,0xBC,0x21	; 9427
	db	0x2B,0x25,0x27,0x20,0x20,0x99,0x01,0x00,0xD4,0x2D,0x09,0x00,0xBC,0x97,0x01,0x10	; 9437
	db	0xCC,0x30,0x01,0x30,0xDA,0x30,0x01,0x40,0xDA,0x30,0x01,0x50,0xDA,0x30,0x01,0x60	; 9447
	db	0xDA,0x30,0x01,0x70,0xDA,0x30,0x01,0x80,0xDA,0x30,0x01,0x90,0xDA,0x30,0x01,0xA0	; 9457
	db	0xDA,0x30,0x01,0xB0,0xDA,0x96,0x58,0x00,0xB9,0x96,0x58,0x10,0xB9,0x30,0x50,0x30	; 9467
	db	0xDA,0x30,0x50,0x40,0xDA,0x30,0x50,0x50,0xDA,0x30,0x50,0x60,0xDA,0x30,0x50,0x70	; 9477
	db	0xDA,0x30,0x50,0x80,0xDA,0x30,0x50,0x90,0xDA,0x30,0x50,0xA0,0xDA,0x30,0x50,0xB0	; 9487
	db	0xDA,0x20,0x38,0x80,0x82,0xA0,0x38,0x60,0x82,0x10,0x28,0x60,0x36,0x83,0x28,0x80	; 9497
	db	0x35,0x10,0x10,0x30,0x35,0x03,0x10,0x98,0x34,0x32,0x20,0x98,0x0D,0x32,0x20,0x30	; 94A7
	db	0x0D,0x07,0x10,0x10,0x33,0x22,0x2C,0x26,0x28,0x27,0x27,0x30,0x00,0x00,0xDA,0x30	; 94B7
	db	0x00,0x10,0xDA,0x30,0x00,0x20,0xDA,0x30,0x00,0x30,0xDA,0x30,0x00,0x40,0xDA,0x30	; 94C7
	db	0x00,0x50,0xDA,0x30,0x00,0x60,0xDA,0x30,0x00,0x70,0xDA,0x30,0x00,0x80,0xDA,0x25	; 94D7
	db	0x00,0x90,0xD0,0x25,0x00,0xA8,0xD0,0x16,0x58,0xA0,0xB8,0x16,0x58,0x90,0xB8,0x30	; 94E7
	db	0x50,0x00,0xDA,0x30,0x50,0x10,0xDA,0x30,0x50,0x20,0xDA,0x30,0x50,0x30,0xDA,0x30	; 94F7
	db	0x50,0x40,0xDA,0x30,0x50,0x50,0xDA,0x30,0x50,0x60,0xDA,0x30,0x50,0x70,0xDA,0x30	; 9507
	db	0x50,0x80,0xDA,0x82,0x18,0x50,0x2F,0x84,0x28,0x48,0x1D,0x06,0x28,0x58,0x05,0x06	; 9517
	db	0x28,0x68,0x05,0x06,0x28,0x78,0x05,0x04,0x28,0x80,0x1D,0x84,0x28,0x00,0x1D,0x06	; 9527
	db	0x28,0x10,0x05,0x04,0x28,0x20,0x1D,0x90,0x18,0x08,0x34,0x07,0x10,0x38,0x33,0x11	; 9537
	db	0x30,0x30,0x07,0x11,0x38,0x38,0x07,0x2F,0x18,0xB8,0xC0,0x2F,0x30,0xB8,0xC0,0x2F	; 9547
	db	0x48,0xB8,0xC0,0x39,0x30,0x98,0xD1,0x23,0x2D,0x18,0x29,0x19,0x19,0x0F,0x08,0x48	; 9557
	db	0xCE,0x0C,0x58,0x00,0xB1,0x0C,0x58,0x10,0xB1,0x0C,0x58,0x20,0xB1,0x8C,0x58,0x30	; 9567
	db	0xB1,0x0C,0x58,0x40,0xB1,0x0C,0x58,0x50,0xB1,0x8C,0x58,0x60,0xB1,0x8C,0x58,0x70	; 9577
	db	0xB1,0x8C,0x58,0x80,0xB1,0x0C,0x58,0x90,0xB1,0x0C,0x58,0xA0,0xB1,0x0C,0x58,0xB0	; 9587
	db	0xB1,0x35,0x10,0x68,0x00,0x35,0x30,0x90,0x00,0x35,0x28,0x28,0x00,0x34,0x10,0x10	; 9597
	db	0x00,0x34,0x18,0x30,0x00,0x34,0x30,0x48,0x00,0x34,0x38,0x70,0x00,0x34,0x10,0xA0	; 95A7
	db	0x00,0x35,0x50,0x58,0x00,0x33,0x38,0x18,0x00,0x33,0x20,0x78,0x00,0x33,0x38,0xB0	; 95B7
	db	0x00,0x24,0x2E,0x28,0x2A,0x19,0x19,0x0F,0x08,0x40,0xCE,0x0C,0x58,0x00,0xB1,0x0C	; 95C7
	db	0x58,0x10,0xB1,0x0C,0x58,0x20,0xB1,0x8C,0x58,0x30,0xB1,0x0C,0x58,0x40,0xB1,0x0C	; 95D7
	db	0x58,0x50,0xB1,0x8C,0x58,0x60,0xB1,0x8C,0x58,0x70,0xB1,0x8C,0x58,0x80,0xB1,0x0C	; 95E7
	db	0x58,0x90,0xB1,0x0C,0x58,0xA0,0xB1,0x0C,0x58,0xB0,0xB1,0x35,0x10,0x60,0x00,0x35	; 95F7
	db	0x30,0x88,0x00,0x35,0x28,0x20,0x00,0x34,0x10,0x08,0x00,0x34,0x18,0x28,0x00,0x34	; 9607
	db	0x30,0x40,0x00,0x34,0x38,0x68,0x00,0x34,0x10,0x98,0x00,0x35,0x50,0x50,0x00,0x33	; 9617
	db	0x38,0x10,0x00,0x33,0x20,0x70,0x00,0x33,0x38,0xA8,0x00,0x25,0x2F,0x29,0x38,0x1B	; 9627
	db	0x1B,0x0F,0x08,0x3F,0xCE,0x35,0x10,0x5F,0x00,0x35,0x30,0x87,0x00,0x35,0x28,0x1F	; 9637
	db	0x00,0x34,0x10,0x07,0x00,0x34,0x18,0x27,0x00,0x34,0x30,0x3F,0x00,0x34,0x38,0x67	; 9647
	db	0x00,0x34,0x10,0x97,0x00,0x35,0x50,0x4F,0x00,0x33,0x38,0x0F,0x00,0x33,0x20,0x6F	; 9657
	db	0x00,0x33,0x38,0xA7,0x00,0x0C,0x58,0x00,0xB1,0x0C,0x58,0x10,0xB1,0x0C,0x58,0x20	; 9667
	db	0xB1,0x0C,0x58,0x30,0xB1,0x0C,0x58,0x40,0xB1,0x0C,0x58,0x50,0xB1,0x0C,0x58,0x60	; 9677
	db	0xB1,0x0C,0x58,0x70,0xB1,0x0A,0x58,0x80,0xD8,0x0A,0x58,0xA0,0xD8,0x25,0x10,0xA8	; 9687
	db	0xCF,0x25,0x00,0xA8,0xCF,0x37,0x28,0xB0,0xAC,0x37,0x28,0xB8,0xAC,0x26,0x30,0x1D	; 9697
	db	0x2C,0x17,0x17,0x19,0x00,0x00,0xD3,0x99,0x00,0x10,0xD3,0x1D,0x00,0x20,0xD3,0x1D	; 96A7
	db	0x00,0x38,0xD3,0x19,0x00,0x50,0xD3,0x2D,0x08,0x58,0xBB,0x17,0x00,0x60,0xCB,0x1C	; 96B7
	db	0x00,0x80,0xD3,0x9C,0x00,0x90,0xD3,0x17,0x00,0xA0,0xCB,0xAD,0x08,0x90,0xBB,0x17	; 96C7
	db	0x50,0x00,0xCB,0x19,0x50,0x20,0xD3,0x99,0x50,0x30,0xD3,0x9A,0x50,0x40,0xD3,0x1A	; 96D7
	db	0x50,0x58,0xD3,0x1D,0x50,0x70,0xD3,0x97,0x50,0x88,0xCB,0x9D,0x50,0xA8,0xD3,0x07	; 96E7
	db	0x10,0x38,0x33,0xA7,0x28,0x10,0x3D,0x27,0x28,0x88,0x3D,0x87,0x10,0x78,0x33,0x27	; 96F7
	db	0x31,0x2B,0x2D,0x1A,0x1A,0x19,0x00,0x00,0xD3,0x19,0x00,0x10,0xD3,0x1D,0x00,0x20	; 9707
	db	0xD3,0x1B,0x00,0x38,0xD3,0x1B,0x00,0x48,0xD3,0x1E,0x00,0x58,0xC9,0x14,0x00,0x68	; 9717
	db	0xBD,0x9E,0x00,0x70,0xC9,0x2D,0x0E,0x68,0xC1,0x32,0x00,0x80,0xB9,0x32,0x00,0xA0	; 9727
	db	0xB9,0x97,0x50,0x00,0xCB,0x19,0x50,0x20,0xD3,0x1A,0x50,0x30,0xD3,0x1D,0x50,0x48	; 9737
	db	0xD3,0x17,0x50,0x60,0xCB,0x0E,0x48,0x80,0xB5,0x1A,0x50,0x80,0xD3,0x11,0x40,0x98	; 9747
	db	0xB1,0x12,0x38,0xA8,0xAD,0x11,0x30,0xB0,0xB1,0x19,0x38,0xB0,0xC7,0x2D,0x40,0xA8	; 9757
	db	0xBB,0x1B,0x48,0x98,0xC7,0x07,0x10,0x08,0x33,0x07,0x10,0x40,0x33,0x28,0x32,0x2C	; 9767
	db	0x3D,0x1A,0x1A,0x16,0x30,0x00,0xB9,0x17,0x38,0x00,0xD3,0x16,0x38,0x20,0xB9,0x16	; 9777
	db	0x40,0x40,0xB9,0x16,0x40,0x60,0xB9,0x16,0x40,0x80,0xB9,0x16,0x40,0xA0,0xB9,0x19	; 9787
	db	0x48,0x40,0xD3,0x1B,0x48,0x50,0xD3,0x1D,0x48,0x60,0xD3,0x1D,0x48,0x78,0xD3,0x1C	; 9797
	db	0x48,0x90,0xD3,0x1D,0x48,0xA0,0xD3,0x18,0x48,0xB8,0xAB,0x97,0x40,0x20,0xCB,0x2D	; 97A7
	db	0x38,0x18,0xBB,0x32,0x00,0x00,0xB9,0x32,0x00,0x20,0xB9,0x32,0x00,0x40,0xB9,0x32	; 97B7
	db	0x00,0x60,0xB9,0x1E,0x00,0x80,0xC9,0x14,0x10,0x88,0xBD,0x16,0x00,0x90,0xB9,0x2E	; 97C7
	db	0x00,0xB0,0xB1,0xA1,0x08,0x90,0x43,0x32,0x03,0x50,0xB7,0x29,0x33,0x2D,0x2F,0x14	; 97D7
	db	0x14,0x25,0x00,0x00,0xF9,0x25,0x18,0x00,0xF9,0x25,0x30,0x00,0xF9,0x2C,0x50,0x10	; 97E7
	db	0xEF,0x2C,0x50,0x30,0xEF,0x2C,0x50,0x50,0xEF,0x2C,0x50,0xA0,0xEF,0x9E,0x00,0x18	; 97F7
	db	0xF7,0x32,0x00,0x28,0xF3,0x32,0x00,0x48,0xF3,0x1E,0x00,0x68,0xF7,0x9E,0x00,0x78	; 9807
	db	0xF7,0x32,0x00,0x88,0xF3,0x1E,0x00,0xA8,0xF7,0x14,0x00,0xB8,0xF4,0x12,0x58,0x90	; 9817
	db	0xF0,0x12,0x58,0x98,0xF0,0x07,0x10,0x98,0x33,0x38,0x38,0x28,0x96,0x25,0x48,0x00	; 9827
	db	0xF9,0x2A,0x34,0x2E,0x30,0x13,0x13,0x9E,0x00,0x00,0xF7,0x1F,0x00,0x10,0xF0,0x1E	; 9837
	db	0x00,0x18,0xF7,0x14,0x00,0x28,0xF4,0x9E,0x00,0x30,0xF7,0x25,0x10,0x20,0xF9,0x25	; 9847
	db	0x28,0x20,0xF9,0x25,0x40,0x20,0xF9,0x2C,0x50,0x00,0xEF,0x0E,0x59,0x20,0xF2,0x16	; 9857
	db	0x50,0x38,0xF3,0x11,0x58,0x58,0xF1,0x16,0x50,0xA0,0xF3,0x16,0x50,0x88,0xF3,0x32	; 9867
	db	0x00,0x40,0xF3,0x32,0x00,0x60,0xF3,0x32,0x00,0x80,0xF3,0x32,0x00,0xA0,0xF3,0x31	; 9877
	db	0x10,0x70,0x3A,0x2B,0x35,0x2F,0x31,0x13,0x13,0x32,0x00,0x00,0xF3,0x32,0x00,0x20	; 9887
	db	0xF3,0x1E,0x00,0x40,0xF7,0x9E,0x00,0x50,0xF7,0x2C,0x00,0x60,0xEF,0x2C,0x00,0x80	; 9897
	db	0xEF,0x2C,0x00,0xA0,0xEF,0x16,0x50,0x00,0xF3,0x16,0x50,0x20,0xF3,0x15,0x50,0x40	; 98A7
	db	0xF7,0x15,0x50,0x70,0xF7,0x30,0x50,0x80,0xDA,0x30,0x50,0x90,0xDA,0x30,0x50,0xA0	; 98B7
	db	0xDA,0x30,0x50,0xB0,0xDA,0x31,0x10,0x10,0x3B,0x84,0x28,0xA0,0x1D,0x06,0x28,0xB0	; 98C7
	db	0x05,0x03,0x18,0xA0,0x36,0x2C,0x36,0x30,0x32,0x19,0x19,0x06,0x28,0x00,0x05,0x04	; 98D7
	db	0x28,0x10,0x1D,0x83,0x18,0x00,0x36,0x2C,0x00,0x00,0xEF,0x2C,0x00,0x20,0xEF,0x2C	; 98E7
	db	0x00,0x40,0xEF,0x2C,0x00,0x60,0xEF,0x1E,0x00,0x80,0xC7,0x9E,0x00,0x90,0xC7,0x32	; 98F7
	db	0x00,0xA0,0xB7,0x30,0x50,0x00,0xDA,0x30,0x50,0x10,0xDA,0x30,0x50,0x20,0xDA,0x30	; 9907
	db	0x50,0x30,0xDA,0x30,0x50,0x40,0xDA,0x30,0x50,0x50,0xDA,0x30,0x50,0x60,0xDA,0x30	; 9917
	db	0x50,0x70,0xDA,0x9E,0x50,0x80,0xC7,0x32,0x50,0xA0,0xB7,0x32,0x50,0x90,0xB7,0xA0	; 9927
	db	0x38,0x38,0x82,0x20,0x38,0x50,0x82,0x02,0x28,0x38,0x54,0x07,0x10,0xA8,0x33,0x2D	; 9937
	db	0x37,0x31,0x33,0x13,0x13,0x32,0x00,0x00,0xB7,0x32,0x00,0x20,0xB7,0x32,0x00,0x40	; 9947
	db	0xB7,0x32,0x00,0x60,0xB7,0x32,0x00,0x80,0xB7,0x1E,0x00,0xA0,0xC7,0x15,0x00,0xB0	; 9957
	db	0xC7,0x15,0x10,0xB0,0xC7,0x15,0x20,0xB0,0xC7,0x1E,0x30,0xB0,0xC7,0x05,0x40,0xB8	; 9967
	db	0xBB,0x15,0x50,0xB0,0xC7,0x16,0x50,0x90,0xB7,0x16,0x50,0x70,0xB7,0x09,0x58,0x60	; 9977
	db	0xAF,0x16,0x50,0x20,0xB7,0x16,0x50,0x00,0xB7,0x28,0x10,0x78,0x3E,0x27,0x28,0x08	; 9987
	db	0x3C,0x2E,0x38,0x32,0x34,0x15,0x15,0x16,0x00,0xA0,0xB8,0x09,0x10,0x90,0x5C,0x11	; 9997
	db	0x20,0x80,0x5C,0x11,0x30,0x70,0x5C,0x91,0x40,0x60,0x5C,0x16,0x50,0xA0,0xB8,0x16	; 99A7
	db	0x50,0x80,0xB8,0x16,0x50,0x60,0xB8,0x16,0x50,0x40,0xB8,0x16,0x50,0x20,0xB8,0x0E	; 99B7
	db	0x50,0x08,0xB4,0x9E,0x50,0x00,0xC8,0x9E,0x00,0x00,0xC8,0x2F,0x10,0x00,0xC0,0x2F	; 99C7
	db	0x28,0x00,0xC0,0x14,0x40,0x00,0xBC,0x16,0x00,0x10,0xB8,0x16,0x00,0x30,0xB8,0x16	; 99D7
	db	0x00,0x50,0xB8,0xA1,0x08,0x08,0x43,0x00,0x18,0x38,0x2C,0x2F,0x39,0x33,0x35,0x15	; 99E7
	db	0x15,0x09,0x20,0x68,0x5A,0x09,0x10,0x58,0x5A,0x16,0x00,0x30,0xB8,0x16,0x00,0x10	; 99F7
	db	0xB8,0x15,0x00,0x00,0xC8,0x11,0x30,0x78,0x5A,0x11,0x40,0x88,0x5A,0x16,0x58,0xA0	; 9A07
	db	0xB7,0x16,0x58,0x80,0xB7,0x11,0x50,0x98,0x5A,0x16,0x58,0x60,0xB7,0x16,0x50,0x40	; 9A17
	db	0xB8,0x16,0x50,0x20,0xB8,0x16,0x50,0x00,0xB8,0x2E,0x00,0x88,0xAF,0x1E,0x00,0x90	; 9A27
	db	0xC7,0x9E,0x00,0xA0,0xC7,0x1E,0x00,0xB0,0xC7,0x07,0x18,0x28,0x33,0x08,0x18,0x98	; 9A37
	db	0x32,0x12,0x00,0x50,0xAC,0x30,0x3A,0x34,0x36,0x17,0x17,0x16,0x58,0x00,0xB7,0x16	; 9A47
	db	0x58,0x20,0xB7,0x15,0x50,0x40,0xC7,0x15,0x40,0x40,0xC7,0x15,0x30,0x40,0xC7,0x15	; 9A57
	db	0x20,0x40,0xC7,0x15,0x10,0x40,0xC7,0x15,0x00,0x40,0xC7,0x32,0x00,0x00,0xB7,0x2E	; 9A67
	db	0x00,0x20,0xAF,0x1E,0x00,0x30,0xC7,0x25,0x00,0x70,0xD1,0x25,0x18,0x70,0xD1,0x25	; 9A77
	db	0x30,0x70,0xD1,0x25,0x48,0x70,0xD1,0x16,0x00,0x88,0xB9,0x0E,0x00,0xA8,0xB5,0x2E	; 9A87
	db	0x50,0x88,0xAE,0x2E,0x50,0x98,0xAE,0x2E,0x50,0xA8,0xAE,0x2E,0x50,0xB0,0xAE,0x28	; 9A97
	db	0x10,0x98,0x3F,0xA8,0x10,0x10,0x3E,0x31,0x3B,0x35,0x37,0x10,0x10,0x16,0x00,0x00	; 9AA7
	db	0xB9,0x16,0x00,0x20,0xB9,0x16,0x00,0x40,0xB9,0x16,0x00,0x60,0xB9,0x1E,0x00,0x80	; 9AB7
	db	0xC9,0x9E,0x00,0x90,0xC9,0x32,0x00,0xA0,0xB9,0x32,0x50,0x00,0xB6,0x32,0x50,0x20	; 9AC7
	db	0xB6,0x2E,0x58,0x40,0xAE,0x32,0x50,0x70,0xB6,0x32,0x50,0x90,0xB6,0x11,0x50,0xB0	; 9AD7
	db	0xAE,0x28,0x18,0x18,0x3F,0x07,0x18,0x70,0x33,0x07,0x18,0xA8,0x33,0x32,0x3C,0x36	; 9AE7
	db	0x38,0x16,0x16,0x11,0x20,0x50,0x5A,0x09,0x10,0x60,0x5A,0x16,0x00,0x70,0xB9,0x16	; 9AF7
	db	0x00,0x90,0xB9,0x1E,0x00,0xB0,0xC9,0x2F,0x10,0xB8,0xC1,0x15,0x28,0xB0,0xC9,0x15	; 9B07
	db	0x38,0xB0,0xC9,0x25,0x48,0xA8,0xD1,0x16,0x50,0x88,0xB9,0x16,0x50,0x48,0xB9,0x16	; 9B17
	db	0x50,0x28,0xB9,0x16,0x50,0x08,0xB9,0x9E,0x50,0x00,0xC9,0x32,0x00,0x00,0xB9,0x1E	; 9B27
	db	0x00,0x20,0xC9,0x9E,0x00,0x30,0xC9,0x11,0x30,0x40,0x5A,0x91,0x40,0x30,0x5A,0x11	; 9B37
	db	0x28,0xA0,0xB1,0x32,0x28,0x80,0xB9,0x02,0x18,0x80,0x54,0x33,0x3D,0x2A,0x39,0x15	; 9B47
	db	0x15,0x25,0x00,0x00,0xCF,0x25,0x18,0x00,0xCF,0x9E,0x00,0x18,0xC7,0x32,0x00,0x28	; 9B57
	db	0xB7,0x1E,0x00,0x48,0xC7,0x9E,0x00,0x58,0xC7,0x2E,0x00,0x68,0xAF,0x1E,0x00,0x78	; 9B67
	db	0xC7,0x14,0x00,0x88,0xBB,0x9E,0x00,0x90,0xC7,0x32,0x00,0xA0,0xB7,0x0A,0x58,0x00	; 9B77
	db	0xD8,0x0A,0x58,0x20,0xD8,0x15,0x50,0x40,0xC7,0x16,0x50,0x50,0xB7,0x16,0x50,0x70	; 9B87
	db	0xB7,0x16,0x50,0x90,0xB7,0x15,0x50,0xB0,0xC7,0x07,0x10,0x30,0x33,0x07,0x10,0xA0	; 9B97
	db	0x33,0x00,0x20,0x58,0x2C,0x34,0x3E,0x38,0x3A,0x12,0x12,0x32,0x00,0x00,0xB7,0x32	; 9BA7
	db	0x00,0x20,0xB7,0x32,0x00,0x40,0xB7,0x32,0x00,0x60,0xB7,0x32,0x00,0x80,0xB7,0x32	; 9BB7
	db	0x00,0xA0,0xB7,0x15,0x50,0x00,0xC7,0x15,0x50,0x10,0xC7,0x15,0x50,0x40,0xC7,0x15	; 9BC7
	db	0x50,0x50,0xC7,0x15,0x50,0x60,0xC7,0x15,0x50,0x70,0xC7,0x15,0x50,0x80,0xC7,0x9E	; 9BD7
	db	0x50,0x90,0xC7,0x32,0x50,0xA0,0xB7,0x27,0x28,0x60,0x3C,0x07,0x10,0x28,0x33,0x07	; 9BE7
	db	0x10,0xB0,0x33,0x35,0x3F,0x39,0x3B,0x11,0x11,0x32,0x00,0x00,0xB7,0x32,0x00,0x20	; 9BF7
	db	0xB7,0x1E,0x00,0x40,0xC7,0x9E,0x00,0x70,0xF7,0x32,0x00,0x80,0xF3,0x16,0x00,0xA0	; 9C07
	db	0xF3,0x32,0x50,0x00,0xB7,0x32,0x50,0x20,0xB7,0x15,0x50,0x40,0xC7,0x15,0x50,0x70	; 9C17
	db	0xF7,0x30,0x50,0x80,0xC8,0x30,0x50,0x90,0xC8,0x30,0x50,0xA0,0xC8,0x30,0x50,0xB0	; 9C27
	db	0xC8,0x28,0x10,0x10,0x3E,0x21,0x08,0xA8,0x43,0x8B,0x20,0x50,0x2C,0x36,0x40,0x3A	; 9C37
	db	0x3C,0x1D,0x1D,0x11,0x10,0x40,0x59,0x32,0x00,0x00,0xF3,0x09,0x30,0x60,0x59,0x30	; 9C47
	db	0x50,0x00,0xC8,0x30,0x50,0x10,0xC8,0x30,0x50,0x20,0xC8,0x30,0x50,0x30,0xC8,0x30	; 9C57
	db	0x50,0x40,0xC8,0x30,0x50,0x50,0xC8,0x30,0x50,0x60,0xC8,0x30,0x50,0x70,0xC8,0x30	; 9C67
	db	0x50,0x80,0xC8,0x30,0x50,0x90,0xC8,0x30,0x50,0xA0,0xC8,0x15,0x50,0xB0,0xF7,0x89	; 9C77
	db	0x40,0x70,0x59,0x16,0x00,0x78,0xF3,0x16,0x00,0x98,0xF3,0x1E,0x00,0xB0,0xF7,0x32	; 9C87
	db	0x13,0x88,0xF3,0x14,0x18,0x88,0x4A,0x14,0x18,0xA0,0x4A,0x32,0x28,0x88,0x49,0x01	; 9C97
	db	0x18,0x90,0x13,0x01,0x18,0x98,0x13,0x07,0x10,0x18,0x33,0x32,0x00,0x20,0xF3,0x91	; 9CA7
	db	0x20,0x50,0x59,0x1F,0x00,0x70,0xF2,0x37,0x41,0x3B,0x3D,0x19,0x19,0x25,0x48,0xA8	; 9CB7
	db	0xF9,0x30,0x50,0x98,0xC9,0x30,0x50,0x88,0xC9,0x30,0x50,0x58,0xC9,0x30,0x50,0x48	; 9CC7
	db	0xC9,0x30,0x50,0x38,0xC9,0x30,0x50,0x28,0xC9,0x30,0x50,0x18,0xC9,0x14,0x50,0x10	; 9CD7
	db	0xF4,0x15,0x50,0x00,0xF7,0x32,0x00,0x00,0xF3,0x32,0x00,0x20,0xF3,0x0E,0x00,0x40	; 9CE7
	db	0xF2,0x1E,0x00,0x58,0xF7,0x9E,0x00,0x88,0xF7,0x2E,0x00,0x98,0xF1,0x25,0x00,0xA8	; 9CF7
	db	0xF9,0x2F,0x18,0xB8,0xF5,0x2F,0x30,0xB8,0xF5,0x07,0x10,0x98,0x33,0x84,0x28,0x08	; 9D07
	db	0x1E,0x06,0x28,0x18,0x06,0x04,0x28,0x28,0x1E,0x03,0x18,0x10,0x35,0x07,0x10,0x50	; 9D17
	db	0x33,0x38,0x42,0x2D,0x3E,0x17,0x17,0x16,0x40,0x00,0xB9,0x17,0x48,0x00,0xCB,0x09	; 9D27
	db	0x48,0x20,0xB1,0x1A,0x50,0x18,0xD3,0x09,0x50,0x30,0xB1,0x09,0x58,0x40,0xB1,0x16	; 9D37
	db	0x48,0x88,0xB9,0x16,0x50,0xA0,0xB9,0x16,0x48,0x70,0xB9,0x2F,0x30,0x88,0xC0,0x2F	; 9D47
	db	0x18,0x88,0xC0,0x2F,0x00,0x88,0xC0,0x32,0x00,0x00,0xB9,0x32,0x00,0x20,0xB9,0x32	; 9D57
	db	0x00,0x40,0xB9,0x32,0x00,0x60,0xB9,0x1E,0x00,0x78,0xC8,0x15,0x00,0x90,0xC8,0x2C	; 9D67
	db	0x00,0xA0,0xEF,0x36,0x10,0x90,0x04,0x18,0x58,0x30,0xAB,0x18,0x58,0x38,0xAB,0x07	; 9D77
	db	0x10,0x40,0x33,0x39,0x43,0x3D,0x3F,0x11,0x11,0x2C,0x00,0x00,0xEF,0x13,0x00,0x18	; 9D87
	db	0xAC,0x9E,0x00,0x40,0xC8,0x2C,0x00,0x50,0xEF,0x2C,0x00,0x70,0xEF,0x2C,0x00,0x90	; 9D97
	db	0xEF,0x1E,0x00,0xB0,0xC8,0x16,0x50,0x00,0xB9,0x16,0x50,0x40,0xB9,0x16,0x48,0x60	; 9DA7
	db	0xB6,0x13,0x48,0x80,0xAA,0x16,0x48,0x88,0xB6,0x0E,0x50,0xA8,0xB5,0x26,0x21,0x78	; 9DB7
	db	0x42,0x08,0x10,0x50,0x37,0x88,0x10,0xA0,0x37,0x16,0x50,0x20,0xB9,0x3A,0x44,0x3E	; 9DC7
	db	0x40,0x18,0x18,0x9E,0x00,0x00,0xC8,0x16,0x00,0x10,0xB8,0x16,0x00,0x30,0xB8,0x16	; 9DD7
	db	0x50,0x00,0xB9,0x16,0x50,0x20,0xB9,0x15,0x50,0x40,0xC9,0x22,0x18,0x10,0x39,0x16	; 9DE7
	db	0x00,0x70,0xB8,0x29,0x08,0x70,0xCB,0x2A,0x18,0x70,0xF3,0x15,0x50,0x70,0xC6,0x15	; 9DF7
	db	0x50,0x80,0xC6,0x9E,0x50,0x90,0xC6,0x32,0x50,0xA0,0xB6,0x16,0x00,0x90,0xB8,0x1E	; 9E07
	db	0x00,0xB0,0xC8,0x08,0x18,0xA0,0x37,0x2B,0x20,0x70,0xB7,0x2A,0x20,0x70,0xF3,0x2A	; 9E17
	db	0x28,0x70,0xF3,0x2A,0x30,0x70,0xF3,0x2A,0x38,0x70,0xF3,0x2A,0x40,0x70,0xF3,0x2B	; 9E27
	db	0x48,0x70,0xB7,0x3B,0x45,0x3F,0x41,0x1A,0x1A,0x9E,0x00,0x00,0xC8,0x32,0x00,0x10	; 9E37
	db	0xB8,0x32,0x00,0x30,0xB8,0x32,0x00,0x50,0xB8,0x16,0x00,0x70,0xB8,0x29,0x08,0x70	; 9E47
	db	0xCB,0x2A,0x18,0x70,0xF3,0x16,0x50,0x70,0xB6,0x16,0x50,0x50,0xB6,0x16,0x50,0x30	; 9E57
	db	0xB6,0x16,0x50,0x10,0xB6,0x9E,0x50,0x00,0xC6,0x16,0x50,0x90,0xB9,0x1E,0x50,0xB0	; 9E67
	db	0xC9,0x32,0x00,0xA0,0xB7,0x32,0x00,0x90,0xB7,0xA0,0x38,0x10,0x82,0x20,0x38,0x30	; 9E77
	db	0x82,0x24,0x08,0x20,0x44,0x2B,0x20,0x70,0xB7,0x2A,0x20,0x70,0xF3,0x2A,0x28,0x70	; 9E87
	db	0xF3,0x2A,0x30,0x70,0xF3,0x2A,0x38,0x70,0xF3,0x2A,0x40,0x70,0xF3,0x2B,0x48,0x70	; 9E97
	db	0xB7,0x3C,0x46,0x40,0x42,0x16,0x16,0x25,0x00,0xA8,0xD1,0x25,0x18,0xA8,0xD1,0x25	; 9EA7
	db	0x30,0xA8,0xD1,0x25,0x48,0xA8,0xD1,0x16,0x50,0x68,0xB9,0x16,0x50,0x48,0xB9,0x9E	; 9EB7
	db	0x50,0x38,0xC9,0x15,0x50,0x28,0xC9,0x15,0x50,0x18,0xC9,0x15,0x50,0x08,0xC9,0x14	; 9EC7
	db	0x50,0x00,0xBD,0x16,0x00,0x88,0xB7,0x32,0x00,0x40,0xB7,0x32,0x00,0x20,0xB7,0x32	; 9ED7
	db	0x00,0x00,0xB7,0x21,0x08,0x90,0x43,0x32,0x20,0x10,0x0E,0x32,0x20,0x30,0x0E,0x12	; 9EE7
	db	0x28,0x18,0x02,0x12,0x28,0x40,0x02,0x82,0x11,0x10,0x2F,0x13,0x00,0x60,0xAB,0x3D	; 9EF7
	db	0x47,0x41,0x43,0x1B,0x1B,0x17,0x00,0x00,0xF8,0x97,0x50,0x00,0xCD,0x1A,0x50,0x50	; 9F07
	db	0xCD,0x09,0x58,0x20,0xAE,0x1A,0x50,0x68,0xD5,0x9A,0x50,0x80,0xD5,0x1B,0x50,0x98	; 9F17
	db	0xC9,0x1A,0x50,0xA8,0xD5,0x1D,0x00,0x70,0xFA,0x9D,0x00,0x88,0xFA,0x16,0x00,0xA0	; 9F27
	db	0xF3,0x2D,0x08,0xA0,0xF4,0xAD,0x08,0xA8,0xF4,0xAD,0x08,0xB0,0xF4,0x2D,0x08,0xB8	; 9F37
	db	0xF4,0x15,0x40,0xA0,0x72,0x15,0x40,0xB0,0x72,0x17,0x00,0x20,0xF8,0x09,0x10,0x40	; 9F47
	db	0x59,0x09,0x20,0x50,0x59,0x09,0x30,0x60,0x59,0x11,0x40,0x70,0x59,0x15,0x08,0x00	; 9F57
	db	0xF7,0x15,0x18,0x00,0xF7,0x01,0x28,0x00,0xBC,0x01,0x28,0x08,0xBC,0x25,0x38,0x00	; 9F67
	db	0xD1,0x3E,0x48,0x42,0x44,0x18,0x18,0x1D,0x00,0x00,0xFA,0x1B,0x00,0x18,0xF7,0x15	; 9F77
	db	0x00,0x28,0xC7,0x15,0x10,0x28,0xC7,0x15,0x20,0x28,0xC7,0x15,0x30,0x28,0xC7,0x15	; 9F87
	db	0x40,0x28,0xC7,0x17,0x50,0x00,0xCD,0x97,0x50,0x20,0xCD,0x1A,0x50,0x40,0xD5,0x1D	; 9F97
	db	0x50,0x58,0xD5,0x18,0x50,0xB8,0xAD,0x17,0x50,0x78,0xCD,0x2D,0x50,0x70,0xBD,0x9E	; 9FA7
	db	0x00,0x38,0xC7,0x32,0x00,0x48,0xB7,0x32,0x00,0x68,0xB7,0x32,0x00,0x88,0xB7,0x0E	; 9FB7
	db	0x00,0xA8,0xB3,0x32,0x20,0x48,0x0E,0x03,0x10,0x48,0x35,0x83,0x10,0xA0,0x34,0x32	; 9FC7
	db	0x20,0xA0,0x0E,0x07,0x10,0x80,0x33,0x3F,0x49,0x43,0x45,0x1D,0x1D,0x16,0x00,0x00	; 9FD7
	db	0xB7,0x16,0x00,0x20,0xB7,0x15,0x00,0x40,0xC7,0x15,0x10,0x40,0xC7,0x15,0x20,0x40	; 9FE7
	db	0xC7,0x01,0x30,0x40,0xBC,0x01,0x30,0x48,0xBC,0x15,0x40,0x40,0xC7,0x17,0x50,0x30	; 9FF7
	db	0xCD,0x9D,0x50,0x18,0xD5,0x1A,0x50,0x00,0xD5,0x1E,0x08,0x30,0xC7,0x83,0x10,0x08	; A007
	db	0x35,0x32,0x20,0x08,0x0E,0x9E,0x00,0x70,0xF7,0x25,0x30,0x70,0xF9,0x25,0x48,0x70	; A017
	db	0xF9,0x09,0x40,0x88,0xF1,0x09,0x48,0x98,0xF1,0x0E,0x50,0xA8,0xF2,0x2C,0x00,0x80	; A027
	db	0xEF,0x2C,0x00,0xA0,0xEF,0x1C,0x48,0x88,0xC8,0x1B,0x50,0x98,0xC8,0x2D,0x50,0x90	; A037
	db	0xBC,0x18,0x58,0xA8,0xAC,0x18,0x58,0xB0,0xAC,0x18,0x58,0xB8,0xAC,0x07,0x10,0xA8	; A047
	db	0x33,0x40,0x4A,0x44,0x46,0x15,0x15,0x16,0x50,0x00,0xF3,0x16,0x58,0x20,0xF3,0x16	; A057
	db	0x58,0x40,0xF3,0x16,0x58,0x80,0xF3,0x16,0x50,0xA0,0xF3,0x2C,0x00,0x00,0xEF,0x2C	; A067
	db	0x00,0x20,0xEF,0x2C,0x00,0x40,0xEF,0x2C,0x00,0x60,0xEF,0x2C,0x00,0x80,0xEF,0x25	; A077
	db	0x00,0xA8,0xF9,0x25,0x18,0xA8,0xF9,0x1E,0x00,0x98,0xF7,0x07,0x10,0x28,0x33,0x07	; A087
	db	0x10,0x68,0x33,0x07,0x10,0x88,0x33,0x07,0x10,0x48,0x33,0x07,0x10,0x08,0x33,0x16	; A097
	db	0x58,0x60,0xF3,0x29,0x48,0x50,0x22,0x2B,0x40,0x50,0x63,0x41,0x4B,0x45,0x47,0x15	; A0A7
	db	0x15,0x25,0x00,0xA8,0xF9,0x2F,0x18,0xB8,0xC0,0x2F,0x30,0xB8,0xC0,0x2F,0x48,0xB8	; A0B7
	db	0xC0,0x16,0x50,0x98,0xF3,0x09,0x58,0x88,0xF1,0x16,0x50,0x40,0xF3,0x16,0x50,0x20	; A0C7
	db	0xF3,0x16,0x50,0x00,0xF3,0x25,0x18,0x00,0xF9,0x25,0x18,0x18,0xF9,0x25,0x18,0x30	; A0D7
	db	0xF9,0x25,0x18,0x48,0xF9,0x25,0x00,0x60,0xF9,0x9E,0x00,0x78,0xF7,0x25,0x00,0x48	; A0E7
	db	0xF9,0x25,0x00,0x30,0xF9,0x25,0x00,0x18,0xF9,0x25,0x00,0x00,0xF9,0xA1,0x18,0x60	; A0F7
	db	0x43,0x1F,0x50,0x60,0xF0,0x42,0x4C,0x46,0x48,0x1A,0x1A,0x17,0x00,0x00,0xCA,0x97	; A107
	db	0x00,0x68,0xCA,0x1D,0x00,0x88,0xD2,0x1C,0x00,0xA0,0xC6,0x1B,0x00,0xB0,0xC6,0x1D	; A117
	db	0x50,0x00,0xF8,0x9D,0x50,0x18,0xF8,0x17,0x50,0x30,0xF8,0x97,0x50,0x50,0xF8,0x0D	; A127
	db	0x58,0x70,0x31,0x0D,0x50,0x70,0x31,0x0D,0x48,0x70,0x31,0x0D,0x40,0x70,0x31,0x0D	; A137
	db	0x38,0x70,0x31,0x0D,0x30,0x70,0x31,0x1D,0x50,0x88,0xF8,0x1C,0x50,0xA0,0xF7,0x1B	; A147
	db	0x50,0xB0,0xF7,0x2D,0x08,0x00,0xBA,0x14,0x40,0x00,0xBB,0x14,0x30,0x00,0xBB,0x11	; A157
	db	0x10,0x20,0x59,0x11,0x20,0x30,0x59,0x91,0x30,0x40,0x59,0x09,0x40,0x50,0x59,0x1D	; A167
	db	0x00,0x50,0xD2,0x43,0x4D,0x47,0x49,0x1C,0x1C,0x13,0x00,0xB8,0xAC,0x32,0x28,0xA0	; A177
	db	0xB8,0x1E,0x20,0x90,0xC8,0x14,0x10,0x90,0xBC,0x1E,0x00,0x88,0xC8,0x17,0x50,0xA0	; A187
	db	0xCB,0x97,0x50,0x80,0xCB,0x1D,0x50,0x68,0xCB,0x1A,0x50,0x50,0xCB,0x9A,0x50,0x38	; A197
	db	0xCB,0x17,0x50,0x18,0xCB,0x9D,0x50,0x00,0xCB,0x17,0x00,0x00,0xCD,0x1D,0x00,0x20	; A1A7
	db	0xCD,0x1A,0x00,0x38,0xCD,0x1C,0x00,0x50,0xC9,0x1B,0x00,0x60,0xC9,0x9A,0x00,0x70	; A1B7
	db	0xD5,0x27,0x28,0x10,0x3C,0x84,0x28,0x50,0x4D,0x06,0x28,0x60,0x48,0x04,0x28,0x70	; A1C7
	db	0x4D,0x13,0x20,0x58,0x01,0x13,0x20,0x60,0x02,0x13,0x20,0x68,0x00,0x13,0x20,0x70	; A1D7
	db	0x03,0x13,0x18,0x60,0x46,0x13,0x18,0x68,0x01,0x44,0x4E,0x48,0x4A,0x13,0x13,0x16	; A1E7
	db	0x00,0x00,0xB8,0x16,0x00,0x20,0xB8,0x15,0x00,0x40,0xC8,0x17,0x50,0x00,0xCB,0x1C	; A1F7
	db	0x50,0x20,0xC7,0x16,0x50,0x30,0xB9,0x15,0x40,0x30,0xC9,0x15,0x30,0x20,0xC9,0x32	; A207
	db	0x28,0x00,0xB8,0x9E,0x00,0x70,0xC8,0x32,0x00,0x80,0xB8,0x32,0x00,0xA0,0xB8,0x16	; A217
	db	0x50,0xA0,0xB9,0x24,0x10,0x50,0x44,0x9E,0x50,0x90,0xC9,0x13,0x58,0x70,0xAD,0x07	; A227
	db	0x10,0xA8,0x33,0x14,0x40,0x90,0xBD,0x14,0x30,0x90,0xBD,0x45,0x4F,0x49,0x4B,0x15	; A237
	db	0x15,0x32,0x00,0x00,0xB9,0x25,0x02,0x20,0xCE,0x25,0x02,0x38,0xCE,0x32,0x00,0x50	; A247
	db	0xB9,0x32,0x00,0x70,0xB9,0x32,0x00,0x90,0xB9,0x1E,0x00,0xB0,0xC9,0x16,0x50,0x00	; A257
	db	0xB9,0x15,0x48,0x20,0xC7,0x15,0x48,0x30,0xC7,0x15,0x48,0x40,0xC7,0x0A,0x50,0xA0	; A267
	db	0xD8,0x0A,0x50,0x80,0xD8,0x36,0x19,0x20,0x04,0x36,0x19,0x30,0x04,0x36,0x19,0x40	; A277
	db	0x04,0x31,0x18,0x60,0x3A,0x31,0x18,0x98,0x3B,0x08,0x10,0x80,0x37,0x15,0x48,0x70	; A287
	db	0xC7,0x32,0x48,0x50,0xB6,0x46,0x50,0x4A,0x4C,0x17,0x17,0x2F,0x00,0xB8,0xC0,0x2F	; A297
	db	0x18,0xB8,0xC0,0x2F,0x30,0xB8,0xC0,0x2F,0x48,0xB8,0xC0,0x16,0x00,0x98,0xB9,0x09	; A2A7
	db	0x10,0x88,0x5A,0x09,0x20,0x78,0x5A,0x16,0x00,0x40,0xB9,0x16,0x00,0x20,0xB9,0x16	; A2B7
	db	0x00,0x00,0xB9,0x32,0x28,0x58,0xB7,0x32,0x28,0x38,0xB7,0x09,0x38,0x28,0x5A,0x0A	; A2C7
	db	0x50,0x00,0xD8,0x09,0x48,0x18,0x5A,0x0A,0x50,0x20,0xD8,0x0A,0x50,0x40,0xD8,0x0A	; A2D7
	db	0x50,0x60,0xD8,0x14,0x50,0x80,0xBA,0x9E,0x50,0x88,0xC6,0x87,0x10,0xA0,0x33,0x38	; A2E7
	db	0x38,0x48,0x41,0x1F,0x00,0x60,0xAD,0x47,0x51,0x4B,0x4D,0x23,0x23,0x0D,0x00,0x70	; A2F7
	db	0x31,0x0D,0x08,0x70,0x31,0x0D,0x10,0x70,0x31,0x0D,0x18,0x70,0x31,0x0D,0x20,0x70	; A307
	db	0x31,0x0D,0x28,0x70,0x31,0x0D,0x30,0x70,0x31,0x0D,0x38,0x70,0x31,0x0D,0x40,0x70	; A317
	db	0x31,0x0D,0x48,0x70,0x31,0x0D,0x50,0x70,0x31,0x0D,0x58,0x70,0x31,0x2F,0x48,0x00	; A327
	db	0xF5,0x2F,0x30,0x00,0xF5,0x9E,0x20,0x00,0xF7,0x15,0x10,0x00,0xF7,0x15,0x00,0x00	; A337
	db	0xF7,0x16,0x00,0x10,0xF3,0x16,0x00,0x30,0xF3,0x16,0x00,0x50,0xF3,0x97,0x50,0x50	; A347
	db	0xCD,0x25,0x0A,0x10,0xCE,0x25,0x0A,0x28,0xCE,0x36,0x21,0x18,0x04,0x36,0x21,0x28	; A357
	db	0x04,0x17,0x50,0x88,0xCD,0x1D,0x50,0xA8,0xD5,0x17,0x00,0x88,0xCB,0x9D,0x00,0xA8	; A367
	db	0xD3,0x07,0x10,0xA0,0x33,0x87,0x10,0x50,0x33,0x9E,0x50,0x08,0xF7,0x2D,0x50,0x48	; A377
	db	0xBD,0x1E,0x50,0x38,0xF7,0xB2,0x50,0x18,0xF3,0x48,0x52,0x4C,0x4E,0x18,0x18,0x17	; A387
	db	0x00,0x00,0xCB,0x97,0x00,0x20,0xCB,0x1A,0x00,0x40,0xD3,0x1D,0x00,0x58,0xD3,0x1E	; A397
	db	0x00,0x70,0xC8,0x2F,0x10,0x78,0xC0,0x2F,0x28,0x78,0xC0,0x2F,0x40,0x78,0xC0,0x1D	; A3A7
	db	0x50,0x00,0xD5,0x1A,0x50,0x18,0xD5,0x1B,0x50,0x30,0xD5,0x1C,0x50,0x40,0xD5,0x17	; A3B7
	db	0x50,0x50,0xCD,0x1C,0x50,0x70,0xC9,0x17,0x50,0xA0,0xF8,0x9E,0x00,0x80,0xC8,0x32	; A3C7
	db	0x00,0x90,0xB8,0x1E,0x00,0xB0,0xC8,0x39,0x31,0x58,0x25,0x13,0x48,0x58,0x55,0x12	; A3D7
	db	0x48,0x68,0x55,0x08,0x18,0x10,0x32,0x88,0x18,0x40,0x32,0x07,0x10,0xA0,0x33,0x49	; A3E7
	db	0x53,0x4D,0x4F,0x11,0x11,0x9E,0x00,0x00,0xC8,0x18,0x00,0x10,0xAA,0x1D,0x00,0x18	; A3F7
	db	0xD2,0x17,0x00,0x30,0xCA,0x97,0x00,0x78,0xCA,0x1D,0x00,0x98,0xD2,0x1C,0x00,0xB0	; A407
	db	0xC6,0x17,0x50,0x00,0xF8,0x97,0x50,0x20,0xF8,0x2D,0x50,0x40,0xF4,0x2D,0x50,0x48	; A417
	db	0xF4,0x2D,0x50,0x78,0xF4,0x1D,0x50,0x80,0xFA,0x1A,0x50,0x98,0xFA,0x1C,0x50,0xB0	; A427
	db	0xF7,0x2D,0x50,0x70,0xF4,0x2D,0x00,0x70,0xBA,0x4A,0x54,0x4E,0x50,0x23,0x23,0x17	; A437
	db	0x50,0x00,0xF8,0x0D,0x58,0x20,0x52,0x0D,0x50,0x20,0x52,0x0D,0x48,0x20,0x52,0x0D	; A447
	db	0x40,0x20,0x52,0x0D,0x38,0x20,0x52,0x0D,0x30,0x20,0x52,0x18,0x50,0x38,0xF0,0x30	; A457
	db	0x50,0x40,0xDA,0x30,0x50,0x50,0xDA,0x30,0x50,0x60,0xDA,0x30,0x50,0x70,0xDA,0x30	; A467
	db	0x50,0x80,0xDA,0x30,0x50,0x90,0xDA,0x30,0x50,0xA0,0xDA,0x30,0x50,0xB0,0xDA,0x09	; A477
	db	0x48,0x40,0xDA,0x15,0x38,0x40,0xDA,0x09,0x30,0x40,0xDA,0x15,0x20,0x40,0xDA,0x09	; A487
	db	0x18,0x40,0xDA,0x15,0x08,0x40,0xDA,0x12,0x00,0x40,0xDA,0x13,0x00,0x48,0xDA,0x17	; A497
	db	0x00,0x00,0xCA,0x17,0x00,0x20,0xCA,0x0A,0x00,0xA0,0xB6,0x2C,0x08,0xA0,0xEF,0x0A	; A4A7
	db	0x00,0x80,0xB6,0x2C,0x08,0x80,0xEF,0x15,0x00,0x70,0xDA,0x9E,0x10,0x70,0xDA,0xA0	; A4B7
	db	0x38,0xA0,0x82,0x03,0x28,0xA0,0x35,0xA2,0x18,0x80,0x39,0x4B,0x55,0x4F,0x51,0x20	; A4C7
	db	0x20,0x0A,0x00,0x00,0xB6,0x2C,0x08,0x00,0xEF,0x0A,0x00,0x20,0xB6,0x2C,0x08,0x20	; A4D7
	db	0xEF,0x0A,0x00,0x40,0xB6,0x2C,0x08,0x40,0xEF,0x15,0x00,0x60,0xDA,0x15,0x00,0x70	; A4E7
	db	0xDA,0x2F,0x00,0xB8,0xC0,0x2F,0x18,0xB8,0xC0,0x2F,0x30,0xB8,0xC0,0x2F,0x48,0xB8	; A4F7
	db	0xC0,0x14,0x00,0x80,0xDA,0x9E,0x00,0x88,0xDA,0x15,0x10,0x80,0xDA,0x15,0x20,0x80	; A507
	db	0xDA,0x30,0x50,0x80,0xDA,0x30,0x50,0x70,0xDA,0x30,0x50,0x60,0xDA,0x30,0x50,0x50	; A517
	db	0xDA,0x30,0x50,0x40,0xDA,0x30,0x50,0x30,0xDA,0x30,0x50,0x20,0xDA,0x30,0x50,0x10	; A527
	db	0xDA,0x30,0x50,0x00,0xDA,0x20,0x38,0x00,0x82,0x83,0x28,0x00,0x34,0xA3,0x18,0x30	; A537
	db	0x38,0x38,0x38,0x48,0x95,0x36,0x10,0x60,0x1C,0x15,0x30,0x80,0xDA,0x15,0x40,0x80	; A547
	db	0xDA,0x4C,0x56,0x50,0x52,0x1E,0x1E,0x0D,0x00,0x70,0x31,0x0D,0x08,0x70,0x31,0x0D	; A557
	db	0x10,0x70,0x31,0x0D,0x18,0x70,0x31,0x0D,0x20,0x70,0x31,0x0D,0x28,0x70,0x31,0x0D	; A567
	db	0x30,0x70,0x31,0x0D,0x38,0x70,0x31,0x0D,0x40,0x70,0x31,0x0D,0x48,0x70,0x31,0x0D	; A577
	db	0x50,0x70,0x31,0x16,0x58,0xA0,0xB9,0x16,0x58,0x80,0xB9,0x16,0x58,0x60,0xB9,0x16	; A587
	db	0x58,0x40,0xB9,0x2F,0x48,0x38,0xBF,0x16,0x58,0x18,0xB7,0x2F,0x48,0x10,0xBF,0x1E	; A597
	db	0x38,0x08,0xC7,0x15,0x28,0x00,0xC7,0x2F,0x10,0x00,0xBF,0x9E,0x00,0x00,0xC7,0x1F	; A5A7
	db	0x00,0x10,0xAB,0x1F,0x00,0x38,0xAB,0x1E,0x00,0x40,0xC7,0x17,0x00,0x50,0xCA,0x97	; A5B7
	db	0x00,0x88,0xCA,0x1A,0x00,0xA8,0xD2,0x2F,0x10,0x48,0xBF,0x07,0x18,0xA8,0x33,0x4D	; A5C7
	db	0x56,0x51,0x53,0x15,0x15,0x16,0x58,0x00,0xB9,0x16,0x58,0x20,0xB9,0x0D,0x58,0x40	; A5D7
	db	0x52,0x0D,0x50,0x40,0x52,0x0D,0x48,0x40,0x52,0x0D,0x40,0x40,0x52,0x0D,0x38,0x40	; A5E7
	db	0x52,0x16,0x58,0x58,0xF3,0x1D,0x50,0x78,0xF8,0x1A,0x50,0x90,0xF8,0x1D,0x50,0xA8	; A5F7
	db	0xFA,0x1D,0x00,0xA8,0xD2,0x2D,0x00,0xA0,0xBA,0x1D,0x00,0x68,0xD2,0x17,0x00,0x48	; A607
	db	0xCA,0x2D,0x00,0x40,0xBA,0x1A,0x00,0x28,0xD2,0x97,0x00,0x08,0xCA,0x2D,0x00,0x00	; A617
	db	0xBA,0x07,0x10,0x18,0x33,0x07,0x10,0x70,0x33,0x4E,0x58,0x52,0x54,0x17,0x17,0x17	; A627
	db	0x00,0x00,0xCA,0x1D,0x00,0x20,0xCA,0x9D,0x00,0x38,0xD2,0x2D,0x00,0x70,0xBA,0x9A	; A637
	db	0x00,0x78,0xD2,0x1D,0x00,0x90,0xD2,0x1D,0x00,0xA8,0xD2,0x97,0x50,0x00,0xF8,0x1D	; A647
	db	0x50,0x20,0xFA,0x1C,0x50,0x38,0xF7,0x14,0x50,0x48,0xBD,0x16,0x58,0x50,0xB9,0x05	; A657
	db	0x50,0x70,0xBD,0x1D,0x50,0x78,0xFA,0x1A,0x50,0x90,0xFA,0x9A,0x50,0xA8,0xFA,0x39	; A667
	db	0x30,0x50,0xD0,0x2F,0x38,0x70,0xC1,0x9E,0x28,0x70,0xC9,0xA1,0x30,0x78,0xED,0x09	; A677
	db	0x28,0x80,0xB1,0x0E,0x28,0x90,0xB5,0x02,0x19,0x70,0xFE,0x4F,0x59,0x53,0x55,0x20	; A687
	db	0x20,0x17,0x00,0x00,0xCA,0x0D,0x00,0x20,0x52,0x0D,0x08,0x20,0x52,0x0D,0x10,0x20	; A697
	db	0x52,0x0D,0x18,0x20,0x52,0x0D,0x20,0x20,0x52,0x0D,0x28,0x20,0x52,0x0D,0x30,0x20	; A6A7
	db	0x52,0x0D,0x38,0x20,0x52,0x0D,0x40,0x20,0x52,0x0D,0x48,0x20,0x52,0x97,0x50,0x00	; A6B7
	db	0xF8,0x1D,0x50,0x20,0xFA,0x9E,0x00,0x38,0xC8,0x15,0x50,0x38,0xC8,0x32,0x50,0x48	; A6C7
	db	0xB8,0x32,0x50,0x68,0xB8,0x32,0x50,0xA0,0xB8,0x32,0x50,0x88,0xB8,0x32,0x28,0xA0	; A6D7
	db	0xB9,0x32,0x28,0x80,0xB9,0x09,0x38,0x70,0x5C,0x09,0x48,0x60,0x5C,0x1F,0x00,0x48	; A6E7
	db	0xAC,0x1E,0x00,0x50,0xC8,0x9E,0x00,0x60,0xC8,0x2E,0x00,0x70,0xB0,0x2E,0x00,0x80	; A6F7
	db	0xB0,0x2E,0x00,0x90,0xB0,0x2E,0x00,0xA0,0xB0,0x2E,0x00,0xB0,0xB0,0x08,0x10,0x48	; A707
	db	0x37,0x50,0x5A,0x54,0x56,0x19,0x19,0x2E,0x00,0x00,0xB0,0x2E,0x00,0x10,0xB0,0x2E	; A717
	db	0x00,0x20,0xB0,0x2E,0x00,0x30,0xB0,0x2E,0x00,0x40,0xB0,0x09,0x00,0x50,0xB0,0x36	; A727
	db	0x08,0x50,0x1C,0x32,0x50,0x00,0xB8,0x32,0x50,0x20,0xB8,0x32,0x50,0x40,0xB8,0x32	; A737
	db	0x50,0x60,0xB8,0x32,0x50,0x80,0xB8,0x25,0x48,0xA0,0xCF,0x2F,0x00,0xB8,0xC0,0x2F	; A747
	db	0x18,0xB8,0xC0,0x2F,0x30,0xB8,0xC0,0x2F,0x48,0xB8,0xBF,0x2E,0x00,0x60,0xB0,0x1E	; A757
	db	0x00,0x70,0xC8,0x15,0x00,0x80,0xC8,0x32,0x28,0x10,0xB9,0x32,0x28,0x00,0xB9,0x29	; A767
	db	0x40,0x48,0x4E,0x2B,0x38,0x48,0x49,0x07,0x10,0xA0,0x33,0x00,0x00,0x00,0x00,0x05	; A777
	db	0x05,0x0D,0x00,0x40,0x52,0x0D,0x08,0x40,0x52,0x0D,0x10,0x40,0x52,0x0D,0x18,0x40	; A787
	db	0x52,0x0D,0x20,0x40,0x52	; A797
SPR_DATA_A79C:			; данные A79C..AA75 (730 байт)
; банк спрайтов: адресуется из резидентной SPR_BANK_A89C (D34C)
	db	0x01,0x01,0xE1,0x01,0x01,0xA1,0x01,0x01,0x71,0x01,0x01,0x21,0x01,0x02,0xE1,0xE1	; A79C
	db	0x01,0x02,0xA1,0xA1,0x01,0x02,0x71,0x71,0x01,0x02,0x21,0x21,0x01,0x03,0xE1,0xE1	; A7AC
	db	0xE1,0x01,0x03,0xA1,0xA1,0xA1,0x01,0x03,0x71,0x71,0x71,0x01,0x03,0x21,0x21,0x21	; A7BC
	db	0x01,0x04,0xE1,0xE1,0xE1,0xE1,0x01,0x04,0xA1,0xA1,0xA1,0xA1,0x01,0x04,0x71,0x71	; A7CC
	db	0x71,0x71,0x01,0x04,0x21,0x21,0x21,0x21,0x02,0x01,0xE1,0xE1,0x02,0x01,0xA1,0xA1	; A7DC
	db	0x02,0x01,0x71,0x71,0x02,0x01,0x21,0x21,0x03,0x01,0xE1,0xE1,0xE1,0x03,0x01,0xA1	; A7EC
	db	0xA1,0xA1,0x03,0x01,0x71,0x71,0x71,0x03,0x01,0x21,0x21,0x21,0x04,0x01,0xE1,0xE1	; A7FC
	db	0xE1,0xE1,0x04,0x01,0xA1,0xA1,0xA1,0xA1,0x04,0x01,0x71,0x71,0x71,0x71,0x04,0x01	; A80C
	db	0x21,0x21,0x21,0x21,0x02,0x02,0xE1,0xE1,0xE1,0xE1,0x02,0x02,0xA1,0xA1,0xA1,0xA1	; A81C
	db	0x02,0x02,0x71,0x71,0x71,0x71,0x02,0x02,0x21,0x21,0x21,0x21,0x02,0x04,0xE1,0xE1	; A82C
	db	0xE1,0xE1,0xE1,0xE1,0xE1,0xE1,0x02,0x04,0xA1,0xA1,0xA1,0xA1,0xA1,0xA1,0xA1,0xA1	; A83C
	db	0x02,0x04,0x71,0x71,0x71,0x71,0x71,0x71,0x71,0x71,0x02,0x04,0x21,0x21,0x21,0x21	; A84C
	db	0x21,0x21,0x21,0x21,0x03,0x03,0xE1,0xE1,0xE1,0xE1,0xE1,0xE1,0xE1,0xE1,0xE1,0x03	; A85C
	db	0x03,0xA1,0xA1,0xA1,0xA1,0xA1,0xA1,0xA1,0xA1,0xA1,0x03,0x03,0x71,0x71,0x71,0x71	; A86C
	db	0x71,0x71,0x71,0x71,0x71,0x03,0x03,0x21,0x21,0x21,0x21,0x21,0x21,0x21,0x21,0x21	; A87C
	db	0x02,0x03,0xE1,0xE1,0xE1,0xE1,0xE1,0xE1,0x02,0x03,0xA1,0xA1,0xA1,0xA1,0xA1,0xA1	; A88C
	db	0x02,0x03,0x71,0x71,0x71,0x71,0x71,0x71,0x02,0x03,0x21,0x21,0x21,0x21,0x21,0x21	; A89C
	db	0x03,0x04,0x81,0x81,0x81,0x81,0x81,0x81,0x81,0x81,0x81,0x81,0x81,0x81,0x03,0x04	; A8AC
	db	0x21,0x21,0x21,0x21,0xE1,0xE1,0xE1,0xE1,0x71,0x71,0x71,0x71,0x01,0x04,0xE8,0xE8	; A8BC
	db	0xE8,0xE8,0x02,0x07,0xE1,0xE1,0xA1,0xA1,0xA1,0xA1,0x71,0xD1,0xD1,0x71,0x21,0x21	; A8CC
	db	0xA1,0x71,0x02,0x02,0x81,0x81,0x81,0x81,0x01,0x03,0x71,0x71,0x71,0x03,0x02,0xA1	; A8DC
	db	0xA1,0x71,0x71,0x71,0x71,0x03,0x01,0x81,0x81,0x21,0x02,0x04,0xA1,0x71,0x21,0x21	; A8EC
	db	0xA1,0x71,0x21,0x21,0x02,0x04,0xA1,0x21,0xD1,0x71,0xA1,0x21,0xD1,0x71,0x02,0x04	; A8FC
	db	0xD1,0xD1,0x71,0x21,0xD1,0xD1,0x71,0x21,0x03,0x02,0x71,0x71,0xA1,0xA1,0xA1,0xA1	; A90C
	db	0x03,0x03,0x21,0x21,0xA1,0x21,0xE1,0x21,0x21,0x21,0x21,0x03,0x03,0x21,0x21,0xA1	; A91C
	db	0x21,0xE1,0x71,0x71,0xE1,0x71,0x03,0x03,0x71,0xE1,0x71,0xE1,0x71,0xE1,0x71,0xE1	; A92C
	db	0x71,0x03,0x03,0x21,0xE1,0x21,0xE1,0x21,0xE1,0x21,0xE1,0x21,0x05,0x05,0xA1,0xA1	; A93C
	db	0xA1,0xA1,0xA1,0xA1,0x21,0x21,0x21,0xA1,0xA1,0x21,0x21,0x21,0xA1,0xA1,0x21,0x71	; A94C
	db	0x21,0xA1,0xA1,0x21,0x21,0x21,0xA1,0x05,0x05,0x21,0x21,0x21,0x21,0x21,0x21,0xA1	; A95C
	db	0xA1,0xA1,0x21,0x21,0xA1,0xA1,0xA1,0x21,0x21,0xA1,0x81,0xA1,0x21,0x21,0xA1,0xA1	; A96C
	db	0xA1,0x21,0x05,0x04,0xA1,0xA1,0xA1,0xA1,0xA1,0x71,0x71,0xA1,0xA1,0x71,0x71,0xA1	; A97C
	db	0xA1,0x71,0x71,0xA1,0xA1,0xA1,0xA1,0xA1,0x05,0x04,0x21,0x21,0x21,0x21,0x21,0x71	; A98C
	db	0x71,0x21,0x21,0x71,0x71,0x21,0x21,0x71,0x71,0x21,0x21,0x21,0x21,0x21,0x03,0x05	; A99C
	db	0xE1,0xE1,0xE1,0xE1,0xE1,0xE1,0xE1,0xE1,0xE1,0xE1,0xE1,0xE1,0xE1,0xE1,0xE1,0x03	; A9AC
	db	0x05,0x71,0x71,0x71,0x71,0x71,0x71,0x71,0x71,0x71,0x71,0x71,0x71,0x71,0x71,0x71	; A9BC
	db	0x05,0x03,0x21,0x21,0x21,0x21,0xE1,0x21,0x21,0x21,0x21,0x21,0xA1,0x21,0x21,0x21	; A9CC
	db	0x21,0x04,0x03,0xE1,0xE1,0xE1,0xE1,0xE1,0xE1,0xE1,0xE1,0xE1,0xE1,0xE1,0xE1,0x05	; A9DC
	db	0x04,0xA1,0xA1,0xA1,0xA1,0xE1,0xE1,0xE1,0xE1,0xE1,0x21,0x71,0xE1,0xE1,0x21,0x71	; A9EC
	db	0xE1,0xE1,0x21,0x71,0xE1,0x02,0x04,0xE1,0xE8,0xE1,0xE1,0x11,0x81,0x11,0x11,0x01	; A9FC
	db	0x01,0xD1,0x01,0x02,0xD1,0xD1,0x01,0x03,0xD1,0xD1,0xD1,0x01,0x04,0xD1,0xD1,0xD1	; AA0C
	db	0xD1,0x02,0x01,0xD1,0xD1,0x03,0x01,0xD1,0xD1,0xD1,0x04,0x01,0xD1,0xD1,0xD1,0xD1	; AA1C
	db	0x02,0x02,0xD1,0xD1,0xD1,0xD1,0x02,0x04,0xD1,0xD1,0xD1,0xD1,0xD1,0xD1,0xD1,0xD1	; AA2C
	db	0x03,0x03,0xD1,0xD1,0xD1,0xD1,0xD1,0xD1,0xD1,0xD1,0xD1,0x02,0x03,0xD1,0xD1,0xD1	; AA3C
	db	0xD1,0xD1,0xD1,0x01,0x03,0xE1,0xE1,0xE1,0x01,0x03,0xA1,0xA1,0xA1,0x01,0x03,0x21	; AA4C
	db	0x21,0x21,0x02,0x07,0xD1,0x71,0x71,0x71,0x71,0xA1,0xA1,0xD1,0x71,0x81,0x81,0xE1	; AA5C
	db	0x21,0x21,0x4E,0x44,0x09,0x31,0x32,0x37,0x0D,0x00	; AA6C
SPR_DATA_AA76:			; данные AA76..B53F (2762 байт)
; второй банк спрайтов: его адрес патчится в SPR_BANK_VAR (D352); сюда же
; смотрит CEB2 (ld hl,0xAB76)
	db	0x18,0x04,0x07,0xC0,0x00,0x00,0x08,0x20,0x00,0x00,0x16,0xD0,0x00,0x00,0x6E,0xEE	; AA76
	db	0x00,0x00,0x40,0x01,0x00,0x00,0x57,0xEE,0x80,0x00,0xB7,0xEE,0x80,0x00,0xB7,0xEF	; AA86
	db	0x40,0x00,0x80,0x00,0x20,0x00,0xBE,0xFE,0xD0,0x38,0xBE,0xFE,0xE8,0x44,0x5E,0xFE	; AA96
	db	0xF4,0xBA,0x20,0x00,0x03,0x01,0x2F,0xEF,0xEC,0xED,0x2F,0xEF,0xEF,0xED,0x2F,0xEF	; AAA6
	db	0xEF,0xE9,0x40,0x00,0x00,0x06,0x5E,0xFE,0xFE,0xE8,0x5E,0xFE,0xFE,0x10,0x5E,0xFE	; AAB6
	db	0xF0,0xE0,0x20,0x00,0x0F,0x00,0x1D,0xEE,0xF0,0x00,0x02,0xED,0x00,0x00,0x01,0x02	; AAC6
	db	0x00,0x00,0x10,0x01,0x58,0x00,0xBE,0x86,0x58,0x58,0x58,0x58,0x58,0x58,0x58,0x58	; AAD6
	db	0x58,0x58,0x58,0x58,0x0E,0x07,0x00,0x00,0x00,0x00,0x00,0x00,0x3C,0x01,0xF0,0x03	; AAE6
	db	0x0F,0xC0,0x38,0x3C,0x06,0x08,0x03,0x04,0x80,0x44,0x18,0x09,0xB4,0x06,0x04,0x80	; AAF6
	db	0x38,0x3C,0x17,0x4A,0x06,0x04,0x80,0x28,0x42,0x17,0x46,0x0E,0x04,0x80,0x28,0x7E	; AB06
	db	0x2F,0xA0,0x0C,0x0B,0x40,0x28,0x7E,0x2F,0xA0,0x1C,0x17,0xA0,0x28,0x7E,0x7F,0xF0	; AB16
	db	0xE3,0x3F,0xF0,0x28,0x42,0x7F,0x70,0x7E,0x3F,0xF0,0x28,0x42,0x7F,0x30,0x5E,0x3B	; AB26
	db	0xB0,0x7C,0x42,0x3F,0xA0,0x5E,0x39,0xB0,0xEE,0x42,0x3F,0xE0,0x6E,0x3D,0xF0,0xAA	; AB36
	db	0x42,0x1F,0xC0,0x3C,0x1F,0xE1,0x93,0x3C,0x0F,0x04,0x1E,0x07,0x80,0x00,0x1E,0xF7	; AB46
	db	0x80,0x00,0x12,0xF4,0xBC,0x00,0x72,0x94,0xBC,0x00,0x7E,0x97,0xBD,0x00,0x5E,0xF7	; AB56
	db	0xA7,0x80,0x5E,0xF7,0xA7,0x40,0x7E,0xF7,0xBE,0x20,0x7E,0xF7,0xBD,0x70,0x7E,0xF7	; AB66
	db	0xBC,0xF8,0x7E,0xF7,0xBC,0x7C,0x7E,0xF7,0xBC,0x3E,0x7E,0xF7,0xBC,0x1F,0x7E,0xF7	; AB76
	db	0xBC,0x0F,0x7E,0xF7,0xBC,0x06,0x0B,0x02,0x7F,0xFF,0x83,0x82,0xB0,0x58,0x7F,0xFF	; AB86
	db	0x00,0x00,0x02,0x60,0x03,0x60,0x03,0x60,0x01,0xC0,0x01,0xC0,0x00,0x80,0x0F,0x01	; AB96
	db	0x7C,0x76,0xBE,0xE6,0x7A,0xBE,0x6A,0xB4,0x6A,0xCC,0x7A,0xAC,0xEE,0xF6,0x6C,0x04	; ABA6
	db	0x02,0xFF,0xFF,0x4D,0x18,0x10,0xC2,0xFF,0xFF,0x18,0x01,0x08,0x08,0x14,0x14,0x14	; ABB6
	db	0x22,0x22,0x2A,0x49,0x5D,0x5D,0x2A,0x2A,0x22,0x1C,0x00,0x7E,0x7E,0x42,0x3C,0x3C	; ABC6
	db	0x3C,0x18,0x18,0x17,0x02,0x01,0x00,0x01,0x80,0x01,0x80,0x00,0x80,0x00,0x00,0x03	; ABD6
	db	0xC0,0x03,0xC0,0x00,0xC0,0x02,0x80,0x03,0x40,0x03,0xC0,0x03,0xC0,0x07,0xE0,0x1B	; ABE6
	db	0xD8,0x34,0x2C,0x2F,0xF4,0x33,0xCC,0x1C,0x38,0x07,0xE0,0x00,0x00,0x03,0xC0,0x03	; ABF6
	db	0xC0,0x01,0x80,0x07,0x02,0x4E,0xCC,0xFD,0x7E,0xEF,0xEA,0xB6,0xF6,0xFF,0xEA,0xB9	; AC06
	db	0xB6,0x6E,0x7C,0x08,0x04,0xFF,0xFF,0xFF,0xFF,0x8D,0x99,0x8C,0xC5,0x50,0x42,0x22	; AC16
	db	0x1A,0xAA,0x2D,0x99,0xA5,0x45,0x22,0x04,0x52,0x50,0xA8,0xD3,0x11,0xA7,0x13,0x28	; AC26
	db	0xC9,0xFF,0xFF,0xFF,0xFF,0x15,0x04,0x00,0x00,0x00,0x70,0x00,0x1F,0x80,0x88,0x00	; AC36
	db	0x20,0x41,0x2C,0x00,0x5F,0xA2,0xB4,0x00,0x80,0x1C,0x04,0x07,0x7B,0xE1,0xFA,0x08	; AC46
	db	0xFB,0xFB,0xFA,0x15,0xFB,0xFB,0xFB,0x20,0x00,0x00,0x01,0x5F,0xBF,0xBF,0xBD,0xBF	; AC56
	db	0xBF,0xBF,0xBD,0xBF,0xBF,0xBF,0xBD,0x80,0x00,0x00,0x02,0xBB,0x7B,0xFB,0xFA,0x54	; AC66
	db	0xBA,0x7B,0xFA,0x28,0x59,0x8B,0xFA,0x10,0x22,0x70,0x02,0x00,0x1C,0x0B,0xBA,0x00	; AC76
	db	0x00,0x04,0xB4,0x00,0x00,0x03,0x0C,0x00,0x00,0x00,0xF0,0x08,0x02,0x92,0x84,0x96	; AC86
	db	0xC8,0x5A,0x48,0x4A,0x6D,0x69,0xAD,0x6D,0xB5,0x75,0x3B,0x3A,0xAB,0x08,0x03,0xA0	; AC96
	db	0x00,0x05,0xA0,0x00,0x05,0xBF,0xFF,0xFD,0xA0,0x00,0x05,0xBF,0xFF,0xFD,0xA0,0x00	; ACA6
	db	0x05,0xA0,0x00,0x05,0xA0,0x00,0x05,0x07,0x03,0x79,0xEF,0x9E,0xEF,0x7E,0x24,0xCE	; ACB6
	db	0xFF,0xF6,0x55,0x2B,0xFE,0xFE,0x7E,0xA6,0x5D,0xF5,0x5A,0xAA,0xAA,0xAC,0x16,0x03	; ACC6
	db	0x00,0x7E,0x00,0x01,0xFF,0x80,0x03,0xDF,0xE0,0x0F,0xFF,0xF0,0x1F,0xFF,0xD8,0x1D	; ACD6
	db	0xFD,0x78,0x3F,0xFE,0xBC,0x3F,0xED,0x7C,0x7B,0xFE,0xFE,0x7F,0xFF,0xFE,0x7F,0x7F	; ACE6
	db	0xFE,0x7E,0xBF,0xDE,0x7B,0x7E,0xFE,0x7F,0xDD,0x7E,0x3F,0xFA,0xFC,0x3F,0xFD,0xFC	; ACF6
	db	0x1F,0xFF,0xB8,0x1F,0xFF,0x78,0x0F,0xDF,0xF0,0x07,0xFF,0xE0,0x01,0xFF,0x80,0x00	; AD06
	db	0x7E,0x00,0x0F,0x04,0xFC,0x00,0x00,0x00,0xFC,0x1E,0x00,0x00,0xFD,0xDE,0x00,0x00	; AD16
	db	0x85,0xDE,0x00,0x00,0x85,0x52,0x60,0x00,0x85,0x52,0xF1,0x80,0xFD,0x5F,0xDB,0x40	; AD26
	db	0xFD,0xDE,0x8D,0x20,0xFD,0xDE,0x5E,0xB0,0xFD,0xDE,0x3F,0x78,0xFD,0xDE,0x1F,0xBC	; AD36
	db	0xFD,0xDE,0x0F,0xDE,0xFD,0xDE,0x07,0xCF,0xFD,0xDE,0x03,0x87,0xFD,0xDE,0x01,0x02	; AD46
	db	0x07,0x02,0x57,0xD4,0x6A,0xAA,0xF5,0xD4,0xAB,0xAE,0xD5,0x54,0xEA,0xAA,0x75,0xDC	; AD56
	db	0x07,0x01,0x7C,0xEA,0xCE,0x9E,0xAA,0xD4,0x6C,0x07,0x01,0x5E,0xAA,0x54,0xAA,0xD6	; AD66
	db	0xAE,0x5C,0x0F,0x01,0x7C,0xCE,0x9C,0xBA,0xDC,0xAA,0xDC,0xBA,0xD4,0xAE,0xD4,0xAA	; AD76
	db	0xD4,0xAA,0x7C,0x0F,0x02,0x7F,0xBC,0xE6,0xEA,0xCB,0x54,0x96,0xAC,0xB5,0x56,0xAA	; AD86
	db	0xEA,0x55,0x54,0xEE,0xAA,0x55,0xD4,0xFA,0xAA,0x55,0x5C,0xEA,0xEA,0x75,0x76,0xBA	; AD96
	db	0xAE,0x75,0x7C,0x08,0x04,0x6B,0xFF,0xFF,0xDC,0x57,0xE7,0xD5,0xEE,0xAB,0x9F,0xAA	; ADA6
	db	0xF6,0x5F,0xD5,0xFF,0xDE,0xAF,0x6E,0xFA,0xAE,0xD5,0x55,0x55,0x5E,0xEA,0xAA,0xAA	; ADB6
	db	0xAE,0x75,0x5F,0x57,0x5C,0x0F,0x04,0xFF,0xFF,0xFF,0xFF,0xC4,0xAA,0xCD,0x93,0xB5	; ADC6
	db	0x55,0xB5,0x6F,0xEA,0xAA,0xEA,0xB5,0x55,0x75,0xD5,0x6A,0x2A,0xEB,0xAB,0xD6,0x77	; ADD6
	db	0xDF,0x77,0x2A,0x7E,0x7B,0xAA,0x72,0x1C,0x24,0xB4,0x0D,0x04,0x30,0x0A,0x03,0x04	; ADE6
	db	0x38,0x14,0x06,0x00,0x18,0x1C,0x06,0x00,0x10,0x0C,0x02,0x00,0x00,0x08,0x00,0x00	; ADF6
	db	0x00,0x08,0x00,0x08,0x01,0xDD,0xAA,0x55,0xAA,0xD5,0x2E,0x18,0x08,0x0E,0x02,0xFD	; AE06
	db	0xEB,0xD7,0x5D,0xAA,0xAA,0x55,0xD5,0xAA,0xAE,0x55,0xD8,0x6B,0x70,0x2C,0x20,0x2A	; AE16
	db	0x20,0x2E,0x00,0x14,0x00,0x14,0x00,0x18,0x00,0x08,0x00,0x0E,0x03,0xFF,0xFF,0xFF	; AE26
	db	0xFA,0xAA,0xAA,0xB5,0x55,0x55,0xAA,0xAA,0xAA,0x55,0x77,0x55,0x5A,0x9F,0xAA,0x56	; AE36
	db	0x64,0x5C,0x2A,0x18,0x64,0x2E,0x10,0x18,0x2E,0x00,0x08,0x24,0x00,0x08,0x14,0x00	; AE46
	db	0x00,0x18,0x00,0x00,0x00,0x00,0x00,0x0F,0x02,0xFF,0xFF,0xEF,0xAA,0xD5,0x55,0xEA	; AE56
	db	0xAB,0xD5,0x55,0xEA,0xEB,0xB5,0xD6,0x5A,0xAA,0x55,0x56,0x2A,0xAA,0x29,0x64,0x29	; AE66
	db	0x44,0x19,0x40,0x10,0xC0,0x00,0x80,0x0F,0x02,0xFF,0xFF,0x78,0x0B,0xB6,0x75,0xAF	; AE76
	db	0xEA,0xB5,0x55,0xAA,0xAA,0xB5,0x55,0xAA,0xBE,0x55,0x7D,0x75,0xF7,0x02,0xCA,0x02	; AE86
	db	0x4A,0x01,0x86,0x00,0x04,0x00,0x04,0x0F,0x03,0xFF,0xFF,0xFF,0xBA,0xAB,0xBB,0xB5	; AE96
	db	0x55,0x55,0xDA,0xAA,0xAA,0xAD,0x7D,0x55,0x2E,0x96,0xAF,0x15,0x55,0xD6,0x0A,0x8B	; AEA6
	db	0x6E,0x0B,0x8A,0xB4,0x05,0x8A,0x5C,0x05,0x04,0x58,0x05,0x04,0x58,0x02,0x00,0x50	; AEB6
	db	0x00,0x00,0x30,0x00,0x00,0x20,0x0F,0x02,0x3F,0xFF,0x6D,0xF5,0xCA,0xAA,0x95,0x5D	; AEC6
	db	0xAA,0xFA,0x55,0x9C,0xAA,0xA0,0xD5,0x00,0xAE,0x00,0x74,0x00,0xEA,0x00,0x54,0x00	; AED6
	db	0xE8,0x00,0xD4,0x00,0x78,0x00,0x05,0x01,0xFF,0xDF,0xAE,0x75,0x01,0x18,0x04,0xFF	; AEE6
	db	0xFF,0xFF,0xFF,0x84,0x44,0x44,0x44,0xAA,0xAA,0xAA,0xAA,0x91,0x11,0x11,0x11,0x44	; AEF6
	db	0x7F,0xE4,0x7F,0x3F,0x80,0x3F,0x80,0x20,0x80,0x20,0x80,0x1F,0x00,0x1F,0x00,0x0E	; AF06
	db	0x00,0x0E,0x00,0x17,0x00,0x17,0x00,0x1F,0x00,0x1F,0x00,0x0E,0x00,0x0E,0x00,0x17	; AF16
	db	0x00,0x17,0x00,0x1F,0x00,0x1F,0x00,0x0E,0x00,0x0E,0x00,0x17,0x00,0x17,0x00,0x1F	; AF26
	db	0x00,0x1F,0x00,0x0E,0x00,0x0E,0x00,0x3F,0xFF,0xFF,0xFF,0x20,0x00,0x00,0x00,0x5F	; AF36
	db	0xFF,0xFF,0xFF,0xB8,0x00,0x60,0x00,0x87,0xFF,0x9F,0xFF,0xFC,0x00,0xF0,0x00,0x20	; AF46
	db	0x03,0x80,0x91,0x11,0x5D,0x11,0x11,0x23,0xE1,0x22,0x52,0x3F,0x22,0x4F,0x21,0xC2	; AF56
	db	0x5C,0xC2,0x22,0x62,0xBA,0x12,0xA1,0x06,0x2C,0x22,0x85,0xC2,0x56,0x48,0x44,0x58	; AF66
	db	0x28,0x68,0x64,0x10,0x98,0xC2,0x68,0x88,0x22,0x85,0x10,0x1D,0x02,0x10,0x70,0x8D	; AF76
	db	0x20,0x88,0x50,0xA0,0x0F,0xA0,0x40,0x78,0x31,0xC0,0x84,0x16,0x40,0x05,0xE8,0x40	; AF86
	db	0x3E,0x00,0x40,0xC0,0x00,0x40,0x00,0x00,0x40,0x00,0x00,0x40,0x00,0x02,0x48,0x00	; AF96
	db	0x05,0x54,0x00,0x0A,0xEA,0x00,0x15,0xF5,0x00,0x0A,0xEA,0x00,0x04,0x05,0x00,0x08	; AFA6
	db	0x02,0x18,0x03,0x7F,0xFF,0xFE,0x40,0x00,0x02,0x5F,0xFF,0xFA,0x57,0xE0,0xEA,0x5F	; AFB6
	db	0xE1,0xCA,0x5F,0xF1,0x8A,0x5B,0xF1,0x8A,0x53,0xF1,0x8A,0x57,0xF8,0xCA,0x5C,0x08	; AFC6
	db	0xEA,0x5C,0x06,0x0A,0x58,0x89,0x8A,0x51,0x74,0x8A,0x59,0x24,0x4A,0x59,0xFC,0x6A	; AFD6
	db	0x50,0x88,0x0A,0x51,0x54,0x2A,0x52,0xF8,0x0A,0x51,0xF4,0x2A,0x50,0xF8,0x4A,0x51	; AFE6
	db	0xF0,0x2A,0x5F,0xFF,0xFA,0x60,0x00,0x06,0x7F,0xFF,0xFE,0x18,0x03,0x7F,0xFF,0xFE	; AFF6
	db	0x40,0x00,0x02,0x5F,0xFF,0xFA,0x50,0x00,0x0A,0x50,0x3C,0x6A,0x50,0x7E,0xCA,0x50	; B006
	db	0xFF,0x4A,0x51,0xFF,0x6A,0x51,0xC3,0x8A,0x53,0xA5,0x8A,0x53,0x24,0x8A,0x53,0x00	; B016
	db	0xCA,0x53,0x00,0xCA,0x53,0x18,0xCA,0x53,0xA5,0xCA,0x51,0xC3,0xCA,0x50,0xFF,0x8A	; B026
	db	0x50,0xFF,0x8A,0x51,0xFF,0xEA,0x57,0xFF,0xEA,0x50,0x00,0x0A,0x5F,0xFF,0xFA,0x60	; B036
	db	0x00,0x06,0x7F,0xFF,0xFE,0x25,0x04,0x00,0x00,0x80,0x00,0x00,0x01,0xE0,0x00,0x00	; B046
	db	0x0C,0xC0,0x00,0x00,0x1F,0xE8,0x00,0x00,0x0F,0x7C,0x00,0x00,0x04,0x3C,0x00,0x00	; B056
	db	0x03,0xC8,0x00,0x00,0x05,0xE0,0x00,0x00,0x06,0xF0,0x00,0x00,0x05,0xF0,0x00,0x00	; B066
	db	0x03,0xE0,0x00,0x02,0x01,0xC0,0x20,0x07,0x0B,0xE8,0x70,0x07,0x9F,0xFC,0xF0,0x06	; B076
	db	0x00,0x00,0x30,0x04,0xFF,0xFF,0x90,0x04,0xFF,0x7F,0x90,0x04,0xFF,0x7F,0x90,0x06	; B086
	db	0xFF,0x7F,0xB0,0x06,0xFF,0x77,0xB0,0x02,0xFF,0x6B,0xA0,0x02,0xF7,0x77,0xA0,0x02	; B096
	db	0xD5,0x77,0xA0,0x02,0xE3,0x63,0xA0,0x02,0xC1,0x63,0xA0,0x06,0xE3,0x63,0xB0,0x06	; B0A6
	db	0xD5,0x41,0xB0,0x04,0xF7,0x41,0x90,0x04,0xFF,0x5D,0x90,0x04,0xFF,0x63,0x90,0x04	; B0B6
	db	0xFF,0x7F,0x90,0x00,0xFF,0x7F,0x80,0x00,0x7F,0x7F,0x00,0x00,0x3F,0x7E,0x00,0x00	; B0C6
	db	0x1F,0x7C,0x00,0x00,0x03,0x60,0x00,0x00,0x00,0x80,0x00,0x18,0x03,0x17,0xE3,0xFC	; B0D6
	db	0xAD,0xE1,0xE6,0x5A,0xA7,0x5E,0xB5,0x66,0xAB,0x7E,0xC3,0x55,0xC1,0x81,0xAB,0x1C	; B0E6
	db	0x7C,0x5D,0x6C,0xFF,0x38,0x54,0xDF,0xB3,0xAA,0xAB,0x87,0x56,0x55,0x9D,0xBE,0xAB	; B0F6
	db	0x9A,0xFE,0x5F,0x35,0xF4,0x38,0x6A,0xAD,0x83,0x75,0xDD,0xF7,0x7F,0xF9,0xAB,0x3C	; B106
	db	0x33,0x57,0x00,0x36,0xAF,0x56,0x47,0x7E,0x2E,0x60,0x00,0xD6,0x7D,0x61,0xAE,0x3A	; B116
	db	0xB3,0xFC,0x1F,0x40,0x00,0x26,0x03,0x7E,0x00,0xFC,0x5D,0xFF,0x74,0x2E,0x00,0xE8	; B126
	db	0x2F,0xFF,0xE8,0x2F,0xC7,0xE8,0x17,0x01,0xD0,0x16,0x00,0xD0,0x16,0x10,0xD0,0x14	; B136
	db	0x10,0x50,0x15,0xF1,0x50,0x14,0x00,0x50,0x14,0x00,0x50,0x16,0x00,0xD0,0x16,0x00	; B146
	db	0xD0,0x17,0x11,0xD0,0x17,0xC7,0xD0,0x17,0xFF,0xD0,0x17,0xFF,0xD0,0x16,0x00,0xD0	; B156
	db	0x16,0x10,0xD0,0x16,0x10,0xD0,0x16,0x10,0xD0,0x16,0x10,0xD0,0x16,0x10,0xD0,0x16	; B166
	db	0x10,0xD0,0x16,0x10,0xD0,0x16,0x10,0xD0,0x16,0x38,0xD0,0x16,0x7C,0xD0,0x16,0x38	; B176
	db	0xD0,0x16,0x10,0xD0,0x14,0x00,0x50,0x2D,0xEF,0x68,0x5E,0x10,0xF4,0x5F,0xFF,0xF4	; B186
	db	0x50,0x00,0x14,0xB0,0x00,0x1A,0xF0,0x00,0x1E,0x28,0x05,0x01,0xAE,0xAB,0x4A,0x00	; B196
	db	0x03,0x47,0x55,0xA5,0x80,0x06,0xB3,0xAA,0xEA,0xC0,0x0D,0x59,0xDD,0xE5,0xC0,0x0E	; B1A6
	db	0xAA,0xFF,0xDB,0x60,0x01,0xDB,0xDF,0x55,0xB0,0x0A,0xFC,0xB7,0xBF,0xF0,0x34,0x74	; B1B6
	db	0x00,0x1C,0x60,0x6B,0x00,0x7C,0x00,0x0C,0x77,0x07,0x7D,0xE8,0xCC,0x6B,0x2F,0x7D	; B1C6
	db	0xEC,0x54,0x76,0x6F,0x7D,0xEE,0xAA,0x3C,0xEF,0x7D,0xEE,0xD6,0x80,0xEF,0x7D,0xEF	; B1D6
	db	0x6E,0xC0,0xEF,0x7D,0xEF,0x06,0xD4,0xEF,0x7D,0xEF,0x70,0xAA,0xEF,0x7D,0xEF,0x6C	; B1E6
	db	0xD6,0xEF,0x7D,0xEF,0x37,0xEE,0xEF,0x7D,0xF9,0x2B,0x7C,0xEF,0x7D,0xC1,0x55,0x00	; B1F6
	db	0xEF,0x7D,0xF9,0x6E,0x7C,0xEF,0x7D,0xEF,0x78,0xBE,0xEF,0x7D,0xEF,0x03,0x56,0xEF	; B206
	db	0x00,0xEF,0x0F,0xAA,0xEE,0x7E,0x6F,0x75,0x56,0xEE,0xDB,0x6F,0x2A,0xBC,0xEE,0x81	; B216
	db	0x6F,0x35,0x00,0xEE,0x81,0x6F,0x6B,0x3C,0xEE,0x81,0x6F,0x54,0xF6,0xEE,0xC3,0x6F	; B226
	db	0x70,0xEA,0xEE,0x7E,0xEF,0x03,0xD6,0xEF,0x3C,0xF9,0x1F,0xEE,0xEF,0x01,0xC1,0x77	; B236
	db	0xD6,0xEF,0x7D,0xF9,0x6B,0xAA,0xEF,0x7D,0xEF,0x55,0xD4,0xEF,0x7D,0xEF,0x6A,0xEA	; B246
	db	0xEF,0x7D,0xEF,0x55,0xF6,0xEF,0x7D,0xEF,0x6E,0xCC,0xEF,0x7D,0xEF,0x3B,0x00,0xEF	; B256
	db	0x7D,0xEF,0x00,0x24,0x04,0x00,0x03,0xC0,0x00,0x00,0x76,0xCE,0x00,0x00,0xD5,0x5F	; B266
	db	0x00,0x00,0xAA,0x97,0x80,0x00,0xD9,0xAB,0x40,0x01,0xB3,0x95,0x80,0x01,0xE9,0xAA	; B276
	db	0x20,0x00,0xD0,0x15,0x70,0x04,0x03,0xCA,0xD8,0x0B,0x47,0xE0,0xAC,0x15,0x87,0xE1	; B286
	db	0x54,0x0B,0x4F,0xF1,0xAE,0x16,0x8D,0xB1,0x5E,0x0F,0x1D,0xB8,0xF8,0x0E,0x1D,0xB8	; B296
	db	0x00,0x05,0x19,0x98,0xB8,0x30,0x39,0x9C,0x5C,0x3C,0x39,0x9C,0xAC,0x77,0x31,0x8C	; B2A6
	db	0x5C,0x6F,0x71,0x8E,0x38,0x5D,0x7F,0xFE,0x78,0x7A,0x7F,0xFE,0x00,0x74,0x61,0x86	; B2B6
	db	0x28,0x0A,0x61,0x86,0x58,0x00,0x61,0x86,0x2C,0x00,0x61,0x86,0x5C,0x3E,0x61,0x86	; B2C6
	db	0x78,0x3C,0x7F,0xFE,0x34,0x3B,0x7F,0xFE,0x00,0x15,0x3F,0xFC,0x60,0x0A,0x00,0x00	; B2D6
	db	0xD8,0x15,0x00,0x00,0xB8,0x02,0x7C,0xBD,0x50,0x00,0xFA,0x79,0xA0,0x00,0xF4,0xFB	; B2E6
	db	0xC0,0x00,0xEA,0x73,0x00,0x10,0x04,0x00,0x00,0x00,0x00,0xFF,0xFF,0xFF,0xFF,0x00	; B2F6
	db	0x00,0x00,0x00,0x3F,0xFF,0xFF,0xFC,0x7D,0xDD,0xDD,0xDE,0x3A,0xAA,0xAA,0xAC,0x17	; B306
	db	0x77,0x77,0x70,0x00,0x00,0x00,0x00,0x3F,0xFF,0xFF,0xF8,0x00,0x00,0x00,0x00,0x0F	; B316
	db	0xFF,0xFF,0x10,0x0F,0xFF,0xFF,0x90,0x07,0xFF,0xFF,0x20,0x07,0xFF,0xFE,0x20,0x03	; B326
	db	0xFF,0xFC,0x40,0x01,0xFF,0xE9,0x80,0x08,0x04,0x01,0xAA,0xAA,0x80,0x01,0x30,0x0F	; B336
	db	0x80,0x01,0x30,0x0F,0x80,0x01,0x30,0x0F,0x80,0x01,0x30,0x0F,0x80,0x01,0x30,0x0F	; B346
	db	0x80,0x01,0x30,0x0F,0x80,0x01,0x30,0x0F,0x80,0x08,0x04,0x01,0xFD,0xBF,0x80,0x03	; B356
	db	0xFF,0xFF,0x40,0x00,0x00,0x00,0x00,0x03,0xFF,0xFF,0x40,0x0F,0xFF,0xFF,0xB0,0x1F	; B366
	db	0xFF,0xFF,0xC8,0x3F,0xFF,0xFF,0xE4,0x3F,0xFF,0xFF,0xA4,0x0A,0x04,0xF7,0xFF,0xEF	; B376
	db	0xFF,0x14,0x00,0x28,0x00,0xF7,0xFF,0xEF,0xFF,0x00,0x00,0x00,0x00,0x00,0x00,0x40	; B386
	db	0x00,0x00,0x00,0x24,0x00,0x00,0x00,0x08,0x00,0x00,0x00,0x00,0x00,0x00,0x00,0xF7	; B396
	db	0x00,0x00,0x00,0xDB,0x00,0x10,0x01,0xC7,0xFB,0x6A,0x5A,0x6A,0x5A,0x34,0x34,0x34	; B3A6
	db	0x14,0x14,0x1C,0x1C,0x0C,0x08,0x08,0x04,0x02,0xFF,0xFF,0xBE,0x59,0xC9,0xA6,0xF7	; B3B6
	db	0xFF,0x17,0x01,0x76,0xCB,0xD5,0x9B,0xB5,0xAB,0xF5,0xAA,0xD5,0xAB,0x5D,0xAA,0x5D	; B3C6
	db	0x6E,0x55,0x2B,0xD5,0xAB,0x57,0xEA,0x55,0xAB,0x56,0x0B,0x02,0x3F,0xFE,0x75,0xFF	; B3D6
	db	0x6F,0xFF,0x7F,0xFF,0x3F,0xFE,0x00,0x00,0xFC,0x7F,0xFE,0xEB,0xFE,0xDF,0xFE,0xFF	; B3E6
	db	0xFC,0x7F,0x18,0x03,0xC0,0x00,0x03,0xEF,0xFF,0xF7,0x77,0x18,0xEE,0x3A,0xE7,0x5C	; B3F6
	db	0x5D,0xE7,0xBA,0x6B,0x99,0xD6,0x77,0x7E,0xEE,0x6E,0xBD,0x76,0x5D,0x5A,0xBA,0x5A	; B406
	db	0xA5,0x5A,0x5B,0x4A,0xDA,0x67,0x95,0xE6,0x7F,0xA9,0xFE,0x7F,0x52,0xFC,0x3E,0xA5	; B416
	db	0x7C,0x3D,0x5A,0xBC,0x1A,0xBD,0x58,0x15,0x7E,0xA8,0x0A,0x99,0x50,0x15,0xA5,0xA8	; B426
	db	0x2B,0xE7,0xD4,0x51,0xE7,0x8A,0xA0,0x7E,0x05,0xC0,0x18,0x03,0x05,0x04,0x6E,0xDD	; B436
	db	0xAF,0xBC,0xDD,0x6E,0xD1,0x52,0xAE,0x95,0x2E,0xEE,0x75,0x6E,0xD5,0xDE,0x3F,0xFB	; B446
	db	0x7F,0x6C,0x01,0x01,0x10,0x03,0x01,0x10,0x28,0x10,0x05,0x01,0x08,0x00,0x2A,0x00	; B456
	db	0x08,0x08,0x02,0x2F,0xF4,0x13,0xC8,0x0C,0x30,0x13,0xC0,0x38,0x00,0x70,0x00,0xE0	; B466
	db	0x00,0xC0,0x00,0x07,0x01,0x58,0x58,0x58,0x58,0xDC,0x78,0x30,0x18,0x05,0x00,0x70	; B476
	db	0x18,0x0E,0x00,0x0F,0x77,0xDB,0xEE,0xF0,0x15,0x75,0x5B,0x6E,0xA8,0x2B,0x76,0xDA	; B486
	db	0xAE,0xD4,0x15,0x75,0x5B,0x6E,0xA8,0x6B,0x76,0xDA,0xAE,0xD6,0x75,0x75,0x5B,0x6E	; B496
	db	0xAE,0xFB,0x76,0xDA,0xAE,0xDF,0xF7,0x77,0xDB,0xEE,0xEF,0x00,0x00,0x00,0x00,0x00	; B4A6
	db	0xF7,0x77,0xBD,0xEE,0xEF,0xF5,0x55,0x66,0xAA,0xAF,0xEB,0x77,0x42,0xEE,0xD7,0xD5	; B4B6
	db	0x8D,0x66,0xB1,0xAB,0x2B,0x77,0x66,0xEE,0xD4,0xD5,0x75,0xBD,0xAE,0xAB,0xAB,0x76	; B4C6
	db	0xC3,0x6E,0xD5,0xD5,0x75,0xBD,0xAE,0xAB,0xAB,0x76,0xBD,0x6E,0xD5,0xD5,0x75,0xBD	; B4D6
	db	0xAE,0xAB,0x2B,0x76,0xBD,0x6E,0xD4,0xD5,0x75,0xBD,0xAE,0xAB,0xEB,0x76,0xBD,0x6E	; B4E6
	db	0xD7,0xF5,0x75,0xBD,0xAE,0xAF,0x16,0x03,0x7F,0xD7,0xFE,0x1F,0xEF,0xF8,0x0A,0xBA	; B4F6
	db	0xF0,0x05,0x55,0x70,0x0A,0xAA,0xF0,0x15,0x7F,0xF8,0x2A,0xFF,0xFC,0x55,0x7F,0xFE	; B506
	db	0x6A,0xFF,0xFE,0xD5,0xFF,0xFF,0xCB,0xFF,0xFF,0xCD,0xFF,0xFF,0xCB,0xFF,0xFF,0xCD	; B516
	db	0xFF,0xFF,0xCF,0xFF,0xFF,0xC7,0xFF,0xFF,0x67,0xFF,0xF7,0x63,0xFF,0xE6,0x33,0xFF	; B526
	db	0xCE,0x31,0xFF,0x9C,0x18,0xFF,0xF8,0x0F,0xFF,0xF0	; B536
GFX_B540:			; данные B540..B5DF (160 байт)
; битовые шаблоны, берутся из CBD5 (ld de,0xB640 / ld de,0xB690)
	db	0x80,0x80,0xC0,0x40,0x60,0x20,0x30,0x10,0x00,0x00,0x00,0x00,0x00,0x00,0x00,0x00	; B540
	db	0x00,0x00,0x00,0x00,0x00,0x00,0x00,0x00,0x00,0x00,0x00,0x00,0x00,0x00,0x00,0x00	; B550
	db	0x01,0x01,0x03,0x02,0x06,0x04,0x0C,0x08,0x18,0x08,0x0C,0x06,0x03,0x00,0x00,0x00	; B560
	db	0x00,0x00,0x00,0x00,0x80,0xE0,0x38,0x0F,0x00,0x00,0x00,0x00,0x00,0x00,0x00,0x00	; B570
	db	0x00,0x00,0x00,0x00,0x01,0x07,0x1C,0xF0,0x18,0x10,0x30,0x60,0xC0,0x00,0x00,0x00	; B580
	db	0xE0,0xF8,0xFE,0x7F,0x7F,0x3E,0x3E,0x1E,0x00,0x00,0x00,0x80,0x60,0x70,0x38,0x38	; B590
	db	0x00,0x00,0x00,0x00,0x00,0x00,0x00,0x00,0x00,0x00,0x00,0x01,0x06,0x0E,0x1C,0x1C	; B5A0
	db	0x07,0x1F,0x7F,0xFE,0xFE,0x7C,0x7C,0x78,0x1E,0x0E,0x0E,0x07,0x03,0x00,0x00,0x00	; B5B0
	db	0x3C,0x3C,0x3E,0x3E,0x7F,0xFF,0x3F,0x0F,0x00,0x00,0x00,0x00,0x00,0x00,0x00,0x00	; B5C0
	db	0x3C,0x3C,0x7C,0x7C,0xFE,0xFF,0xFC,0xF0,0x78,0x70,0x70,0xE0,0xC0,0x00,0x00,0x00	; B5D0
TEXT_ES:			; данные B5E0..B6A1 (194 байт)
; тексты в кодах тайлов (0x21='A', 0x73=пробел): «HAS COMPLETADO EL ...»,
; «... DE LA AVENTURA», титры «SPIRITS CONVERSION / CARLOS ARIAS /
; GRAFICOS / MIGUE...». Печатаются из CECD/CBA0
	db	0x28,0x21,0x33,0x73,0x23,0x2F,0x2D,0x30,0x2C,0x25,0x34,0x21,0x24,0x2F,0x73,0x25	; B5E0
	db	0x2C,0x73,0x1F,0x16,0x2F,0x2F,0x74,0x1F,0x17,0x73,0x24,0x25,0x73,0x2C,0x21,0x73	; B5F0
	db	0x21,0x36,0x25,0x2E,0x34,0x35,0x32,0x21,0x73,0x19,0x08,0x73,0x33,0x73,0x30,0x73	; B600
	db	0x29,0x73,0x32,0x73,0x29,0x73,0x34,0x73,0x33,0x73,0x73,0x73,0x23,0x2F,0x2E,0x36	; B610
	db	0x25,0x32,0x33,0x29,0x2F,0x2E,0x72,0x73,0x19,0x1B,0x23,0x21,0x32,0x2C,0x2F,0x33	; B620
	db	0x73,0x21,0x32,0x29,0x21,0x33,0x73,0x73,0x73,0x27,0x32,0x21,0x26,0x29,0x23,0x2F	; B630
	db	0x33,0x72,0x19,0x1E,0x2D,0x29,0x27,0x35,0x25,0x2C,0x73,0x22,0x2C,0x21,0x2E,0x23	; B640
	db	0x2F,0x73,0x36,0x29,0x35,0x23,0x2F,0x2C,0x21,0x22,0x2F,0x32,0x21,0x23,0x29,0x2F	; B650
	db	0x2E,0x25,0x33,0x72,0x19,0x18,0x2A,0x21,0x36,0x29,0x25,0x32,0x73,0x23,0x21,0x2E	; B660
	db	0x2F,0x73,0x73,0x2D,0x35,0x33,0x29,0x23,0x21,0x72,0x1A,0x1F,0x21,0x2C,0x25,0x2A	; B670
	db	0x21,0x2E,0x24,0x32,0x2F,0x73,0x21,0x2E,0x24,0x32,0x25,0x30,0x32,0x2F,0x24,0x35	; B680
	db	0x23,0x23,0x29,0x2F,0x2E,0x72,0x19,0x1C,0x34,0x2F,0x30,0x2F,0x73,0x73,0x33,0x2F	; B690
	db	0x26,0x34	; B6A0
OBJ_TABLE_B6A2:			; данные B6A2..B755 (180 байт)
; массив объектов: 20 записей по 9 байт, B7A2..B855. C8DB делает ld
; iy,0xB7A2 / ld b,0x14, а C942 — ld bc,0x09 / add iy,bc. 20*9 = 0xB4, то
; есть массив кончается ровно там, где начинается HUD_TILES. Указателей в
; записи нет: читаются только байты iy+0..iy+4 (координаты, номер комнаты,
; флаги)
	db	0x50,0x99,0x00,0x91,0x00,0x03,0x39,0x00,0x09,0x40,0x0F,0x08,0x94,0x00,0x09,0x3F	; B6A2
	db	0x05,0x03,0x40,0x39,0x11,0xD5,0x00,0x12,0x30,0x0F,0x39,0x50,0x6C,0x16,0x91,0x00	; B6B2
	db	0x18,0x51,0x14,0x03,0x50,0x2D,0x21,0x0D,0x80,0x22,0x87,0x1F,0x78,0x40,0x21,0x39	; B6C2
	db	0x53,0x80,0x3B,0x3F,0x38,0x18,0x58,0xA2,0x29,0x4D,0x80,0x2A,0x9F,0x28,0x00,0x50	; B6D2
	db	0x72,0x3A,0xD2,0x00,0x3C,0x51,0x3A,0x69,0x40,0x1B,0x34,0x53,0x80,0x35,0x21,0x33	; B6E2
	db	0x0C,0x50,0x6F,0x31,0x8E,0x00,0x32,0x27,0x30,0x69,0x40,0xA2,0x36,0x13,0x80,0x37	; B6F2
	db	0x69,0x35,0x87,0x40,0x60,0x1A,0xD5,0x00,0x1C,0x3F,0x1A,0x57,0x58,0x2D,0x25,0x91	; B702
	db	0x00,0x26,0x0F,0x23,0x60,0x50,0x5A,0x27,0x8E,0x00,0x27,0x6F,0x26,0x30,0x40,0x27	; B712
	db	0x3E,0x13,0x80,0x3F,0x51,0x3D,0x90,0x50,0x30,0x47,0x91,0x00,0x48,0x9F,0x47,0x09	; B722
	db	0x40,0x51,0x51,0xD5,0x00,0x53,0x30,0x51,0x48,0x50,0x12,0x54,0x91,0x00,0x55,0x81	; B732
	db	0x53,0x90,0x40,0x8D,0x0C,0xD5,0x00,0x0D,0x0F,0x0A,0x18,0x40,0x69,0x4E,0xD5,0x00	; B742
	db	0x4F,0x21,0x4D,0x81	; B752
HUD_TILES:			; данные B756..B7F8 (163 байт)
; 0x7F байт строки статуса («VIDAS», «ENERGIA») — выводятся из CECD (ld
; hl,0xB856 / ld b,0x7F)
	db	0x36,0x29,0x24,0x21,0x33,0x70,0x71,0x70,0x18,0x70,0x57,0x58,0x57,0x58,0x57,0x58	; B756
	db	0x71,0x18,0x71,0x59,0x5A,0x59,0x5A,0x59,0x5A,0x70,0x18,0x70,0x5B,0x5C,0x5B,0x5C	; B766
	db	0x5B,0x5C,0x71,0x18,0x71,0x5D,0x5E,0x5D,0x5E,0x5D,0x5E,0x70,0x18,0x70,0x71,0x70	; B776
	db	0x71,0x70,0x71,0x70,0x71,0x19,0x1F,0x25,0x2E,0x25,0x32,0x27,0x29,0x21,0x70,0x18	; B786
	db	0x71,0x06,0x71,0x18,0x71,0x70,0x71,0x70,0x71,0x70,0x71,0x70,0x19,0x1F,0x2F,0x22	; B796
	db	0x2A,0x25,0x34,0x2F,0x33,0x70,0x18,0x71,0x06,0x71,0x18,0x71,0x06,0x70,0x18,0x70	; B7A6
	db	0x06,0x71,0x18,0x71,0x06,0x70,0x18,0x70,0x06,0x71,0x18,0x71,0x06,0x70,0x18,0x70	; B7B6
	db	0x06,0x71,0x18,0x71,0x06,0x70,0x18,0x70,0x71,0x70,0x71,0x70,0x71,0x70,0x71,0x18	; B7C6
	db	0x67,0x68,0x69,0x21,0x22,0x21,0x23,0x2F,0x18,0x6A,0x6B,0x6C,0x33,0x2F,0x26,0x34	; B7D6
	db	0x19,0x6D,0x6E,0x6F,0x3B,0x43,0x42,0x40,0x5F,0x60,0x1E,0x61,0x62,0x1E,0x63,0x64	; B7E6
	db	0x1E,0x65,0x66	; B7F6
TEXT_SHORT:			; данные B7F9..B821 (41 байт)
; три короткие строки (0x13/0x0B/0x0B байт) для CBA0/CBAF/CBB7, печать
; через CEF9. Адрес исправлен: в каноне +0x100 эти три ld hl стухли и
; указывают на B7F9/B80C/B817, то есть внутрь OBJ_TABLE_B7A2. Что
; правильное место именно B8F9, видно по стыковке длин: B8F9+0x13 = B90C,
; +0x0B = B917, +0x0B = B922 = начало VRAM_COLOR_ROWS
	db	0x45,0x46,0x47,0x1D,0x48,0x49,0x4A,0x1D,0x4B,0x4C,0x4A,0x1D,0x4D,0x4E,0x4A,0x1D	; B7F9
	db	0x4F,0x4F,0x50,0x45,0x46,0x47,0x1D,0x48,0x49,0x4A,0x1D,0x51,0x52,0x53,0x54,0x55	; B809
	db	0x56,0x1D,0x4D,0x4E,0x4A,0x1D,0x4F,0x4F,0x50	; B819
VRAM_COLOR_ROWS:			; данные B822..B8E1 (192 байт)
; 0x18*8 = 192 байта атрибутов цвета: D007 заливает ими VRAM с 0x20C0 по 8
; байт на строку
	db	0xC1,0xC1,0xC1,0xC1,0xC1,0xD1,0xD1,0xD1,0xD1,0xF1,0xF1,0xF1,0xF1,0xF1,0xF1,0xD1	; B822
	db	0xD1,0xF1,0xF1,0xF1,0xF1,0xF1,0xF1,0xD1,0xD1,0xF1,0xF1,0xF1,0xF1,0xF1,0xF1,0xD1	; B832
	db	0xD1,0xF1,0xF1,0xF1,0xF1,0xF1,0xF1,0xD1,0xD1,0xD1,0xD1,0xD1,0xD1,0xD1,0xD1,0xD1	; B842
	db	0x11,0x11,0x11,0x11,0x11,0x11,0x11,0x11,0xC1,0xC1,0xC1,0xC1,0xC1,0xC1,0xC1,0xD1	; B852
	db	0xD1,0x81,0x21,0x71,0x71,0xB1,0xB1,0xD1,0xD1,0xD1,0xD1,0xD1,0xD1,0xD1,0xD1,0xD1	; B862
	db	0x11,0x11,0x11,0x11,0x11,0x11,0x11,0x11,0xC1,0xC1,0xC1,0xC1,0xC1,0xC1,0xC1,0xD1	; B872
	db	0xD1,0x11,0x11,0x11,0x11,0x11,0x11,0xD1,0xD1,0x11,0x11,0x11,0x11,0x11,0x11,0xD1	; B882
	db	0xD1,0x11,0x11,0x11,0x11,0x11,0x11,0xD1,0xD1,0x11,0x11,0x11,0xF1,0xF1,0xF1,0xD1	; B892
	db	0xD1,0x11,0x11,0x11,0xE1,0xE1,0xF1,0xD1,0xD1,0x11,0x11,0x11,0xE1,0xE1,0xF1,0xD1	; B8A2
	db	0xD1,0x11,0x11,0x11,0xE1,0xE1,0xF1,0xD1,0xD1,0x11,0x11,0x11,0xE1,0xE1,0xF1,0xD1	; B8B2
	db	0xD1,0xD1,0xD1,0xD1,0xD1,0xD1,0xD1,0xD1,0x51,0x51,0x51,0x51,0x11,0x11,0x11,0x11	; B8C2
	db	0xD1,0xD1,0xD1,0xD1,0xB1,0xB1,0xB1,0xB1,0xF1,0xF1,0xF1,0xF1,0xF1,0xF1,0xF1,0xF1	; B8D2
FONT_GLYPHS:			; данные B8E2..BB88 (679 байт)
; знакогенератор: глифы по 8 байт до конца области данных (BC88)
	db	0x00,0x1C,0x37,0x63,0x63,0x7F,0x33,0x7B,0x00,0x7E,0x63,0x63,0x7E,0x63,0x63,0x7E	; B8E2
	db	0x00,0x1E,0x33,0x60,0x60,0x60,0x33,0x1E,0x00,0x6C,0x76,0x63,0x63,0x63,0x76,0x6C	; B8F2
	db	0x00,0x7F,0x31,0x30,0x3E,0x30,0x31,0x7F,0x00,0x7F,0x31,0x30,0x3E,0x30,0x30,0x70	; B902
	db	0x00,0x1E,0x33,0x60,0x6F,0x63,0x33,0x1E,0x00,0x63,0x63,0x63,0x7F,0x63,0x63,0x63	; B912
	db	0x00,0x3F,0x0C,0x0C,0x0C,0x0C,0x0C,0x3F,0x00,0x7F,0x46,0x06,0x06,0x06,0x66,0x3C	; B922
	db	0x00,0x63,0x66,0x6C,0x78,0x6C,0x66,0x63,0x00,0x70,0x60,0x60,0x60,0x60,0x61,0x7F	; B932
	db	0x00,0x63,0x77,0x7F,0x6B,0x63,0x63,0x63,0x00,0x63,0x73,0x7B,0x6F,0x67,0x63,0x63	; B942
	db	0x00,0x1C,0x36,0x63,0x63,0x63,0x36,0x1C,0x00,0x6E,0x73,0x63,0x63,0x7E,0x60,0x60	; B952
	db	0x1C,0x63,0x73,0x7B,0x6F,0x67,0x63,0x63,0x00,0x6E,0x73,0x63,0x63,0x7E,0x66,0x63	; B962
	db	0x00,0x3E,0x63,0x60,0x3E,0x03,0x63,0x3E,0x00,0x7F,0x59,0x18,0x18,0x18,0x18,0x18	; B972
	db	0x00,0x73,0x33,0x63,0x63,0x63,0x63,0x3E,0x00,0x73,0x33,0x63,0x63,0x66,0x3C,0x18	; B982
	db	0x00,0x76,0x33,0x63,0x63,0x6B,0x6B,0x36,0x00,0x77,0x63,0x36,0x1C,0x36,0x63,0x77	; B992
	db	0x00,0x77,0x63,0x36,0x1C,0x18,0x18,0x18,0x00,0x7F,0x43,0x06,0x0C,0x18,0x31,0x7F	; B9A2
	db	0x00,0x0C,0x1C,0x3C,0x0C,0x0C,0x0C,0x3F,0x00,0x3E,0x63,0x73,0x06,0x0C,0x31,0x7F	; B9B2
	db	0x00,0x7F,0x46,0x0C,0x1E,0x03,0x63,0x3E,0x00,0x06,0x0E,0x1E,0x36,0x7F,0x06,0x0F	; B9C2
	db	0x00,0x7F,0x60,0x7E,0x63,0x03,0x63,0x3E,0x00,0x0E,0x18,0x30,0x7E,0x63,0x63,0x3E	; B9D2
	db	0x00,0x7F,0x46,0x0C,0x18,0x18,0x18,0x18,0x00,0x3E,0x63,0x63,0x3E,0x63,0x63,0x3E	; B9E2
	db	0x00,0x3E,0x63,0x63,0x3F,0x06,0x0C,0x38,0x00,0x1C,0x36,0x63,0x63,0x63,0x36,0x1C	; B9F2
	db	0x00,0x00,0x00,0x00,0x00,0x3F,0x7F,0x00,0x00,0x00,0x00,0x00,0x00,0xFF,0xFF,0x00	; BA02
	db	0x00,0x00,0x00,0x00,0x00,0xE0,0xA0,0x60,0xFF,0xFF,0xFF,0xE3,0xC7,0x87,0xB3,0x81	; BA12
	db	0xFF,0xFF,0xFF,0xFF,0xFF,0xFF,0xFF,0xFF,0x60,0x60,0x60,0x60,0x60,0x60,0x60,0x60	; BA22
	db	0x80,0x80,0xC0,0xFB,0xC0,0x92,0x89,0xC6,0xFF,0x3F,0x1D,0x0B,0xC5,0x2B,0x93,0x55	; BA32
	db	0xE1,0xF0,0xF8,0xFE,0xFF,0xFF,0xFF,0xFF,0x27,0xA7,0x47,0x4B,0xA9,0xD5,0xE9,0xF3	; BA42
	db	0xFF,0xFF,0xFF,0xFF,0xFF,0x00,0x00,0x00,0x60,0x60,0x60,0x40,0x00,0x00,0x00,0x00	; BA52
	db	0x80,0x80,0xC0,0xFB,0xC0,0x62,0x19,0x06,0xFF,0x3F,0x1D,0x0B,0xC5,0x6B,0x93,0x00	; BA62
	db	0x60,0x60,0x60,0x60,0x60,0x40,0x00,0x00,0x00,0x00,0x00,0x00,0x00,0x60,0x99,0xC6	; BA72
	db	0x00,0x00,0x00,0x00,0x00,0x60,0x93,0x4C,0x00,0x00,0x00,0x00,0x00,0x40,0xA0,0x60	; BA82
	db	0x00,0x00,0x03,0x07,0x1B,0x2D,0x26,0x22,0x00,0x00,0xE0,0xF8,0xFC,0xFC,0xFE,0xEF	; BA92
	db	0x1B,0x7D,0xF9,0xF3,0x66,0x09,0x0F,0x0E,0x77,0x7B,0x78,0x78,0xF0,0xF0,0x10,0x68	; BAA2
	db	0x1E,0x1E,0x1E,0x1F,0x0F,0x10,0x10,0x1D,0xF0,0xF0,0xF0,0x70,0x70,0xF0,0xF0,0xF4	; BAB2
	db	0x1E,0x3F,0x3F,0x3F,0x3F,0x3F,0x1F,0x0F,0x74,0x34,0x8C,0xFC,0xFC,0xFE,0xFE,0xFC	; BAC2
	db	0x00,0x00,0x03,0x07,0x09,0x08,0x1D,0x0F,0x00,0x00,0xF0,0xFC,0xFE,0xFE,0xFE,0xFC	; BAD2
	db	0x2F,0x37,0xC5,0x60,0x05,0x03,0x00,0x0F,0xD8,0xA0,0x60,0x20,0x60,0xC0,0x10,0xB8	; BAE2
	db	0x00,0x1F,0x00,0x0F,0x00,0x01,0x00,0x03,0x30,0xD0,0x10,0xB0,0xC0,0xB0,0x78,0x00	; BAF2
	db	0x01,0x00,0x01,0x01,0x00,0x06,0x19,0x07,0x54,0x00,0x60,0x60,0x60,0x00,0xF0,0x98	; BB02
	db	0x00,0x7F,0x40,0x40,0x40,0x40,0x40,0x40,0x00,0xFF,0x08,0x08,0x1C,0x1C,0x3E,0x3E	; BB12
	db	0x00,0xFF,0x01,0x01,0x01,0x01,0x01,0x01,0x40,0x40,0x40,0x40,0x40,0x40,0x42,0x42	; BB22
	db	0x7F,0x7F,0xFF,0xFF,0x7F,0x7F,0x3F,0x3F,0x01,0x01,0x81,0x81,0xC1,0xC1,0xE1,0xE1	; BB32
	db	0x47,0x47,0x4F,0x4F,0x5F,0x5F,0x7F,0x7F,0x1F,0x3F,0xEF,0x8F,0xC7,0xC7,0xE3,0xE3	; BB42
	db	0xF1,0xF1,0xF9,0xF9,0xFD,0xFD,0xFF,0xFF,0x08,0x1C,0x3E,0x7F,0x3E,0x5C,0xE8,0x40	; BB52
	db	0x04,0x0E,0x1F,0x2E,0x74,0xFA,0x77,0x22,0x00,0x00,0x30,0x30,0x00,0x30,0x30,0x00	; BB62
	db	0x00,0x00,0x00,0x00,0x00,0x00,0x00,0x00,0x00,0x00,0x62,0x64,0x08,0x10,0x26,0x46	; BB72
	db	0xF3,0x31,0xA8,0x61,0xCD,0xE7,0xDF	; BB82
L_BB89:
	call L_CF3E                   ; BB89  CD 3E CF
	call L_CA3D                   ; BB8C  CD 3D CA
L_BB8F:
	call L_BF34                   ; BB8F  CD 34 BF
	ld a,(D_BBD4)                 ; BB92  3A D4 BB
	or a                          ; BB95  B7
	jp nz,L_BCF6                  ; BB96  C2 F6 BC
	ld a,(L_BF37+0x1)             ; BB99  3A 38 BF
	cp 0x01                       ; BB9C  FE 01
	jr z,L_BBA5                   ; BB9E  28 05
	call KBD_CHK_F3B5             ; BBA0  CD 84 D6
	jr L_BB8F                     ; BBA3  18 EA

L_BBA5:
	call L_CA7B                   ; BBA5  CD 7B CA
	ld a,(GAME_VARS+0x8)          ; BBA8  3A F2 C1
	or a                          ; BBAB  B7
	jr z,L_BBCC                   ; BBAC  28 1E
	call L_CA0C                   ; BBAE  CD 0C CA
	ld hl,GAME_VARS+0x10          ; BBB1  21 FA C1
	ld de,GAME_VARS+0xA           ; BBB4  11 F4 C1
	ld bc,0x05                    ; BBB7  01 05 00
	ldir                          ; BBBA  ED B0
	call L_C38C                   ; BBBC  CD 8C C3
	ld a,0x01                     ; BBBF  3E 01
	call L_C464                   ; BBC1  CD 64 C4
	ld (L_BF37+0x1),a             ; BBC4  32 38 BF
	call L_C1DC                   ; BBC7  CD DC C1
	jr L_BB8F                     ; BBCA  18 C3

L_BBCC:
	call L_CC0D                   ; BBCC  CD 0D CC
	call L_CFAA                   ; BBCF  CD AA CF
	jr L_BB89                     ; BBD2  18 B5

D_BBD4:			; данные BBD4..BBD4 (1 байт)
	db	0x00	; BBD4
L_BBD5:
	ld iy,D_BCBA+0x9              ; BBD5  FD 21 C3 BC
	ld b,0x06                     ; BBD9  06 06
L_BBDB:
	push bc                       ; BBDB  C5
	ld a,(GAME_VARS+0xC)          ; BBDC  3A F6 C1
	cp (iy+0x00)                  ; BBDF  FD BE 00
	jr nz,L_BBF0                  ; BBE2  20 0C
	dec (iy+0x03)                 ; BBE4  FD 35 03
	call z,L_BC25                 ; BBE7  CC 25 BC
	xor a                         ; BBEA  AF
	call L_BC18                   ; BBEB  CD 18 BC
	jr L_BC0F                     ; BBEE  18 1F

L_BBF0:
	ld a,(LEVEL_VARS)             ; BBF0  3A 7B CD
	cp (iy+0x00)                  ; BBF3  FD BE 00
	jr nz,L_BBFF                  ; BBF6  20 07
	ld a,0x60                     ; BBF8  3E 60
	call L_BC18                   ; BBFA  CD 18 BC
	jr L_BC0F                     ; BBFD  18 10

L_BBFF:
	ld a,(iy+0x04)                ; BBFF  FD 7E 04
	cp (iy+0x02)                  ; BC02  FD BE 02
	jr z,L_BC0F                   ; BC05  28 08
	ld (iy+0x02),a                ; BC07  FD 77 02
	ld a,r                        ; BC0A  ED 5F
	ld (iy+0x03),a                ; BC0C  FD 77 03
L_BC0F:
	ld bc,0x05                    ; BC0F  01 05 00
	add iy,bc                     ; BC12  FD 09
	pop bc                        ; BC14  C1
	djnz L_BBDB                   ; BC15  10 C4
	ret                           ; BC17  C9

L_BC18:
	ld b,(iy+0x01)                ; BC18  FD 46 01
	ld c,(iy+0x02)                ; BC1B  FD 4E 02
	add a,c                       ; BC1E  81
	ld c,a                        ; BC1F  4F
	ld a,0x1E                     ; BC20  3E 1E
	jp L_D0A0                     ; BC22  C3 A0 D0

L_BC25:
	ld a,(iy+0x02)                ; BC25  FD 7E 02
	ld c,a                        ; BC28  4F
	ex af,af'                     ; BC29  08
	ld b,(iy+0x01)                ; BC2A  FD 46 01
	ld d,0x40                     ; BC2D  16 40
	push bc                       ; BC2F  C5
	call L_C2D6                   ; BC30  CD D6 C2
	pop bc                        ; BC33  C1
	jr nc,L_BC49                  ; BC34  30 13
	inc (iy+0x03)                 ; BC36  FD 34 03
	ex af,af'                     ; BC39  08
	add a,0x04                    ; BC3A  C6 04
	ld (iy+0x02),a                ; BC3C  FD 77 02
	ld c,a                        ; BC3F  4F
	call L_C8F2                   ; BC40  CD F2 C8
	xor a                         ; BC43  AF
	cp e                          ; BC44  BB
	ret z                         ; BC45  C8

	jp L_C625                     ; BC46  C3 25 C6

L_BC49:
	ex af,af'                     ; BC49  08
	sub 0x24                      ; BC4A  D6 24
	ld c,a                        ; BC4C  4F
	ld b,(iy+0x01)                ; BC4D  FD 46 01
	call SCR_ADDR_BIT13           ; BC50  CD 92 D0
	ld a,0xED                     ; BC53  3E ED
	jp L_D1C2                     ; BC55  C3 C2 D1

L_BC58:
	ld iy,D_BCBA                  ; BC58  FD 21 BA BC
	ld b,0x03                     ; BC5C  06 03
L_BC5E:
	push bc                       ; BC5E  C5
	ld a,(GAME_VARS+0xC)          ; BC5F  3A F6 C1
	cp (iy+0x00)                  ; BC62  FD BE 00
	jr nz,L_BC70                  ; BC65  20 09
	xor a                         ; BC67  AF
	call L_BC86                   ; BC68  CD 86 BC
	call L_BCE1                   ; BC6B  CD E1 BC
	jr L_BC7D                     ; BC6E  18 0D

L_BC70:
	ld a,(LEVEL_VARS)             ; BC70  3A 7B CD
	cp (iy+0x00)                  ; BC73  FD BE 00
	jr nz,L_BC7D                  ; BC76  20 05
	ld a,0x60                     ; BC78  3E 60
	call L_BC86                   ; BC7A  CD 86 BC
L_BC7D:
	ld bc,0x03                    ; BC7D  01 03 00
	add iy,bc                     ; BC80  FD 09
	pop bc                        ; BC82  C1
	djnz L_BC5E                   ; BC83  10 D9
	ret                           ; BC85  C9

L_BC86:
	ld b,(iy+0x01)                ; BC86  FD 46 01
	ld c,0x58                     ; BC89  0E 58
	add a,c                       ; BC8B  81
	ld c,a                        ; BC8C  4F
	push bc                       ; BC8D  C5
	ld a,(iy+0x02)                ; BC8E  FD 7E 02
	xor 0x01                      ; BC91  EE 01
	ld (iy+0x02),a                ; BC93  FD 77 02
	add a,0x24                    ; BC96  C6 24
	call L_D0A0                   ; BC98  CD A0 D0
	pop bc                        ; BC9B  C1
	call SCR_ADDR_BIT13           ; BC9C  CD 92 D0
	ld bc,0xFFD0                  ; BC9F  01 D0 FF
	add hl,bc                     ; BCA2  09
	ld b,0x04                     ; BCA3  06 04
L_BCA5:
	ld (hl),0x02                  ; BCA5  36 02
	inc hl                        ; BCA7  23
	djnz L_BCA5                   ; BCA8  10 FB
	ld bc,0x14                    ; BCAA  01 14 00
	add hl,bc                     ; BCAD  09
	ld (hl),0x02                  ; BCAE  36 02
	inc hl                        ; BCB0  23
	ld (hl),0x16                  ; BCB1  36 16
	inc hl                        ; BCB3  23
	ld (hl),0x16                  ; BCB4  36 16
	inc hl                        ; BCB6  23
	ld (hl),0x02                  ; BCB7  36 02
	ret                           ; BCB9  C9

D_BCBA:			; данные BCBA..BCE0 (39 байт)
	db	0x27,0x98,0x00,0x51,0x18,0x01,0x53,0x50,0x00,0x0C,0x40,0x28,0x36,0x28,0x19,0x60	; BCBA
	db	0x20,0x1C,0x20,0x2D,0x50,0x20,0x35,0x20,0x30,0x40,0x28,0x4E,0x28,0x3F,0x38,0x20	; BCCA
	db	0x67,0x20,0x17,0x38,0x28,0x1B,0x28	; BCDA
L_BCE1:
	ld a,(iy+0x01)                ; BCE1  FD 7E 01
	ld hl,(GAME_VARS+0xA)         ; BCE4  2A F4 C1
	add a,0x1C                    ; BCE7  C6 1C
	cp h                          ; BCE9  BC
	ret c                         ; BCEA  D8

	sub 0x28                      ; BCEB  D6 28
	cp h                          ; BCED  BC
	ret nc                        ; BCEE  D0

	ld a,0x28                     ; BCEF  3E 28
	cp l                          ; BCF1  BD
	ret nc                        ; BCF2  D0

L_BCF3:
	jp L_C92C                     ; BCF3  C3 2C C9

L_BCF6:
	call L_CFAA                   ; BCF6  CD AA CF
	call L_D0F2                   ; BCF9  CD F2 D0
	ld a,0xC9                     ; BCFC  3E C9
	ld (L_D98E),a                 ; BCFE  32 8E D9
	call L_C647                   ; BD01  CD 47 C6
	call L_C62B                   ; BD04  CD 2B C6
	ld bc,(GAME_VARS+0xA)         ; BD07  ED 4B F4 C1
	ld a,0x0C                     ; BD0B  3E 0C
	push bc                       ; BD0D  C5
	call L_D0A0                   ; BD0E  CD A0 D0
	pop bc                        ; BD11  C1
	ld a,c                        ; BD12  79
	add a,0x60                    ; BD13  C6 60
	ld c,a                        ; BD15  4F
	ld a,0x0B                     ; BD16  3E 0B
	call L_D0A0                   ; BD18  CD A0 D0
	call L_D124                   ; BD1B  CD 24 D1
	ld hl,0x2A                    ; BD1E  21 2A 00
	ld (L_D98E),a                 ; BD21  32 8E D9
	call MUS_TRACK_2              ; BD24  CD 19 E0
	call L_CFAA                   ; BD27  CD AA CF
	jp L_BB89                     ; BD2A  C3 89 BB

DEAD_BD2D:			; данные BD2D..BD41 (21 байт)
; мёртвый кусок: декодируется как код (call D0A0 / 9 nop / call D3F8 /
; call CFAA / jp BB89), но D0A0, CFAA и BB89 — данные, а не начала
; процедур. Похоже на остаток прошлой сборки, чьи адреса не пережили сдвиг
; +0x100
	db	0xCD,0xA0,0xD0,0x00,0x00,0x00,0x00,0x00,0x00,0x00,0x00,0x00,0xCD,0xF8,0xD3,0xCD	; BD2D
	db	0xAA,0xCF,0xC3,0x89,0xBB	; BD3D
L_BD42:
	ld a,(OBJ_BLOCK_BF09)         ; BD42  3A 09 BF
	cp 0x01                       ; BD45  FE 01
	ret nz                        ; BD47  C0

	ld a,(OBJ_BLOCK_BF09+0x5)     ; BD48  3A 0E BF
	sub 0x18                      ; BD4B  D6 18
	cp (iy+0x01)                  ; BD4D  FD BE 01
	ret nc                        ; BD50  D0

	add a,0x20                    ; BD51  C6 20
	cp (iy+0x01)                  ; BD53  FD BE 01
	ret c                         ; BD56  D8

	ld a,(OBJ_BLOCK_BF09+0x4)     ; BD57  3A 0D BF
	sub 0x08                      ; BD5A  D6 08
	cp (iy+0x00)                  ; BD5C  FD BE 00
	ret nc                        ; BD5F  D0

	add a,0x30                    ; BD60  C6 30
	cp (iy+0x00)                  ; BD62  FD BE 00
	ret c                         ; BD65  D8

	ld a,(iy+0x04)                ; BD66  FD 7E 04
	add a,0x32                    ; BD69  C6 32
	ld (iy+0x04),a                ; BD6B  FD 77 04
	push iy                       ; BD6E  FD E5
	ld iy,OBJ_BLOCK_BF09          ; BD70  FD 21 09 BF
	call L_BDDD                   ; BD74  CD DD BD
	pop iy                        ; BD77  FD E1
	ret                           ; BD79  C9

L_BD7A:
	ld a,(OBJ_BLOCK_BF09)         ; BD7A  3A 09 BF
	or a                          ; BD7D  B7
	ret z                         ; BD7E  C8

	ld iy,OBJ_BLOCK_BF09          ; BD7F  FD 21 09 BF
	jr L_BDA6                     ; BD83  18 21

L_BD85:
	ld a,(OBJ_BLOCK_BF09+0xB)     ; BD85  3A 14 BF
	or a                          ; BD88  B7
	ret z                         ; BD89  C8

	ld iy,OBJ_BLOCK_BF09+0xB      ; BD8A  FD 21 14 BF
	jr L_BDA6                     ; BD8E  18 16

L_BD90:
	ld a,(OBJ_BLOCK_BF09+0x16)    ; BD90  3A 1F BF
	or a                          ; BD93  B7
	ret z                         ; BD94  C8

	ld iy,OBJ_BLOCK_BF09+0x16     ; BD95  FD 21 1F BF
	jr L_BDA6                     ; BD99  18 0B

L_BD9B:
	ld a,(OBJ_BLOCK_BF09+0x21)    ; BD9B  3A 2A BF
	or a                          ; BD9E  B7
	jp z,L_BEB7                   ; BD9F  CA B7 BE
	ld iy,OBJ_BLOCK_BF09+0x21     ; BDA2  FD 21 2A BF
L_BDA6:
	ld a,(iy+0x01)                ; BDA6  FD 7E 01
	ld b,a                        ; BDA9  47
	ld a,(GAME_VARS+0xC)          ; BDAA  3A F6 C1
	cp b                          ; BDAD  B8
	jr z,L_BDBA                   ; BDAE  28 0A
	ld d,0x60                     ; BDB0  16 60
	ld a,(LEVEL_VARS)             ; BDB2  3A 7B CD
	cp b                          ; BDB5  B8
	jr nz,L_BDED                  ; BDB6  20 35
	jr L_BDDF                     ; BDB8  18 25

L_BDBA:
	ld l,(iy+0x02)                ; BDBA  FD 6E 02
	ld h,(iy+0x03)                ; BDBD  FD 66 03
	call L_BDF2                   ; BDC0  CD F2 BD
	jr nc,L_BDDD                  ; BDC3  30 18
	ld l,(iy+0x08)                ; BDC5  FD 6E 08
	ld h,(iy+0x09)                ; BDC8  FD 66 09
	call L_BDF2                   ; BDCB  CD F2 BD
	ld b,(iy+0x05)                ; BDCE  FD 46 05
	ld c,(iy+0x04)                ; BDD1  FD 4E 04
	ld a,(iy+0x06)                ; BDD4  FD 7E 06
	or (iy+0x07)                  ; BDD7  FD B6 07
	jp L_D0A0                     ; BDDA  C3 A0 D0

L_BDDD:
	ld d,0x00                     ; BDDD  16 00
L_BDDF:
	ld b,(iy+0x05)                ; BDDF  FD 46 05
	ld a,(iy+0x04)                ; BDE2  FD 7E 04
	add a,d                       ; BDE5  82
	ld c,a                        ; BDE6  4F
	ld a,(iy+0x06)                ; BDE7  FD 7E 06
	call L_CCCF                   ; BDEA  CD CF CC
L_BDED:
	xor a                         ; BDED  AF
	ld (iy+0x00),a                ; BDEE  FD 77 00
	ret                           ; BDF1  C9

L_BDF2:
	jp (hl)                       ; BDF2  E9
L_BDF3:
	ld b,(iy+0x05)                ; BDF3  FD 46 05
	ld c,(iy+0x04)                ; BDF6  FD 4E 04
	ld a,(iy+0x07)                ; BDF9  FD 7E 07
	ld e,(iy+0x0A)                ; BDFC  FD 5E 0A
	call L_C46C                   ; BDFF  CD 6C C4  ; в каноне +0x100 этот операнд стухший
	ld (iy+0x04),c                ; BE02  FD 71 04
	ld (iy+0x05),b                ; BE05  FD 70 05
	ret                           ; BE08  C9

L_BE09:
	ld a,(OBJ_BLOCK_BF09+0x21)    ; BE09  3A 2A BF  ; в каноне +0x100 этот операнд стухший
	cp 0x07                       ; BE0C  FE 07
	scf                           ; BE0E  37
	ret nz                        ; BE0F  C0

	ccf                           ; BE10  3F
	ret                           ; BE11  C9

L_BE12:
	call L_BDF3                   ; BE12  CD F3 BD  ; в каноне +0x100 этот операнд стухший
	ret nc                        ; BE15  D0

	ld a,c                        ; BE16  79
	cp 0x61                       ; BE17  FE 61
	ret                           ; BE19  C9

L_BE1A:
	ld d,0x1A                     ; BE1A  16 1A
L_BE1C:
	ld a,(iy+0x06)                ; BE1C  FD 7E 06
	dec a                         ; BE1F  3D
	sub d                         ; BE20  92
	jr nz,L_BE25                  ; BE21  20 02
	ld a,0x03                     ; BE23  3E 03
L_BE25:
	add a,d                       ; BE25  82
	ld (iy+0x06),a                ; BE26  FD 77 06
	ld a,(iy+0x00)                ; BE29  FD 7E 00
	cp 0x01                       ; BE2C  FE 01
	ret z                         ; BE2E  C8

	ld (iy+0x00),0x01             ; BE2F  FD 36 00 01
	jp L_C92C                     ; BE33  C3 2C C9  ; в каноне +0x100 этот операнд стухший

L_BE36:
	ld a,0x03                     ; BE36  3E 03
	jp L_C926                     ; BE38  C3 26 C9  ; в каноне +0x100 этот операнд стухший

L_BE3B:
	ld a,(OBJ_BLOCK_BF09+0x21)    ; BE3B  3A 2A BF  ; в каноне +0x100 этот операнд стухший
	inc a                         ; BE3E  3C
	ld (OBJ_BLOCK_BF09+0x21),a    ; BE3F  32 2A BF  ; в каноне +0x100 этот операнд стухший
	cp 0x04                       ; BE42  FE 04
	call z,L_BE68                 ; BE44  CC 68 BE  ; в каноне +0x100 этот операнд стухший
	cpl                           ; BE47  2F
	rrca                          ; BE48  0F
	and 0x01                      ; BE49  E6 01
	add a,0x22                    ; BE4B  C6 22
	ld (iy+0x06),a                ; BE4D  FD 77 06
	ret                           ; BE50  C9

L_BE51:
	ld d,0x1E                     ; BE51  16 1E
	call L_BE1C                   ; BE53  CD 1C BE  ; в каноне +0x100 этот операнд стухший
	call L_C2BF                   ; BE56  CD BF C2  ; в каноне +0x100 этот операнд стухший
	jr nc,L_BE63                  ; BE59  30 08
	ld a,(OBJ_BLOCK_BF09+0x1A)    ; BE5B  3A 23 BF  ; в каноне +0x100 этот операнд стухший
	add a,0x04                    ; BE5E  C6 04
	ld (OBJ_BLOCK_BF09+0x1A),a    ; BE60  32 23 BF  ; в каноне +0x100 этот операнд стухший
L_BE63:
	ld a,0x0E                     ; BE63  3E 0E
	jp L_C926                     ; BE65  C3 26 C9  ; в каноне +0x100 этот операнд стухший

L_BE68:
	ld (OBJ_BLOCK_BF09+0xB),a     ; BE68  32 14 BF  ; в каноне +0x100 этот операнд стухший
	ld a,(OBJ_BLOCK_BF09+0x22)    ; BE6B  3A 2B BF  ; в каноне +0x100 этот операнд стухший
	ld (OBJ_BLOCK_BF09+0xC),a     ; BE6E  32 15 BF  ; в каноне +0x100 этот операнд стухший
	ld hl,(OBJ_BLOCK_BF09+0x25)   ; BE71  2A 2E BF  ; в каноне +0x100 этот операнд стухший
	ld a,l                        ; BE74  7D
	sub 0x09                      ; BE75  D6 09
	ld l,a                        ; BE77  6F
	ld a,(OBJ_BLOCK_BF09+0x28)    ; BE78  3A 31 BF  ; в каноне +0x100 этот операнд стухший
	ld (OBJ_BLOCK_BF09+0x12),a    ; BE7B  32 1B BF  ; в каноне +0x100 этот операнд стухший
	or a                          ; BE7E  B7
	jr z,L_BE83                   ; BE7F  28 02
	ld a,0x18                     ; BE81  3E 18
L_BE83:
	add a,h                       ; BE83  84
	sub 0x04                      ; BE84  D6 04
	ld h,a                        ; BE86  67
	ld (OBJ_BLOCK_BF09+0xF),hl    ; BE87  22 18 BF  ; в каноне +0x100 этот операнд стухший
	ld a,0x04                     ; BE8A  3E 04
	ret                           ; BE8C  C9

L_BE8D:
	ld a,ixl                      ; BE8D  DD 7D
	cp 0x81                       ; BE8F  FE 81
	ret nc                        ; BE91  D0

	ld a,(GAME_VARS+0xB)          ; BE92  3A F5 C1
	ld h,0x18                     ; BE95  26 18
	cp 0x54                       ; BE97  FE 54
	jr nc,L_BE9C                  ; BE99  30 01
	ld h,d                        ; BE9B  62
L_BE9C:
	ld a,h                        ; BE9C  7C
	cpl                           ; BE9D  2F
	and 0x80                      ; BE9E  E6 80
	ld e,a                        ; BEA0  5F
	ld a,r                        ; BEA1  ED 5F
	ld d,a                        ; BEA3  57
	and 0x3F                      ; BEA4  E6 3F
	cp 0x03                       ; BEA6  FE 03
	ccf                           ; BEA8  3F
	ret nc                        ; BEA9  D0

	ld b,a                        ; BEAA  47
	ld a,(D_BEB6)                 ; BEAB  3A B6 BE
	dec a                         ; BEAE  3D
	ld (D_BEB6),a                 ; BEAF  32 B6 BE
	cp 0x01                       ; BEB2  FE 01
	ld a,b                        ; BEB4  78
	ret                           ; BEB5  C9

D_BEB6:			; данные BEB6..BEB6 (1 байт)
	db	0xE3	; BEB6
L_BEB7:
	ld a,(OBJ_BLOCK_BF09+0xB)     ; BEB7  3A 14 BF
	or a                          ; BEBA  B7
	ret nz                        ; BEBB  C0

	ld a,(OBJ_BLOCK_BF09+0x16)    ; BEBC  3A 1F BF
	or a                          ; BEBF  B7
	ret nz                        ; BEC0  C0

	ld d,0x98                     ; BEC1  16 98
	call L_BE8D                   ; BEC3  CD 8D BE
	ret nc                        ; BEC6  D0

	and 0x01                      ; BEC7  E6 01
	jp z,L_BEEF                   ; BEC9  CA EF BE
	ld a,(GAME_VARS+0xC)          ; BECC  3A F6 C1
	ld (OBJ_BLOCK_BF09+0x22),a    ; BECF  32 2B BF
	ld a,e                        ; BED2  7B
	ld (OBJ_BLOCK_BF09+0x28),a    ; BED3  32 31 BF
	ld a,d                        ; BED6  7A
	and 0x40                      ; BED7  E6 40
	rrca                          ; BED9  0F
	rrca                          ; BEDA  0F
	ld d,a                        ; BEDB  57
	ld a,(GAME_VARS+0xA)          ; BEDC  3A F4 C1
	cp 0x30                       ; BEDF  FE 30
	jr c,L_BEE5                   ; BEE1  38 02
	sub d                         ; BEE3  92
	inc a                         ; BEE4  3C
L_BEE5:
	ld l,a                        ; BEE5  6F
	ld (OBJ_BLOCK_BF09+0x25),hl   ; BEE6  22 2E BF
	ld a,0x01                     ; BEE9  3E 01
	ld (OBJ_BLOCK_BF09+0x21),a    ; BEEB  32 2A BF
	ret                           ; BEEE  C9

L_BEEF:
	ld a,0x01                     ; BEEF  3E 01
	ld (OBJ_BLOCK_BF09+0x16),a    ; BEF1  32 1F BF
	ld a,0x21                     ; BEF4  3E 21
	ld (OBJ_BLOCK_BF09+0x1C),a    ; BEF6  32 25 BF
	ld a,(GAME_VARS+0xC)          ; BEF9  3A F6 C1
	ld (OBJ_BLOCK_BF09+0x17),a    ; BEFC  32 20 BF
	ld l,0x50                     ; BEFF  2E 50
	ld (OBJ_BLOCK_BF09+0x1A),hl   ; BF01  22 23 BF
	ld a,e                        ; BF04  7B
	ld (OBJ_BLOCK_BF09+0x1D),a    ; BF05  32 26 BF
	ret                           ; BF08  C9

OBJ_BLOCK_BF09:			; данные BF09..BF33 (43 байт)
; блок состояния объектов: 4 записи по 0x0B байт, C009..C034. База берётся
; из BE70/BE7F/BE8A/BE95/BEA2 (ld iy,C009 / C014 / C01F / C02A). Поля
; iy+2/3 и iy+8/9 читаются в hl (BEBA..BEC9) и уходят в call (hl) — это 8
; указателей на обработчики. ВСЕ ВОСЕМЬ СТУХЛИ: сверка с кассетой
; показывает, что инструмент сдвига данные не трогал вовсе, и указатели
; остались от раскладки 82A0 (см. docs/msx-relocation.md)
	db	0x00,0x16	; BF09
	dw	L_BDF3	; BF0B  F3 BD
	db	0x46,0xFF,0x1B,0x00	; BF0D
	dw	L_BE1A	; BF11  1A BE
	db	0x00,0x00,0x0C	; BF13
	dw	L_BDF3	; BF16  F3 BD
	db	0x48,0xAA,0x26,0x80	; BF18
	dw	L_BE36	; BF1C  36 BE
	db	0x08,0x00,0x16	; BF1E
	dw	L_BE12	; BF21  12 BE
	db	0x50,0xFC,0x20,0x00	; BF23
	dw	L_BE51	; BF27  51 BE
	db	0x08,0x00,0x0C	; BF29
	dw	L_BE09	; BF2C  09 BE
	db	0x51,0x18,0x22,0x80	; BF2E
	dw	L_BE3B	; BF32  3B BE
L_BF34:
	call L_D0F2                   ; BF34  CD F2 D0
L_BF37:
	ld a,0x00                     ; BF37  3E 00
	or a                          ; BF39  B7
	jr nz,L_BF41                  ; BF3A  20 05
	call L_C160                   ; BF3C  CD 60 C1
	jr L_BF4C                     ; BF3F  18 0B

L_BF41:
	dec a                         ; BF41  3D
	ld (L_BF37+0x1),a             ; BF42  32 38 BF
	ld bc,(GAME_VARS+0xA)         ; BF45  ED 4B F4 C1
	call L_CCD0                   ; BF49  CD D0 CC
L_BF4C:
	call L_BF83                   ; BF4C  CD 83 BF
	call L_C7DB                   ; BF4F  CD DB C7
	call L_BD7A                   ; BF52  CD 7A BD
	call L_C975                   ; BF55  CD 75 C9
	call L_BBD5                   ; BF58  CD D5 BB
	call L_BC58                   ; BF5B  CD 58 BC
	call L_C9E0                   ; BF5E  CD E0 C9
	call L_BD90                   ; BF61  CD 90 BD
	call L_BD9B                   ; BF64  CD 9B BD
	call L_BD85                   ; BF67  CD 85 BD
	ld a,(GAME_VARS+0xC)          ; BF6A  3A F6 C1
	ld b,a                        ; BF6D  47
	ld a,(LEVEL_VARS)             ; BF6E  3A 7B CD
	cp b                          ; BF71  B8
	jr nz,L_BF79                  ; BF72  20 05
	ld a,0x01                     ; BF74  3E 01
	ld (D_D123),a                 ; BF76  32 23 D1
L_BF79:
	call L_D124                   ; BF79  CD 24 D1
	xor a                         ; BF7C  AF
	ld (D_D123),a                 ; BF7D  32 23 D1
	jp L_C4E3                     ; BF80  C3 E3 C4

L_BF83:
	ld a,(LEVEL_VARS+0x7)         ; BF83  3A 82 CD
	or a                          ; BF86  B7
	ret z                         ; BF87  C8

	ld hl,L_BFFB                  ; BF88  21 FB BF
	push hl                       ; BF8B  E5
	ld a,0xF0                     ; BF8C  3E F0
	out (0xAA),a                  ; BF8E  D3 AA
	nop                           ; BF90  00
	in a,(0xA9)                   ; BF91  DB A9
	and 0x3E                      ; BF93  E6 3E
	cp 0x3E                       ; BF95  FE 3E
	jr nz,L_BF9F                  ; BF97  20 06
L_BF99:
	ld a,0x00                     ; BF99  3E 00
	ld c,0x00                     ; BF9B  0E 00
	jr L_BFA1                     ; BF9D  18 02

L_BF9F:
	ld c,0x01                     ; BF9F  0E 01
L_BFA1:
	ld (L_BFEE+0x1),a             ; BFA1  32 EF BF
	cp 0x3C                       ; BFA4  FE 3C
	jr z,L_BFD0                   ; BFA6  28 28
	cp 0x3A                       ; BFA8  FE 3A
	jr z,L_BFDA                   ; BFAA  28 2E
	cp 0x36                       ; BFAC  FE 36
	jr z,L_BFC6                   ; BFAE  28 16
	cp 0x2E                       ; BFB0  FE 2E
	jr z,L_BFBC                   ; BFB2  28 08
	cp 0x1E                       ; BFB4  FE 1E
	ret nz                        ; BFB6  C0

	ld a,(OBJ_ARRAY_CBBF+0x20)    ; BFB7  3A DF CB
	jr L_BFE4                     ; BFBA  18 28

L_BFBC:
	ld a,(OBJ_ARRAY_CBBF+0x9)     ; BFBC  3A C8 CB
	dec a                         ; BFBF  3D
	ret z                         ; BFC0  C8

	ld a,(OBJ_ARRAY_CBBF+0x6)     ; BFC1  3A C5 CB
	jr L_BFE4                     ; BFC4  18 1E

L_BFC6:
	ld a,(OBJ_ARRAY_CBBF+0x16)    ; BFC6  3A D5 CB
	dec a                         ; BFC9  3D
	ret z                         ; BFCA  C8

	ld a,(OBJ_ARRAY_CBBF+0x13)    ; BFCB  3A D2 CB
	jr L_BFE4                     ; BFCE  18 14

L_BFD0:
	ld a,(LEVEL_VARS+0x9)         ; BFD0  3A 84 CD
	or a                          ; BFD3  B7
	ret nz                        ; BFD4  C0

	ld a,(LEVEL_VARS+0x3)         ; BFD5  3A 7E CD
	jr L_BFE4                     ; BFD8  18 0A

L_BFDA:
	ld a,(LEVEL_VARS+0xB)         ; BFDA  3A 86 CD
	or a                          ; BFDD  B7
	ret nz                        ; BFDE  C0

	ld a,(LEVEL_VARS+0x5)         ; BFDF  3A 80 CD
	jr L_BFE4                     ; BFE2  18 00

L_BFE4:
	ld b,a                        ; BFE4  47
	ld a,(LEVEL_VARS)             ; BFE5  3A 7B CD
L_BFE8:
	cp b                          ; BFE8  B8
	ret z                         ; BFE9  C8

	ld a,b                        ; BFEA  78
	ld (LEVEL_VARS),a             ; BFEB  32 7B CD
L_BFEE:
	ld a,0x00                     ; BFEE  3E 00
	ld (L_BF99+0x1),a             ; BFF0  32 9A BF
	xor a                         ; BFF3  AF
	cp c                          ; BFF4  B9
	call nz,RET_STUB              ; BFF5  C4 F8 D3
	jp L_CA72                     ; BFF8  C3 72 CA

L_BFFB:
	ld iy,OBJ_ARRAY_CBBF          ; BFFB  FD 21 BF CB  ; в каноне +0x100 этот операнд стухший
	ld b,0x03                     ; BFFF  06 03
L_C001:
	push bc                       ; C001  C5
	ld a,(iy+0x09)                ; C002  FD 7E 09
	cp 0x01                       ; C005  FE 01
	jr z,L_C048                   ; C007  28 3F
	call L_C062                   ; C009  CD 62 C0  ; в каноне +0x100 этот операнд стухший
	ld a,(GAME_VARS+0xC)          ; C00C  3A F6 C1  ; в каноне +0x100 этот операнд стухший
	cp (iy+0x06)                  ; C00F  FD BE 06
	jr nz,L_C02F                  ; C012  20 1B
	ld d,0x00                     ; C014  16 00
	call L_C051                   ; C016  CD 51 C0  ; в каноне +0x100 этот операнд стухший
	call L_C8F2                   ; C019  CD F2 C8  ; в каноне +0x100 этот операнд стухший
	pop bc                        ; C01C  C1
	push bc                       ; C01D  C5
	xor a                         ; C01E  AF
	cp e                          ; C01F  BB
	call nz,L_C079                ; C020  C4 79 C0  ; в каноне +0x100 этот операнд стухший
	pop af                        ; C023  F1
	push af                       ; C024  F5
	call L_C0AF                   ; C025  CD AF C0  ; в каноне +0x100 этот операнд стухший
	jr L_C048                     ; C028  18 1E

L_C02A:
	call L_C051                   ; C02A  CD 51 C0  ; в каноне +0x100 этот операнд стухший
	jr L_C048                     ; C02D  18 19

L_C02F:
	ld a,(LEVEL_VARS)             ; C02F  3A 7B CD  ; в каноне +0x100 этот операнд стухший
	ld d,0x60                     ; C032  16 60
	cp (iy+0x06)                  ; C034  FD BE 06
	jr z,L_C02A                   ; C037  28 F1
	ld a,(iy+0x09)                ; C039  FD 7E 09
	cp 0x04                       ; C03C  FE 04
	jr nc,L_C048                  ; C03E  30 08
	cp 0x02                       ; C040  FE 02
	jr c,L_C048                   ; C042  38 04
	ld (iy+0x09),0x01             ; C044  FD 36 09 01
L_C048:
	ld bc,0x0D                    ; C048  01 0D 00
	add iy,bc                     ; C04B  FD 09
	pop bc                        ; C04D  C1
	djnz L_C001                   ; C04E  10 B1
	ret                           ; C050  C9

L_C051:
	ld a,(iy+0x07)                ; C051  FD 7E 07
	add a,d                       ; C054  82
	ld c,a                        ; C055  4F
	ld b,(iy+0x08)                ; C056  FD 46 08
	ld a,(iy+0x0B)                ; C059  FD 7E 0B
	push bc                       ; C05C  C5
	call L_D0A0                   ; C05D  CD A0 D0  ; в каноне +0x100 этот операнд стухший
	pop bc                        ; C060  C1
	ret                           ; C061  C9

L_C062:
	or a                          ; C062  B7
	jp z,L_C0E8                   ; C063  CA E8 C0  ; в каноне +0x100 этот операнд стухший
	cp 0x04                       ; C066  FE 04
	jr c,L_C06D                   ; C068  38 03
	dec (iy+0x09)                 ; C06A  FD 35 09
L_C06D:
	ld b,0x00                     ; C06D  06 00
	ld c,a                        ; C06F  4F
	ld hl,L_C0E0+0x2              ; C070  21 E2 C0  ; в каноне +0x100 этот операнд стухший
	add hl,bc                     ; C073  09
	ld a,(hl)                     ; C074  7E
	ld (iy+0x0B),a                ; C075  FD 77 0B
	ret                           ; C078  C9

L_C079:
	ld a,(iy+0x09)                ; C079  FD 7E 09
	or a                          ; C07C  B7
	ret nz                        ; C07D  C0

	ld a,b                        ; C07E  78
	cp 0x03                       ; C07F  FE 03
	jr z,L_C09B                   ; C081  28 18
	cp 0x02                       ; C083  FE 02
	jp nz,L_C625                  ; C085  C2 25 C6  ; в каноне +0x100 этот операнд стухший
	ld a,(LEVEL_VARS+0xB)         ; C088  3A 86 CD  ; в каноне +0x100 этот операнд стухший
	or a                          ; C08B  B7
	ret z                         ; C08C  C8

	ld a,0x05                     ; C08D  3E 05
	ld (OBJ_ARRAY_CBBF+0x16),a    ; C08F  32 D5 CB  ; в каноне +0x100 этот операнд стухший
	ld a,(OBJ_ARRAY_CBBF+0x9)     ; C092  3A C8 CB  ; в каноне +0x100 этот операнд стухший
	or a                          ; C095  B7
	jp z,L_CAAF                   ; C096  CA AF CA  ; в каноне +0x100 этот операнд стухший
	jr L_C0AC                     ; C099  18 11

L_C09B:
	ld a,(LEVEL_VARS+0x9)         ; C09B  3A 84 CD  ; в каноне +0x100 этот операнд стухший
	or a                          ; C09E  B7
	ret z                         ; C09F  C8

	ld a,0x02                     ; C0A0  3E 02
	ld (OBJ_ARRAY_CBBF+0x9),a     ; C0A2  32 C8 CB  ; в каноне +0x100 этот операнд стухший
	ld a,(OBJ_ARRAY_CBBF+0x16)    ; C0A5  3A D5 CB  ; в каноне +0x100 этот операнд стухший
	or a                          ; C0A8  B7
	jp z,L_CAB7                   ; C0A9  CA B7 CA  ; в каноне +0x100 этот операнд стухший
L_C0AC:
	jp L_CAA0                     ; C0AC  C3 A0 CA  ; в каноне +0x100 этот операнд стухший

L_C0AF:
	cp 0x01                       ; C0AF  FE 01
	ret nz                        ; C0B1  C0

	ld a,(OBJ_BLOCK_BF09)         ; C0B2  3A 09 BF  ; в каноне +0x100 этот операнд стухший
	cp 0x01                       ; C0B5  FE 01
	ret nz                        ; C0B7  C0

	ld a,(OBJ_ARRAY_CBBF+0x16)    ; C0B8  3A D5 CB  ; в каноне +0x100 этот операнд стухший
	or a                          ; C0BB  B7
	ret z                         ; C0BC  C8

	ld a,(OBJ_ARRAY_CBBF+0x9)     ; C0BD  3A C8 CB  ; в каноне +0x100 этот операнд стухший
	or a                          ; C0C0  B7
	ret z                         ; C0C1  C8

	ld b,(iy+0x08)                ; C0C2  FD 46 08
	ld c,(iy+0x07)                ; C0C5  FD 4E 07
	ld a,(OBJ_BLOCK_BF09+0x5)     ; C0C8  3A 0E BF  ; в каноне +0x100 этот операнд стухший
	sub 0x18                      ; C0CB  D6 18
	cp b                          ; C0CD  B8
	ret nc                        ; C0CE  D0

	add a,0x20                    ; C0CF  C6 20
	cp b                          ; C0D1  B8
	ret c                         ; C0D2  D8

	ld a,(OBJ_BLOCK_BF09+0x4)     ; C0D3  3A 0D BF  ; в каноне +0x100 этот операнд стухший
	sub 0x08                      ; C0D6  D6 08
	cp c                          ; C0D8  B9
	ret nc                        ; C0D9  D0

	add a,0x30                    ; C0DA  C6 30
	cp c                          ; C0DC  B9
	ret c                         ; C0DD  D8

	ld a,0x01                     ; C0DE  3E 01
L_C0E0:
	ld (D_BBD4),a                 ; C0E0  32 D4 BB  ; в каноне +0x100 этот операнд стухший
	ret                           ; C0E3  C9

D_C0E4:			; данные C0E4..C0E7 (4 байт)
	db	0x27,0x34,0x32,0x33	; C0E4
L_C0E8:
	call L_CB11+0x1               ; C0E8  CD 12 CB  ; в каноне +0x100 этот операнд стухший
	xor a                         ; C0EB  AF
	cp d                          ; C0EC  BA
	jr z,L_C0F7                   ; C0ED  28 08
	ld a,(iy+0x0A)                ; C0EF  FD 7E 0A
	or e                          ; C0F2  B3
	xor 0x80                      ; C0F3  EE 80
	jr L_C102                     ; C0F5  18 0B

L_C0F7:
	ld a,(iy+0x03)                ; C0F7  FD 7E 03
	push bc                       ; C0FA  C5
	call L_CCFA                   ; C0FB  CD FA CC  ; в каноне +0x100 этот операнд стухший
	pop bc                        ; C0FE  C1
	and 0x3F                      ; C0FF  E6 3F
	or e                          ; C101  B3
L_C102:
	ld (iy+0x0B),a                ; C102  FD 77 0B
	ld e,0x00                     ; C105  1E 00
	ld h,b                        ; C107  60
	ld l,0x60                     ; C108  2E 60
	ld a,0x1F                     ; C10A  3E 1F
	cp c                          ; C10C  B9
	jr nc,L_C128                  ; C10D  30 19
	ld l,0x20                     ; C10F  2E 20
	inc e                         ; C111  1C
	ld a,0x60                     ; C112  3E 60
	cp c                          ; C114  B9
	jr c,L_C128                   ; C115  38 11
	ld l,c                        ; C117  69
	ld h,0xA8                     ; C118  26 A8
	inc e                         ; C11A  1C
	ld a,0xE6                     ; C11B  3E E6
	cp b                          ; C11D  B8
	jr c,L_C128                   ; C11E  38 08
	ld h,0x00                     ; C120  26 00
	inc e                         ; C122  1C
	ld a,0xA8                     ; C123  3E A8
	cp b                          ; C125  B8
	jr nc,L_C159                  ; C126  30 31
L_C128:
	push hl                       ; C128  E5
	ld d,0x00                     ; C129  16 00
	push de                       ; C12B  D5
	ld b,(iy+0x08)                ; C12C  FD 46 08
	ld c,(iy+0x07)                ; C12F  FD 4E 07
	ld a,(GAME_VARS+0xC)          ; C132  3A F6 C1  ; в каноне +0x100 этот операнд стухший
	cp (iy+0x06)                  ; C135  FD BE 06
	jr z,L_C146                   ; C138  28 0C
	ld a,(LEVEL_VARS)             ; C13A  3A 7B CD  ; в каноне +0x100 этот операнд стухший
	cp (iy+0x06)                  ; C13D  FD BE 06
	jr nz,L_C14A                  ; C140  20 08
	ld a,c                        ; C142  79
	add a,0x60                    ; C143  C6 60
	ld c,a                        ; C145  4F
L_C146:
	xor a                         ; C146  AF
	call L_CCCF                   ; C147  CD CF CC  ; в каноне +0x100 этот операнд стухший
L_C14A:
	ld a,(iy+0x06)                ; C14A  FD 7E 06
	call L_D16C                   ; C14D  CD 6C D1  ; в каноне +0x100 этот операнд стухший
	pop de                        ; C150  D1
	add hl,de                     ; C151  19
	ld a,(hl)                     ; C152  7E
	ld (iy+0x06),a                ; C153  FD 77 06
	pop hl                        ; C156  E1
	ld b,h                        ; C157  44
	ld c,l                        ; C158  4D
L_C159:
	ld (iy+0x07),c                ; C159  FD 71 07
	ld (iy+0x08),b                ; C15C  FD 70 08
	ret                           ; C15F  C9

L_C160:
	ld hl,L_C245                  ; C160  21 45 C2
	push hl                       ; C163  E5
	ld a,(GAME_VARS+0x9)          ; C164  3A F3 C1
	or a                          ; C167  B7
	jr z,L_C181                   ; C168  28 17
	call L_C240                   ; C16A  CD 40 C2
	jr nz,L_C181                  ; C16D  20 12
	call L_C2BA                   ; C16F  CD BA C2
	jp c,L_C3EF                   ; C172  DA EF C3
	ld a,(GAME_VARS+0x7)          ; C175  3A F1 C1
	cp 0x08                       ; C178  FE 08
	jr nc,L_C181                  ; C17A  30 05
	cp 0x06                       ; C17C  FE 06
	call nc,L_C1BE                ; C17E  D4 BE C1
L_C181:
	xor a                         ; C181  AF
	ld (GAME_VARS+0x2),a          ; C182  32 EC C1
	ld a,(GAME_VARS+0x5)          ; C185  3A EF C1
	or a                          ; C188  B7
	jp nz,L_C3A8                  ; C189  C2 A8 C3
	ld a,(GAME_VARS+0x6)          ; C18C  3A F0 C1
	or a                          ; C18F  B7
	jp nz,L_C425                  ; C190  C2 25 C4
	call L_C21F                   ; C193  CD 1F C2
	call L_CC7B                   ; C196  CD 7B CC
	bit 4,b                       ; C199  CB 60
	jp nz,L_C39F                  ; C19B  C2 9F C3
	bit 0,b                       ; C19E  CB 40
	jp nz,L_C290                  ; C1A0  C2 90 C2
	bit 1,b                       ; C1A3  CB 48
	jp nz,L_C27C                  ; C1A5  C2 7C C2
	ld a,0x01                     ; C1A8  3E 01
	ld (GAME_VARS+0x4),a          ; C1AA  32 EE C1
	bit 2,b                       ; C1AD  CB 50
	jp nz,L_C274                  ; C1AF  C2 74 C2
	bit 3,b                       ; C1B2  CB 58
	jp nz,L_C25D                  ; C1B4  C2 5D C2
	xor a                         ; C1B7  AF
	ld (GAME_VARS+0x4),a          ; C1B8  32 EE C1
	jp L_C2B1                     ; C1BB  C3 B1 C2

L_C1BE:
	call SFX_64B9                 ; C1BE  CD 88 D7
	ld a,(GAME_VARS+0x3)          ; C1C1  3A ED C1
	cp 0x10                       ; C1C4  FE 10
	jr c,L_C1DC                   ; C1C6  38 14
	ld a,(L_C92C+0x1)             ; C1C8  3A 2D C9
	ld b,a                        ; C1CB  47
	ld a,(GAME_VARS+0x3)          ; C1CC  3A ED C1
	sub 0x0F                      ; C1CF  D6 0F
	cp b                          ; C1D1  B8
	jr nc,L_C1D5                  ; C1D2  30 01
	ld b,a                        ; C1D4  47
L_C1D5:
	push bc                       ; C1D5  C5
	call L_C92C                   ; C1D6  CD 2C C9
	pop bc                        ; C1D9  C1
	djnz L_C1D5                   ; C1DA  10 F9
L_C1DC:
	xor a                         ; C1DC  AF
	ld (GAME_VARS+0x3),a          ; C1DD  32 ED C1
	ret                           ; C1E0  C9

L_C1E1:
	ld a,(GAME_VARS+0xE)          ; C1E1  3A F8 C1
	xor 0x80                      ; C1E4  EE 80
	ld (GAME_VARS+0xE),a          ; C1E6  32 F8 C1
	ret                           ; C1E9  C9

GAME_VARS:			; данные C1EA..C1FE (21 байт)
; главный блок переменных игры: 19 адресов, 105 обращений из живого кода
; (C2EA..C2FA, C2FC, C2FE)
	db	0x01,0x01,0x00,0x00,0x00,0x00,0x00,0x00,0x02,0x07,0x50,0x77,0x16,0x00,0x80,0x01	; C1EA
	db	0x20,0x4B,0x16,0x00,0x80	; C1FA
L_C1FF:
	ld hl,GAME_VARS               ; C1FF  21 EA C1
	ld de,GAME_VARS+0x1           ; C202  11 EB C1
	ld bc,0x14                    ; C205  01 14 00
	ld (hl),0x00                  ; C208  36 00
	ldir                          ; C20A  ED B0
	ld hl,0x4050                  ; C20C  21 50 40
	ld (GAME_VARS+0xA),hl         ; C20F  22 F4 C1
	ld hl,0x0103                  ; C212  21 03 01
	ld (GAME_VARS+0x8),hl         ; C215  22 F2 C1
	ld hl,0x0180                  ; C218  21 80 01
	ld (GAME_VARS+0xE),hl         ; C21B  22 F8 C1
	ret                           ; C21E  C9

L_C21F:
	ld a,(GAME_VARS)              ; C21F  3A EA C1
	or a                          ; C222  B7
	ret nz                        ; C223  C0

	ld a,(L_BF37+0x1)             ; C224  3A 38 BF
	or a                          ; C227  B7
	ret nz                        ; C228  C0

	inc a                         ; C229  3C
	ld (GAME_VARS),a              ; C22A  32 EA C1
	ld hl,(GAME_VARS+0xA)         ; C22D  2A F4 C1
	ld (GAME_VARS+0x10),hl        ; C230  22 FA C1
	ld hl,(GAME_VARS+0xC)         ; C233  2A F6 C1
	ld (GAME_VARS+0x12),hl        ; C236  22 FC C1
	ld a,(GAME_VARS+0xE)          ; C239  3A F8 C1
	ld (GAME_VARS+0x14),a         ; C23C  32 FE C1
	ret                           ; C23F  C9

L_C240:
	ld a,(GAME_VARS+0xD)          ; C240  3A F7 C1
	or a                          ; C243  B7
	ret                           ; C244  C9

L_C245:
	call L_C32C                   ; C245  CD 2C C3
	call L_C4BB                   ; C248  CD BB C4
	call L_D77E                   ; C24B  CD 7E D7
	ld a,(GAME_VARS+0xE)          ; C24E  3A F8 C1
	ld b,a                        ; C251  47
	ld a,(GAME_VARS+0x7)          ; C252  3A F1 C1
	or b                          ; C255  B0
	ld bc,(GAME_VARS+0xA)         ; C256  ED 4B F4 C1
	jp L_D868                     ; C25A  C3 68 D8

L_C25D:
	ld a,(GAME_VARS+0xE)          ; C25D  3A F8 C1
	or a                          ; C260  B7
	jr nz,L_C269                  ; C261  20 06
L_C263:
	call L_C1E1                   ; C263  CD E1 C1
L_C266:
	jp L_C2B1                     ; C266  C3 B1 C2

L_C269:
	ld d,0x80                     ; C269  16 80
	call L_C495                   ; C26B  CD 95 C4
	jr nc,L_C266                  ; C26E  30 F6
	call L_C2E9                   ; C270  CD E9 C2
	ret                           ; C273  C9

L_C274:
	ld a,(GAME_VARS+0xE)          ; C274  3A F8 C1
	or a                          ; C277  B7
	jr z,L_C269                   ; C278  28 EF
	jr L_C263                     ; C27A  18 E7

L_C27C:
	call L_C240                   ; C27C  CD 40 C2
	jr nz,L_C287                  ; C27F  20 06
	ld a,0x05                     ; C281  3E 05
	ld (GAME_VARS+0x7),a          ; C283  32 F1 C1
	ret                           ; C286  C9

L_C287:
	call L_C2BA                   ; C287  CD BA C2
	ret nc                        ; C28A  D0

	call L_C1E1                   ; C28B  CD E1 C1
	jr L_C2A3                     ; C28E  18 13

L_C290:
	call L_C240                   ; C290  CD 40 C2
	jp z,L_C441                   ; C293  CA 41 C4
	call L_C2A7                   ; C296  CD A7 C2
	call L_C1E1                   ; C299  CD E1 C1
	call L_C4BB                   ; C29C  CD BB C4
	ret z                         ; C29F  C8

	call L_C1E1                   ; C2A0  CD E1 C1
L_C2A3:
	ld b,0x04                     ; C2A3  06 04
	jr L_C2A9                     ; C2A5  18 02

L_C2A7:
	ld b,0xFC                     ; C2A7  06 FC
L_C2A9:
	ld a,(GAME_VARS+0xA)          ; C2A9  3A F4 C1
	add a,b                       ; C2AC  80
	ld (GAME_VARS+0xA),a          ; C2AD  32 F4 C1
	ret                           ; C2B0  C9

L_C2B1:
	xor a                         ; C2B1  AF
	ld (GAME_VARS+0x7),a          ; C2B2  32 F1 C1
	inc a                         ; C2B5  3C
	ld (GAME_VARS+0xF),a          ; C2B6  32 F9 C1
	ret                           ; C2B9  C9

L_C2BA:
	xor a                         ; C2BA  AF
	ld d,0x40                     ; C2BB  16 40
	jr L_C2CC                     ; C2BD  18 0D

L_C2BF:
	ld bc,(OBJ_BLOCK_BF09+0x1A)   ; C2BF  ED 4B 23 BF  ; в каноне +0x100 этот операнд стухший
	ld de,0x2002                  ; C2C3  11 02 20
	jr L_C2D8                     ; C2C6  18 10

L_C2C8:
	ld a,0xDF                     ; C2C8  3E DF
	ld d,0x80                     ; C2CA  16 80
L_C2CC:
	ld bc,(GAME_VARS+0xA)         ; C2CC  ED 4B F4 C1
	add a,c                       ; C2D0  81
	cp 0x60                       ; C2D1  FE 60
	ccf                           ; C2D3  3F
	ret c                         ; C2D4  D8

	ld c,a                        ; C2D5  4F
L_C2D6:
	ld e,0x03                     ; C2D6  1E 03
L_C2D8:
	ld a,0x06                     ; C2D8  3E 06
	add a,b                       ; C2DA  80
	ld b,a                        ; C2DB  47
	push bc                       ; C2DC  C5
	call ATTR_ADDR                ; C2DD  CD 00 D6
	pop bc                        ; C2E0  C1
	ld a,(hl)                     ; C2E1  7E
	cp d                          ; C2E2  BA
	ret nc                        ; C2E3  D0

	dec e                         ; C2E4  1D
	jr nz,L_C2D8                  ; C2E5  20 F1
	scf                           ; C2E7  37
	ret                           ; C2E8  C9

L_C2E9:
	ld a,(GAME_VARS+0x7)          ; C2E9  3A F1 C1
	cp 0x05                       ; C2EC  FE 05
	jr c,L_C2F2                   ; C2EE  38 02
	ld a,0x01                     ; C2F0  3E 01
L_C2F2:
	ld b,a                        ; C2F2  47
	cp 0x04                       ; C2F3  FE 04
	jr nz,L_C2FE                  ; C2F5  20 07
	ld a,0xFF                     ; C2F7  3E FF
	ld (GAME_VARS+0xF),a          ; C2F9  32 F9 C1
	jr L_C30A                     ; C2FC  18 0C

L_C2FE:
	cp 0x01                       ; C2FE  FE 01
	jr nz,L_C307                  ; C300  20 05
	ld a,0x01                     ; C302  3E 01
	ld (GAME_VARS+0xF),a          ; C304  32 F9 C1
L_C307:
	ld a,(GAME_VARS+0xF)          ; C307  3A F9 C1
L_C30A:
	add a,b                       ; C30A  80
	ld (GAME_VARS+0x7),a          ; C30B  32 F1 C1
	ld a,(GAME_VARS+0xE)          ; C30E  3A F8 C1
	ld b,0xFD                     ; C311  06 FD
	or a                          ; C313  B7
	jr z,L_C318                   ; C314  28 02
	ld b,0x03                     ; C316  06 03
L_C318:
	ld a,(GAME_VARS+0xB)          ; C318  3A F5 C1
	add a,b                       ; C31B  80
	ld (GAME_VARS+0xB),a          ; C31C  32 F5 C1
	ret                           ; C31F  C9

L_C320:
	ld a,(GAME_VARS+0xE)          ; C320  3A F8 C1
	ld b,0xFE                     ; C323  06 FE
	or a                          ; C325  B7
	jr z,L_C318                   ; C326  28 F0
	ld b,0x02                     ; C328  06 02
	jr L_C318                     ; C32A  18 EC

L_C32C:
	ld hl,D_D408                  ; C32C  21 08 D4
	ld b,(hl)                     ; C32F  46
	inc hl                        ; C330  23
	ld c,(hl)                     ; C331  4E
	inc hl                        ; C332  23
	ld d,(hl)                     ; C333  56
	inc hl                        ; C334  23
	ld e,(hl)                     ; C335  5E
	ld hl,GAME_VARS+0xB           ; C336  21 F5 C1
	ld a,(hl)                     ; C339  7E
	cp 0xA9                       ; C33A  FE A9
	jr c,L_C354                   ; C33C  38 16
	call L_C36F                   ; C33E  CD 6F C3
	ld a,(hl)                     ; C341  7E
	cp 0xE6                       ; C342  FE E6
	jr c,L_C34F                   ; C344  38 09
	ld (hl),0xA8                  ; C346  36 A8
	ld a,d                        ; C348  7A
L_C349:
	ld (GAME_VARS+0xC),a          ; C349  32 F6 C1
	jp L_D619                     ; C34C  C3 19 D6

L_C34F:
	ld (hl),0x00                  ; C34F  36 00
	ld a,e                        ; C351  7B
	jr L_C349                     ; C352  18 F5

L_C354:
	dec hl                        ; C354  2B
	ld a,(hl)                     ; C355  7E
	cp 0x20                       ; C356  FE 20
	jr c,L_C365                   ; C358  38 0B
	cp 0x61                       ; C35A  FE 61
	ret c                         ; C35C  D8

	call L_C36F                   ; C35D  CD 6F C3
	ld (hl),0x20                  ; C360  36 20
	ld a,c                        ; C362  79
	jr L_C349                     ; C363  18 E4

L_C365:
	ld (hl),0x20                  ; C365  36 20
	call L_C36F                   ; C367  CD 6F C3
	ld (hl),0x60                  ; C36A  36 60
L_C36C:
	ld a,b                        ; C36C  78
	jr L_C349                     ; C36D  18 DA

L_C36F:
	push bc                       ; C36F  C5
	ld a,(GAME_VARS+0xC)          ; C370  3A F6 C1
	ld b,a                        ; C373  47
	ld a,(LEVEL_VARS)             ; C374  3A 7B CD
	cp b                          ; C377  B8
	jr nz,L_C38A                  ; C378  20 10
	push de                       ; C37A  D5
	push hl                       ; C37B  E5
	call L_C62B                   ; C37C  CD 2B C6
	xor a                         ; C37F  AF
	ld (D_D123),a                 ; C380  32 23 D1
	nop                           ; C383  00
	nop                           ; C384  00
	nop                           ; C385  00
	nop                           ; C386  00
	nop                           ; C387  00
	pop hl                        ; C388  E1
	pop de                        ; C389  D1
L_C38A:
	pop bc                        ; C38A  C1
	ret                           ; C38B  C9

L_C38C:
	call L_C647                   ; C38C  CD 47 C6
	xor a                         ; C38F  AF
	ld (GAME_VARS),a              ; C390  32 EA C1
	ret                           ; C393  C9

D_C394:			; данные C394..C396 (3 байт)
	db	0x00,0x00,0x00	; C394
	call L_C647                   ; C397  CD 47 C6  ; в каноне +0x100 этот операнд стухший
	xor a                         ; C39A  AF
	ld (GAME_VARS),a              ; C39B  32 EA C1  ; в каноне +0x100 этот операнд стухший
	ret                           ; C39E  C9

L_C39F:
	ld a,(OBJ_BLOCK_BF09)         ; C39F  3A 09 BF
	or a                          ; C3A2  B7
	ret nz                        ; C3A3  C0

	call L_C240                   ; C3A4  CD 40 C2
	ret nz                        ; C3A7  C0

L_C3A8:
	inc a                         ; C3A8  3C
	ld (GAME_VARS+0x5),a          ; C3A9  32 EF C1
	cp 0x05                       ; C3AC  FE 05
	jr z,L_C3E8                   ; C3AE  28 38
	ld b,0x08                     ; C3B0  06 08
	cp 0x02                       ; C3B2  FE 02
	jr c,L_C3E3                   ; C3B4  38 2D
	cp 0x03                       ; C3B6  FE 03
	jr nc,L_C3E3                  ; C3B8  30 29
	inc b                         ; C3BA  04
	cp 0x03                       ; C3BB  FE 03
	jr z,L_C3E3                   ; C3BD  28 24
	ld (OBJ_BLOCK_BF09),a         ; C3BF  32 09 BF
	ld a,0x1C                     ; C3C2  3E 1C
	ld (OBJ_BLOCK_BF09+0x6),a     ; C3C4  32 0F BF
	ld a,(GAME_VARS+0xC)          ; C3C7  3A F6 C1
	ld (OBJ_BLOCK_BF09+0x1),a     ; C3CA  32 0A BF
	ld a,(GAME_VARS+0xE)          ; C3CD  3A F8 C1
	ld (OBJ_BLOCK_BF09+0x7),a     ; C3D0  32 10 BF
	ld d,0xF8                     ; C3D3  16 F8
	or a                          ; C3D5  B7
	jr z,L_C3DA                   ; C3D6  28 02
	ld d,0x10                     ; C3D8  16 10
L_C3DA:
	ld hl,(GAME_VARS+0xA)         ; C3DA  2A F4 C1
	ld e,0xF6                     ; C3DD  1E F6
	add hl,de                     ; C3DF  19
	ld (OBJ_BLOCK_BF09+0x4),hl    ; C3E0  22 0D BF
L_C3E3:
	ld a,b                        ; C3E3  78
	ld (GAME_VARS+0x7),a          ; C3E4  32 F1 C1
	ret                           ; C3E7  C9

L_C3E8:
	xor a                         ; C3E8  AF
	ld (GAME_VARS+0x5),a          ; C3E9  32 EF C1
	jp L_C2B1                     ; C3EC  C3 B1 C2

L_C3EF:
	call L_C2A3                   ; C3EF  CD A3 C2
	ld a,(GAME_VARS+0x3)          ; C3F2  3A ED C1
	inc a                         ; C3F5  3C
	ld (GAME_VARS+0x3),a          ; C3F6  32 ED C1
	ld a,(GAME_VARS+0x2)          ; C3F9  3A EC C1
	or a                          ; C3FC  B7
	jr z,L_C418                   ; C3FD  28 19
	dec a                         ; C3FF  3D
	ld (GAME_VARS+0x2),a          ; C400  32 EC C1
	or a                          ; C403  B7
	jr z,L_C414                   ; C404  28 0E
	ld a,(GAME_VARS+0x1)          ; C406  3A EB C1
	or a                          ; C409  B7
	jr z,L_C414                   ; C40A  28 08
	ld d,0x40                     ; C40C  16 40
	call L_C495                   ; C40E  CD 95 C4
	call c,L_C320                 ; C411  DC 20 C3
L_C414:
	ld a,0x07                     ; C414  3E 07
	jr L_C421                     ; C416  18 09

L_C418:
	ld (GAME_VARS+0x1),a          ; C418  32 EB C1
	inc a                         ; C41B  3C
	ld (GAME_VARS+0x2),a          ; C41C  32 EC C1
	ld a,0x06                     ; C41F  3E 06
L_C421:
	ld (GAME_VARS+0x7),a          ; C421  32 F1 C1
	ret                           ; C424  C9

L_C425:
	cp 0x07                       ; C425  FE 07
	jr z,L_C461                   ; C427  28 38
	inc a                         ; C429  3C
	ld (GAME_VARS+0x6),a          ; C42A  32 F0 C1
	call L_C2C8                   ; C42D  CD C8 C2
	call c,L_C2A7                 ; C430  DC A7 C2
	ld a,(GAME_VARS+0x1)          ; C433  3A EB C1
	or a                          ; C436  B7
	ret z                         ; C437  C8

	ld d,0x40                     ; C438  16 40
	call L_C495                   ; C43A  CD 95 C4
	call c,L_C320                 ; C43D  DC 20 C3
	ret                           ; C440  C9

L_C441:
	xor a                         ; C441  AF
	ld (GAME_VARS+0x9),a          ; C442  32 F3 C1
	inc a                         ; C445  3C
	ld (GAME_VARS+0x6),a          ; C446  32 F0 C1
	ld a,(GAME_VARS+0x4)          ; C449  3A EE C1
	ld b,0x00                     ; C44C  06 00
	or a                          ; C44E  B7
	jr z,L_C457                   ; C44F  28 06
	cp 0x05                       ; C451  FE 05
	jr nc,L_C457                  ; C453  30 02
	ld b,0x01                     ; C455  06 01
L_C457:
	ld a,b                        ; C457  78
	ld (GAME_VARS+0x1),a          ; C458  32 EB C1
	ld a,0x06                     ; C45B  3E 06
	ld (GAME_VARS+0x7),a          ; C45D  32 F1 C1
	ret                           ; C460  C9

L_C461:
	ld (GAME_VARS+0x2),a          ; C461  32 EC C1
L_C464:
	ld (GAME_VARS+0x9),a          ; C464  32 F3 C1
	xor a                         ; C467  AF
	ld (GAME_VARS+0x6),a          ; C468  32 F0 C1
	ret                           ; C46B  C9

L_C46C:
	or a                          ; C46C  B7
	jr nz,L_C474                  ; C46D  20 05
	ld a,0xFA                     ; C46F  3E FA
	ld d,a                        ; C471  57
	jr L_C479                     ; C472  18 05

L_C474:
	ld a,0x10                     ; C474  3E 10
	add a,e                       ; C476  83
	ld d,0x06                     ; C477  16 06
L_C479:
	push bc                       ; C479  C5
	add a,b                       ; C47A  80
	cp 0xBC                       ; C47B  FE BC
	jr nc,L_C48E                  ; C47D  30 0F
	ld b,a                        ; C47F  47
	ld a,c                        ; C480  79
	sub 0x04                      ; C481  D6 04
	ld c,a                        ; C483  4F
	call ATTR_ADDR                ; C484  CD 00 D6  ; в каноне +0x100 этот операнд стухший
	nop                           ; C487  00
	nop                           ; C488  00
	nop                           ; C489  00
	nop                           ; C48A  00
	ld a,(hl)                     ; C48B  7E
	cp 0x80                       ; C48C  FE 80
L_C48E:
	ex af,af'                     ; C48E  08
	pop bc                        ; C48F  C1
	ld a,b                        ; C490  78
	add a,d                       ; C491  82
	ld b,a                        ; C492  47
	ex af,af'                     ; C493  08
	ret                           ; C494  C9

L_C495:
	ld bc,(GAME_VARS+0xA)         ; C495  ED 4B F4 C1
	ld a,(GAME_VARS+0xE)          ; C499  3A F8 C1
	or a                          ; C49C  B7
	jr z,L_C4A3                   ; C49D  28 04
	ld a,0x16                     ; C49F  3E 16
	jr L_C4A5                     ; C4A1  18 02

L_C4A3:
	ld a,0x02                     ; C4A3  3E 02
L_C4A5:
	add a,b                       ; C4A5  80
	ld b,a                        ; C4A6  47
	dec c                         ; C4A7  0D
	ld e,0x04                     ; C4A8  1E 04
L_C4AA:
	push bc                       ; C4AA  C5
	call ATTR_ADDR                ; C4AB  CD 00 D6
	pop bc                        ; C4AE  C1
	ld a,(hl)                     ; C4AF  7E
	cp d                          ; C4B0  BA
	ret nc                        ; C4B1  D0

	ld a,c                        ; C4B2  79
	sub 0x08                      ; C4B3  D6 08
	ld c,a                        ; C4B5  4F
	dec e                         ; C4B6  1D
	jr nz,L_C4AA                  ; C4B7  20 F1
	scf                           ; C4B9  37
	ret                           ; C4BA  C9

L_C4BB:
	ld bc,(GAME_VARS+0xA)         ; C4BB  ED 4B F4 C1
	xor a                         ; C4BF  AF
	ld (GAME_VARS+0xD),a          ; C4C0  32 F7 C1
	ld a,c                        ; C4C3  79
	sub 0x1C                      ; C4C4  D6 1C
	ld c,a                        ; C4C6  4F
	ld e,0x03                     ; C4C7  1E 03
L_C4C9:
	ld a,b                        ; C4C9  78
	add a,0x06                    ; C4CA  C6 06
	ld b,a                        ; C4CC  47
	push bc                       ; C4CD  C5
	call ATTR_ADDR                ; C4CE  CD 00 D6
	pop bc                        ; C4D1  C1
	ld a,(hl)                     ; C4D2  7E
	cpl                           ; C4D3  2F
	and 0x20                      ; C4D4  E6 20
	ret nz                        ; C4D6  C0

	dec e                         ; C4D7  1D
	jr nz,L_C4C9                  ; C4D8  20 EF
	ld a,0x0A                     ; C4DA  3E 0A
	ld (GAME_VARS+0x7),a          ; C4DC  32 F1 C1
	ld (GAME_VARS+0xD),a          ; C4DF  32 F7 C1
	ret                           ; C4E2  C9

L_C4E3:
	ld a,(GAME_VARS+0xC)          ; C4E3  3A F6 C1
	cp 0x04                       ; C4E6  FE 04
	jr z,L_C524                   ; C4E8  28 3A
	cp 0x0D                       ; C4EA  FE 0D
	jr z,L_C53B                   ; C4EC  28 4D
	cp 0x18                       ; C4EE  FE 18
	jr z,L_C54D                   ; C4F0  28 5B
	cp 0x1F                       ; C4F2  FE 1F
	jr z,L_C564                   ; C4F4  28 6E
	cp 0x3D                       ; C4F6  FE 3D
	jp z,L_C583                   ; C4F8  CA 83 C5
	cp 0x4A                       ; C4FB  FE 4A
	jp z,L_C5AB                   ; C4FD  CA AB C5
	cp 0x4C                       ; C500  FE 4C
	jp z,L_C5E0                   ; C502  CA E0 C5
	cp 0x56                       ; C505  FE 56
	jp z,L_C60D                   ; C507  CA 0D C6
	cp 0x50                       ; C50A  FE 50
	ret nz                        ; C50C  C0

	ld hl,ROOM_MAPS+0x2105        ; C50D  21 4C A5
	call L_C65D                   ; C510  CD 5D C6
	ret c                         ; C513  D8

	ld a,0x1E                     ; C514  3E 1E
	ld (ROOM_MAPS+0x2090),a       ; C516  32 D7 A4
	ld hl,0x2F80                  ; C519  21 80 2F
	ld b,0x20                     ; C51C  06 20
	call L_C6A7                   ; C51E  CD A7 C6
	jp L_D007                     ; C521  C3 07 D0

L_C524:
	ld hl,ROOM_MAPS+0x201         ; C524  21 48 86
	call L_C65D                   ; C527  CD 5D C6
	ret c                         ; C52A  D8

	ld a,0x21                     ; C52B  3E 21
	ld (ROOM_MAPS+0x180),a        ; C52D  32 C7 85
	ld hl,0x2F28                  ; C530  21 28 2F
	ld b,0x20                     ; C533  06 20
	call L_C6A7                   ; C535  CD A7 C6
	jp L_D007                     ; C538  C3 07 D0

L_C53B:
	ld hl,ROOM_MAPS+0x597         ; C53B  21 DE 89
	call L_C65D                   ; C53E  CD 5D C6
	ret c                         ; C541  D8

	ld a,0x28                     ; C542  3E 28
	ld (ROOM_MAPS+0x7B6),a        ; C544  32 FD 8B
L_C547:
	call SFX_64D7_x25             ; C547  CD F2 D6
	jp SFX_64D7_x25               ; C54A  C3 F2 D6

L_C54D:
	ld hl,ROOM_MAPS+0xA65         ; C54D  21 AC 8E
	call L_C65D                   ; C550  CD 5D C6
	ret c                         ; C553  D8

	ld a,0x1E                     ; C554  3E 1E
	ld (ROOM_MAPS+0x9F8),a        ; C556  32 3F 8E
	ld hl,0x1778                  ; C559  21 78 17
	ld b,0x38                     ; C55C  06 38
	call L_C6A7                   ; C55E  CD A7 C6
	jp L_D007                     ; C561  C3 07 D0

L_C564:
	ld hl,ROOM_MAPS+0xD67         ; C564  21 AE 91
	call L_C65D                   ; C567  CD 5D C6
	ret c                         ; C56A  D8

	ld a,0x1D                     ; C56B  3E 1D
	ld (ROOM_MAPS+0xC7C),a        ; C56D  32 C3 90
	ld a,(LEVEL_VARS)             ; C570  3A 7B CD
	cp 0x1E                       ; C573  FE 1E
	jp nz,SFX_64D7_x25            ; C575  C2 F2 D6
	ld hl,0x6880                  ; C578  21 80 68
	ld b,0x47                     ; C57B  06 47
	call L_C6A7                   ; C57D  CD A7 C6
	jp L_D007                     ; C580  C3 07 D0

L_C583:
	ld hl,ROOM_MAPS+0x1933        ; C583  21 7A 9D
	call L_C65D                   ; C586  CD 5D C6
	ret c                         ; C589  D8

L_C58A:
	ld a,0x12                     ; C58A  3E 12
	ld (ROOM_MAPS+0x1992),a       ; C58C  32 D9 9D
	ld a,0x14                     ; C58F  3E 14
	ld (ROOM_MAPS+0x19F8),a       ; C591  32 3F 9E
	call SFX_64D7_x25             ; C594  CD F2 D6
	jp L_D007                     ; C597  C3 07 D0

L_C59A:
	ld de,ROOM_MAPS+0x1DF3        ; C59A  11 3A A2
	ld hl,D_D408+0x4              ; C59D  21 0C D4
	ld bc,0x08                    ; C5A0  01 08 00
	ldir                          ; C5A3  ED B0
	call SFX_64D7                 ; C5A5  CD DA D6
	jp L_D007                     ; C5A8  C3 07 D0

L_C5AB:
	ld hl,ROOM_MAPS+0x1E3D        ; C5AB  21 84 A2
	call L_C65D                   ; C5AE  CD 5D C6
	jr nc,L_C59A                  ; C5B1  30 E7
	ld hl,ROOM_MAPS+0x1E39        ; C5B3  21 80 A2
	call L_C65D                   ; C5B6  CD 5D C6
	jr nc,L_C5D0                  ; C5B9  30 15
	ld hl,ROOM_MAPS+0x1E35        ; C5BB  21 7C A2
	call L_C65D                   ; C5BE  CD 5D C6
	ret c                         ; C5C1  D8

	ld a,0x14                     ; C5C2  3E 14
	ld (ROOM_MAPS+0x1E00),a       ; C5C4  32 47 A2
	ld hl,0x4950                  ; C5C7  21 50 49
	call L_8374                   ; C5CA  CD 74 83
	jp L_D007                     ; C5CD  C3 07 D0

L_C5D0:
	ld hl,0x0120                  ; C5D0  21 20 01
	ld a,0x06                     ; C5D3  3E 06
	call L_C719                   ; C5D5  CD 19 C7
	ld a,0x36                     ; C5D8  3E 36
	ld (ROOM_MAPS+0x1E39),a       ; C5DA  32 80 A2
	jp L_C625                     ; C5DD  C3 25 C6

L_C5E0:
	ld hl,ROOM_MAPS+0x1F1D        ; C5E0  21 64 A3
	call L_C65D                   ; C5E3  CD 5D C6
	jr nc,L_C5FD                  ; C5E6  30 15
	ld hl,ROOM_MAPS+0x1F19        ; C5E8  21 60 A3
	call L_C65D                   ; C5EB  CD 5D C6
	ret c                         ; C5EE  D8

	ld a,0x22                     ; C5EF  3E 22
	ld (ROOM_MAPS+0x1EBC),a       ; C5F1  32 03 A3
	ld hl,0x4A18                  ; C5F4  21 18 4A
	call L_8374                   ; C5F7  CD 74 83
	jp L_D007                     ; C5FA  C3 07 D0

L_C5FD:
	ld hl,0x0910                  ; C5FD  21 10 09
	ld a,0x07                     ; C600  3E 07
	call L_C719                   ; C602  CD 19 C7
	ld a,0x36                     ; C605  3E 36
	ld (ROOM_MAPS+0x1F1D),a       ; C607  32 64 A3
	jp L_C625                     ; C60A  C3 25 C6

L_C60D:
	ld hl,0x6360                  ; C60D  21 60 63
	ld bc,0x0205                  ; C610  01 05 02
	ld a,0xF1                     ; C613  3E F1
	call L_CF28                   ; C615  CD 28 CF
	call L_CAD5                   ; C618  CD D5 CA
	nop                           ; C61B  00
	nop                           ; C61C  00
	nop                           ; C61D  00
	ld a,(L_C92C+0x1)             ; C61E  3A 2D C9
	ld b,a                        ; C621  47
	call L_C1D5                   ; C622  CD D5 C1
L_C625:
	ld a,0x01                     ; C625  3E 01
L_C627:
	ld (L_BF37+0x1),a             ; C627  32 38 BF
	ret                           ; C62A  C9

L_C62B:
	call L_D4F7                   ; C62B  CD F7 D4
L_C62E:
	ld a,(LEVEL_VARS)             ; C62E  3A 7B CD
	add a,0x80                    ; C631  C6 80
	ld b,a                        ; C633  47
	call L_D184                   ; C634  CD 84 D1
	ld a,(GAME_VARS+0xC)          ; C637  3A F6 C1
	call L_D16C                   ; C63A  CD 6C D1
	ld de,D_D408                  ; C63D  11 08 D4
	ld c,0x04                     ; C640  0E 04
	ldir                          ; C642  ED B0
	jp L_D69F                     ; C644  C3 9F D6

L_C647:
	call L_D4F1                   ; C647  CD F1 D4
L_C64A:
	ld a,(GAME_VARS+0xC)          ; C64A  3A F6 C1
	ld hl,WORK_RAM+0x111          ; C64D  21 B9 F2  ; в каноне +0x100 этот операнд стухший
	ld c,a                        ; C650  4F
	ld b,0x00                     ; C651  06 00
	add hl,bc                     ; C653  09
	ld (hl),0x80                  ; C654  36 80
	ld b,a                        ; C656  47
	call L_D184                   ; C657  CD 84 D1
	jp L_D692                     ; C65A  C3 92 D6

L_C65D:
	ld a,(hl)                     ; C65D  7E
	and 0x80                      ; C65E  E6 80
	jr z,L_C664                   ; C660  28 02
	scf                           ; C662  37
	ret                           ; C663  C9

L_C664:
	ld a,(GAME_VARS+0xB)          ; C664  3A F5 C1
	inc hl                        ; C667  23
	inc hl                        ; C668  23
	sub 0x08                      ; C669  D6 08
	cp (hl)                       ; C66B  BE
	ccf                           ; C66C  3F
	ret c                         ; C66D  D8

	add a,0x0E                    ; C66E  C6 0E
	cp (hl)                       ; C670  BE
	ret c                         ; C671  D8

	dec hl                        ; C672  2B
	ld a,(GAME_VARS+0xA)          ; C673  3A F4 C1
	sub 0x22                      ; C676  D6 22
	cp (hl)                       ; C678  BE
	ccf                           ; C679  3F
	ret c                         ; C67A  D8

	add a,0x06                    ; C67B  C6 06
	cp (hl)                       ; C67D  BE
	ret c                         ; C67E  D8

	dec hl                        ; C67F  2B
	ld (hl),0xB6                  ; C680  36 B6
	call L_DACF                   ; C682  CD CF DA
	jp L_DB24                     ; C685  C3 24 DB

	ret z                         ; C688  C8

	nop                           ; C689  00
L_C68A:
	push bc                       ; C68A  C5
	push hl                       ; C68B  E5
	ld de,0x01                    ; C68C  11 01 00
	call RET_STUB                 ; C68F  CD F8 D3  ; в каноне +0x100 этот операнд стухший
	pop hl                        ; C692  E1
	inc hl                        ; C693  23
	pop bc                        ; C694  C1
	djnz L_C68A                   ; C695  10 F3
	ret                           ; C697  C9

L_C698:
	ld a,(GAME_VARS+0xC)          ; C698  3A F6 C1
	ld d,a                        ; C69B  57
	ld a,(LEVEL_VARS)             ; C69C  3A 7B CD
	cp d                          ; C69F  BA
	jr z,L_C6A4                   ; C6A0  28 02
	xor a                         ; C6A2  AF
	ret                           ; C6A3  C9

L_C6A4:
	ld a,0x0C                     ; C6A4  3E 0C
	ret                           ; C6A6  C9

L_C6A7:
	ld c,0x20                     ; C6A7  0E 20
	push bc                       ; C6A9  C5
	call L_D63F                   ; C6AA  CD 3F D6
	ld (D_D408+0xC),a             ; C6AD  32 14 D4
	ld a,b                        ; C6B0  78
	ld (L_C6EB+0x1),a             ; C6B1  32 EC C6
	rlca                          ; C6B4  07
	ld (L_C6D6+0x1),a             ; C6B5  32 D7 C6
	ld b,l                        ; C6B8  45
	ld c,h                        ; C6B9  4C
	call SCR_ADDR_BIT14           ; C6BA  CD 70 D2
	ld (L_C6E3+0x1),hl            ; C6BD  22 E4 C6
	ld a,(D_D408+0xC)             ; C6C0  3A 14 D4
	add a,h                       ; C6C3  84
	ld h,a                        ; C6C4  67
	ld (L_C6F4+0x1),hl            ; C6C5  22 F5 C6
	pop bc                        ; C6C8  C1
	push bc                       ; C6C9  C5
	ld c,0x02                     ; C6CA  0E 02
	ld de,WORK_RAM+0x3E5          ; C6CC  11 8D F5  ; в каноне +0x100 этот операнд стухший
	call VDP_RD_STRIDE8           ; C6CF  CD B4 D3
	pop bc                        ; C6D2  C1
L_C6D3:
	push bc                       ; C6D3  C5
	ld b,0x00                     ; C6D4  06 00
L_C6D6:
	ld c,0x00                     ; C6D6  0E 00
	ld hl,WORK_RAM+0x3E7          ; C6D8  21 8F F5  ; в каноне +0x100 этот операнд стухший
	ld de,WORK_RAM+0x3E5          ; C6DB  11 8D F5  ; в каноне +0x100 этот операнд стухший
	ldir                          ; C6DE  ED B0
	call L_D636                   ; C6E0  CD 36 D6
L_C6E3:
	ld hl,0x00                    ; C6E3  21 00 00
	ld de,WORK_RAM+0x3E5          ; C6E6  11 8D F5  ; в каноне +0x100 этот операнд стухший
	ld c,0x02                     ; C6E9  0E 02
L_C6EB:
	ld b,0x00                     ; C6EB  06 00
	push bc                       ; C6ED  C5
	call VDP_WR_STRIDE8           ; C6EE  CD 1D D2
	ld de,WORK_RAM+0x3E5          ; C6F1  11 8D F5  ; в каноне +0x100 этот операнд стухший
L_C6F4:
	ld hl,0x00                    ; C6F4  21 00 00
	pop bc                        ; C6F7  C1
	call VDP_WR_STRIDE8           ; C6F8  CD 1D D2
	call SFX_64D7                 ; C6FB  CD DA D6
	pop bc                        ; C6FE  C1
	dec c                         ; C6FF  0D
	jr nz,L_C6D3                  ; C700  20 D1
	call SFX_64F5                 ; C702  CD 9A D7
	call L_C64A                   ; C705  CD 4A C6
	jp L_C62E                     ; C708  C3 2E C6

D_C70B:			; данные C70B..C718 (14 байт)
	db	0x00,0x00,0x00,0x00,0x00,0x00,0x00,0x00,0x00,0x00,0x00,0x00,0x00,0x00	; C70B
L_C719:
	ld (L_C784+0x1),a             ; C719  32 85 C7
	ld (L_C74B+0x1),a             ; C71C  32 4C C7
	ld (L_C73B+0x1),a             ; C71F  32 3C C7
	ld (L_C777+0x1),a             ; C722  32 78 C7
	call L_D63F                   ; C725  CD 3F D6
	ld (D_D408+0xC),a             ; C728  32 14 D4
	ld b,l                        ; C72B  45
	ld c,h                        ; C72C  4C
	call SCR_ADDR_BIT14           ; C72D  CD 70 D2
	ld (L_C771+0x1),hl            ; C730  22 72 C7
	ld a,(D_D408+0xC)             ; C733  3A 14 D4
	add a,h                       ; C736  84
	ld h,a                        ; C737  67
	ld (L_C77E+0x1),hl            ; C738  22 7F C7
L_C73B:
	ld c,0x00                     ; C73B  0E 00
	ld b,0x45                     ; C73D  06 45
	ld de,WORK_RAM+0x3EC          ; C73F  11 94 F5  ; в каноне +0x100 этот операнд стухший
	call VDP_RD_STRIDE8           ; C742  CD B4 D3
	ex de,hl                      ; C745  EB
	dec hl                        ; C746  2B
	ld (L_C768+0x1),hl            ; C747  22 69 C7
	push hl                       ; C74A  E5
L_C74B:
	ld de,0x00                    ; C74B  11 00 00
	and a                         ; C74E  A7
	sbc hl,de                     ; C74F  ED 52
	ld (L_C765+0x1),hl            ; C751  22 66 C7
	pop hl                        ; C754  E1
	ld de,WORK_RAM+0x3EC          ; C755  11 94 F5  ; в каноне +0x100 этот операнд стухший
	and a                         ; C758  A7
	sbc hl,de                     ; C759  ED 52
	ld (L_C762+0x1),hl            ; C75B  22 63 C7
	ld bc,0x4530                  ; C75E  01 30 45
L_C761:
	push bc                       ; C761  C5
L_C762:
	ld bc,0x00                    ; C762  01 00 00
L_C765:
	ld hl,0x00                    ; C765  21 00 00
L_C768:
	ld de,0x00                    ; C768  11 00 00
	lddr                          ; C76B  ED B8
	ex de,hl                      ; C76D  EB
	call L_D636                   ; C76E  CD 36 D6
L_C771:
	ld hl,0x00                    ; C771  21 00 00
	ld de,WORK_RAM+0x3EC          ; C774  11 94 F5  ; в каноне +0x100 этот операнд стухший
L_C777:
	ld c,0x00                     ; C777  0E 00
	ld b,0x45                     ; C779  06 45
	call VDP_WR_STRIDE8           ; C77B  CD 1D D2
L_C77E:
	ld hl,0x00                    ; C77E  21 00 00
	ld de,WORK_RAM+0x3EC          ; C781  11 94 F5  ; в каноне +0x100 этот операнд стухший
L_C784:
	ld c,0x00                     ; C784  0E 00
	ld b,0x45                     ; C786  06 45
	call VDP_WR_STRIDE8           ; C788  CD 1D D2
	call SFX_64D7                 ; C78B  CD DA D6
	pop bc                        ; C78E  C1
	dec c                         ; C78F  0D
	jr nz,L_C761                  ; C790  20 CF
	ret                           ; C792  C9

	ret nz                        ; C793  C0

	jp c,SPR_BANK_E04B+0x17C      ; C794  DA C7 E1  ; в каноне +0x100 этот операнд стухший
	ld de,WORK_RAM+0x3EC          ; C797  11 94 F5  ; в каноне +0x100 этот операнд стухший
	and a                         ; C79A  A7
	sbc hl,de                     ; C79B  ED 52
	ld (L_C7A4+0x1),hl            ; C79D  22 A5 C7  ; в каноне +0x100 этот операнд стухший
	ld bc,0x4517                  ; C7A0  01 17 45
L_C7A3:
	push bc                       ; C7A3  C5
L_C7A4:
	ld bc,0x00                    ; C7A4  01 00 00
	ld hl,0x00                    ; C7A7  21 00 00
	ld de,0x00                    ; C7AA  11 00 00
	lddr                          ; C7AD  ED B8
	ex de,hl                      ; C7AF  EB
	call L_D636                   ; C7B0  CD 36 D6  ; в каноне +0x100 этот операнд стухший
	ld hl,0x00                    ; C7B3  21 00 00
	ld de,WORK_RAM+0x3EC          ; C7B6  11 94 F5  ; в каноне +0x100 этот операнд стухший
	ld c,0x00                     ; C7B9  0E 00
	ld b,0x45                     ; C7BB  06 45
	call VDP_WR_STRIDE8           ; C7BD  CD 1D D2  ; в каноне +0x100 этот операнд стухший
	ld hl,0x00                    ; C7C0  21 00 00
	ld de,WORK_RAM+0x3EC          ; C7C3  11 94 F5  ; в каноне +0x100 этот операнд стухший
	ld c,0x00                     ; C7C6  0E 00
	ld b,0x45                     ; C7C8  06 45
	call VDP_WR_STRIDE8           ; C7CA  CD 1D D2  ; в каноне +0x100 этот операнд стухший
	pop bc                        ; C7CD  C1
	dec c                         ; C7CE  0D
	jr nz,L_C7A3                  ; C7CF  20 D2
	ret                           ; C7D1  C9

D_C7D2:			; данные C7D2..C7DA (9 байт)
	db	0x45,0xCD,0x1D,0xD2,0xC1,0x0D,0x20,0xD2,0xC9	; C7D2
L_C7DB:
	ld iy,OBJ_TABLE_B6A2          ; C7DB  FD 21 A2 B6
	ld b,0x14                     ; C7DF  06 14
L_C7E1:
	push bc                       ; C7E1  C5
	call L_C86A                   ; C7E2  CD 6A C8
	ld a,(GAME_VARS+0xC)          ; C7E5  3A F6 C1
	cp (iy+0x02)                  ; C7E8  FD BE 02
	jr nz,L_C822                  ; C7EB  20 35
	ld a,(iy+0x04)                ; C7ED  FD 7E 04
	and 0x7F                      ; C7F0  E6 7F
L_C7F2:
	jr nz,L_C80B                  ; C7F2  20 17
	ld a,(L_BF37+0x1)             ; C7F4  3A 38 BF
	or a                          ; C7F7  B7
	jr nz,L_C80B                  ; C7F8  20 11
	call L_C84B                   ; C7FA  CD 4B C8
	ld b,(iy+0x01)                ; C7FD  FD 46 01
	ld c,(iy+0x00)                ; C800  FD 4E 00
	ld a,0x1E                     ; C803  3E 1E
	call L_C926                   ; C805  CD 26 C9
	call L_BD42                   ; C808  CD 42 BD
L_C80B:
	ld a,(iy+0x03)                ; C80B  FD 7E 03
	and 0x3F                      ; C80E  E6 3F
	ld b,a                        ; C810  47
	ld a,(iy+0x04)                ; C811  FD 7E 04
	and 0x80                      ; C814  E6 80
	or b                          ; C816  B0
	ld b,(iy+0x01)                ; C817  FD 46 01
	ld c,(iy+0x00)                ; C81A  FD 4E 00
	call L_D0A0                   ; C81D  CD A0 D0
	jr L_C842                     ; C820  18 20

L_C822:
	ld a,(LEVEL_VARS)             ; C822  3A 7B CD
	cp (iy+0x02)                  ; C825  FD BE 02
	jr nz,L_C842                  ; C828  20 18
	ld b,(iy+0x01)                ; C82A  FD 46 01
	ld a,(iy+0x00)                ; C82D  FD 7E 00
	add a,0x60                    ; C830  C6 60
	ld c,a                        ; C832  4F
	ld a,(iy+0x03)                ; C833  FD 7E 03
	and 0x3F                      ; C836  E6 3F
	ld d,a                        ; C838  57
	ld a,(iy+0x04)                ; C839  FD 7E 04
	and 0x80                      ; C83C  E6 80
	or d                          ; C83E  B2
	call L_D0A0                   ; C83F  CD A0 D0
L_C842:
	ld bc,0x09                    ; C842  01 09 00
	add iy,bc                     ; C845  FD 09
	pop bc                        ; C847  C1
	djnz L_C7E1                   ; C848  10 97
	ret                           ; C84A  C9

L_C84B:
	ld a,r                        ; C84B  ED 5F
	and 0x7F                      ; C84D  E6 7F
	cp 0x6E                       ; C84F  FE 6E
	ret c                         ; C851  D8

	ld hl,(GAME_VARS+0xA)         ; C852  2A F4 C1
	ld a,(iy+0x01)                ; C855  FD 7E 01
	ld b,(iy+0x04)                ; C858  FD 46 04
	cp h                          ; C85B  BC
	jr nc,L_C863                  ; C85C  30 05
	ld a,b                        ; C85E  78
L_C85F:
	and 0x7F                      ; C85F  E6 7F
	jr L_C866                     ; C861  18 03

L_C863:
	ld a,b                        ; C863  78
	or 0x80                       ; C864  F6 80
L_C866:
	ld (iy+0x04),a                ; C866  FD 77 04
	ret                           ; C869  C9

L_C86A:
	ld a,(iy+0x04)                ; C86A  FD 7E 04
	and 0x7F                      ; C86D  E6 7F
	jr z,L_C875                   ; C86F  28 04
	dec (iy+0x04)                 ; C871  FD 35 04
	ret                           ; C874  C9

L_C875:
	call L_CCF1                   ; C875  CD F1 CC
	ld a,(iy+0x04)                ; C878  FD 7E 04
	and 0x80                      ; C87B  E6 80
	ld a,(iy+0x01)                ; C87D  FD 7E 01
L_C880:
	jr nz,L_C88C                  ; C880  20 0A
	add a,0x03                    ; C882  C6 03
	ld b,(iy+0x05)                ; C884  FD 46 05
	ld c,(iy+0x06)                ; C887  FD 4E 06
	jr L_C894                     ; C88A  18 08

L_C88C:
	sub 0x03                      ; C88C  D6 03
	ld b,(iy+0x07)                ; C88E  FD 46 07
	ld c,(iy+0x08)                ; C891  FD 4E 08
L_C894:
	ld (iy+0x01),a                ; C894  FD 77 01
	ld a,(iy+0x02)                ; C897  FD 7E 02
	cp b                          ; C89A  B8
	jr nz,L_C8AE                  ; C89B  20 11
	ld a,(iy+0x01)                ; C89D  FD 7E 01
	cp c                          ; C8A0  B9
	jr nz,L_C8AE                  ; C8A1  20 0B
	ld a,(iy+0x04)                ; C8A3  FD 7E 04
	xor 0x80                      ; C8A6  EE 80
	ld (iy+0x04),a                ; C8A8  FD 77 04
	call L_C86A                   ; C8AB  CD 6A C8
L_C8AE:
	ld a,(iy+0x01)                ; C8AE  FD 7E 01
	cp 0xE6                       ; C8B1  FE E6
	jr nc,L_C8D5                  ; C8B3  30 20
	cp 0xA3                       ; C8B5  FE A3
	ret c                         ; C8B7  D8

	ld b,(iy+0x02)                ; C8B8  FD 46 02
	inc (iy+0x02)                 ; C8BB  FD 34 02
	ld a,(GAME_VARS+0xC)          ; C8BE  3A F6 C1
	cp b                          ; C8C1  B8
	jr nz,L_C8C9                  ; C8C2  20 05
	call THUNK_CDC5_D00           ; C8C4  CD FE D3
	jr L_C8D0                     ; C8C7  18 07

L_C8C9:
	ld a,(LEVEL_VARS)             ; C8C9  3A 7B CD
	cp b                          ; C8CC  B8
	call z,THUNK_CDC5_D60         ; C8CD  CC 03 D4
L_C8D0:
	ld (iy+0x01),0x00             ; C8D0  FD 36 01 00
	ret                           ; C8D4  C9

L_C8D5:
	ld b,(iy+0x02)                ; C8D5  FD 46 02
	dec (iy+0x02)                 ; C8D8  FD 35 02
	ld a,(GAME_VARS+0xC)          ; C8DB  3A F6 C1
	cp b                          ; C8DE  B8
	jr nz,L_C8E6                  ; C8DF  20 05
	call THUNK_CDC5_D00           ; C8E1  CD FE D3
	jr L_C8ED                     ; C8E4  18 07

L_C8E6:
	ld a,(LEVEL_VARS)             ; C8E6  3A 7B CD
	cp b                          ; C8E9  B8
	call z,THUNK_CDC5_D60         ; C8EA  CC 03 D4
L_C8ED:
	ld (iy+0x01),0xA2             ; C8ED  FD 36 01 A2
	ret                           ; C8F1  C9

L_C8F2:
	ld de,0x1C00                  ; C8F2  11 00 1C
	ld (L_C908+0x1),a             ; C8F5  32 09 C9
	ld (L_C90C+0x1),a             ; C8F8  32 0D C9
	ld a,(GAME_VARS+0x7)          ; C8FB  3A F1 C1
	cp 0x05                       ; C8FE  FE 05
	jr nz,L_C904                  ; C900  20 02
	ld d,0x14                     ; C902  16 14
L_C904:
	ld hl,(GAME_VARS+0xA)         ; C904  2A F4 C1
	ld a,l                        ; C907  7D
L_C908:
	add a,0x1E                    ; C908  C6 1E
	cp c                          ; C90A  B9
	ret c                         ; C90B  D8

L_C90C:
	sub 0x1E                      ; C90C  D6 1E
	sub d                         ; C90E  92
	cp 0xE6                       ; C90F  FE E6
	jr c,L_C914                   ; C911  38 01
	xor a                         ; C913  AF
L_C914:
	cp c                          ; C914  B9
	ret nc                        ; C915  D0

	ld a,h                        ; C916  7C
	add a,0x0C                    ; C917  C6 0C
	cp b                          ; C919  B8
	ret c                         ; C91A  D8

	sub 0x20                      ; C91B  D6 20
	cp 0xE6                       ; C91D  FE E6
	jr c,L_C922                   ; C91F  38 01
	xor a                         ; C921  AF
L_C922:
	cp b                          ; C922  B8
	ret nc                        ; C923  D0

	inc e                         ; C924  1C
	ret                           ; C925  C9

L_C926:
	call L_C8F2                   ; C926  CD F2 C8
	xor a                         ; C929  AF
	cp e                          ; C92A  BB
	ret z                         ; C92B  C8

L_C92C:
	ld a,0x13                     ; C92C  3E 13
	dec a                         ; C92E  3D
	push af                       ; C92F  F5
	ld (L_C92C+0x1),a             ; C930  32 2D C9
	push af                       ; C933  F5
	and 0x38                      ; C934  E6 38
	ld c,a                        ; C936  4F
	pop af                        ; C937  F1
	and 0x07                      ; C938  E6 07
	ld b,0x00                     ; C93A  06 00
	ld hl,0x48C9                  ; C93C  21 C9 48
	add hl,bc                     ; C93F  09
	sub 0x08                      ; C940  D6 08
	neg                           ; C942  ED 44
	ld b,a                        ; C944  47
	ld a,0xFF                     ; C945  3E FF
L_C947:
	sla a                         ; C947  CB 27
	djnz L_C947                   ; C949  10 FC
	and 0x7F                      ; C94B  E6 7F
	ld bc,0x07                    ; C94D  01 07 00
	call VDP_FILL                 ; C950  CD 11 D3
	ld hl,0x1388                  ; C953  21 88 13
	ld de,0x01                    ; C956  11 01 00
	call SFX_64C8                 ; C959  CD 94 D7
	pop af                        ; C95C  F1
	ret nz                        ; C95D  C0

	ld a,0x02                     ; C95E  3E 02
	jp L_C627                     ; C960  C3 27 C6

D_C963:			; данные C963..C974 (18 байт)
	db	0xC9,0xCD,0xA7,0xCC,0x3A,0x7B,0xCD,0xC6,0x80,0x47,0xCD,0x84,0xD1,0x3A,0xF6,0xC1	; C963
	db	0xCD,0x6C	; C973
L_C975:
	ld iy,LEVEL_VARS+0x1          ; C975  FD 21 7C CD
	ld b,0x03                     ; C979  06 03
	ld a,(LEVEL_VARS+0x7)         ; C97B  3A 82 CD
	or a                          ; C97E  B7
	jr nz,L_C983                  ; C97F  20 02
	ld b,0x01                     ; C981  06 01
L_C983:
	push bc                       ; C983  C5
	ld a,(GAME_VARS+0xC)          ; C984  3A F6 C1
	cp (iy+0x00)                  ; C987  FD BE 00
	jr nz,L_C996                  ; C98A  20 0A
	call L_C9B5                   ; C98C  CD B5 C9
	ld d,0x00                     ; C98F  16 00
	call L_C9AB                   ; C991  CD AB C9
	jr L_C9A3                     ; C994  18 0D

L_C996:
	ld a,(LEVEL_VARS)             ; C996  3A 7B CD
	ld d,0x60                     ; C999  16 60
	cp (iy+0x00)                  ; C99B  FD BE 00
	jr nz,L_C9A3                  ; C99E  20 03
L_C9A0:
	call L_C9AB                   ; C9A0  CD AB C9
L_C9A3:
	inc iy                        ; C9A3  FD 23
	inc iy                        ; C9A5  FD 23
	pop bc                        ; C9A7  C1
	djnz L_C983                   ; C9A8  10 D9
	ret                           ; C9AA  C9

L_C9AB:
	ld l,(iy+0x0C)                ; C9AB  FD 6E 0C
	ld h,(iy+0x0D)                ; C9AE  FD 66 0D
	ld b,(iy+0x01)                ; C9B1  FD 46 01
	jp (hl)                       ; C9B4  E9
L_C9B5:
	ld a,(iy+0x06)                ; C9B5  FD 7E 06
	or a                          ; C9B8  B7
	ret nz                        ; C9B9  C0

	ld a,0xF6                     ; C9BA  3E F6
	out (0xAA),a                  ; C9BC  D3 AA
	nop                           ; C9BE  00
	in a,(0xA9)                   ; C9BF  DB A9
	bit 0,a                       ; C9C1  CB 47
	nop                           ; C9C3  00
	nop                           ; C9C4  00
	ret nz                        ; C9C5  C0

	ld b,(iy+0x01)                ; C9C6  FD 46 01
	ld a,(GAME_VARS+0xB)          ; C9C9  3A F5 C1
	add a,0x04                    ; C9CC  C6 04
	cp b                          ; C9CE  B8
	ret c                         ; C9CF  D8

	sub 0x08                      ; C9D0  D6 08
	cp b                          ; C9D2  B8
	ret nc                        ; C9D3  D0

	ld a,0x01                     ; C9D4  3E 01
	ld (iy+0x06),a                ; C9D6  FD 77 06
	ld l,(iy+0x12)                ; C9D9  FD 6E 12
	ld h,(iy+0x13)                ; C9DC  FD 66 13
	jp (hl)                       ; C9DF  E9
L_C9E0:
	ret                           ; C9E0  C9

L_C9E1:
	ld a,0x07                     ; C9E1  3E 07
	out (0xA0),a                  ; C9E3  D3 A0
	ld a,0xFF                     ; C9E5  3E FF
	out (0xA1),a                  ; C9E7  D3 A1
	ld a,0x0E                     ; C9E9  3E 0E
	out (0xA0),a                  ; C9EB  D3 A0
	in a,(0xA2)                   ; C9ED  DB A2
	and 0x1F                      ; C9EF  E6 1F
	cp 0x1F                       ; C9F1  FE 1F
	ret z                         ; C9F3  C8

	cpl                           ; C9F4  2F
	ld b,a                        ; C9F5  47
	pop hl                        ; C9F6  E1
L_C9F7:
	ret                           ; C9F7  C9

	push bc                       ; C9F8  C5
	ld a,0x1A                     ; C9F9  3E 1A
	call L_D0A0                   ; C9FB  CD A0 D0
	pop bc                        ; C9FE  C1
	ld a,b                        ; C9FF  78
	sub 0x08                      ; CA00  D6 08
	ld b,a                        ; CA02  47
	ld a,c                        ; CA03  79
	add a,0x08                    ; CA04  C6 08
	ld c,a                        ; CA06  4F
	pop af                        ; CA07  F1
	dec a                         ; CA08  3D
	jr nz,L_C9F7                  ; CA09  20 EC
	ret                           ; CA0B  C9

L_CA0C:
	ld hl,0x48C9                  ; CA0C  21 C9 48
	ld b,0x06                     ; CA0F  06 06
L_CA11:
	push bc                       ; CA11  C5
L_CA12:
	push hl                       ; CA12  E5
	ld a,0x77                     ; CA13  3E 77
	ld bc,0x07                    ; CA15  01 07 00
	call VDP_FILL                 ; CA18  CD 11 D3
	pop hl                        ; CA1B  E1
	ld a,0x08                     ; CA1C  3E 08
	add a,l                       ; CA1E  85
	ld l,a                        ; CA1F  6F
	pop bc                        ; CA20  C1
	djnz L_CA11                   ; CA21  10 EE
	ld a,0x2F                     ; CA23  3E 2F
	ld (L_C92C+0x1),a             ; CA25  32 2D C9
	ret                           ; CA28  C9

DEAD_CA29:			; данные CA29..CA3C (20 байт)
; мёртвый обрывок: `jr nz` из него ведёт в середину инструкции по CB10, а
; хвост повторяет код по 84B1
	db	0x1D,0xD2,0x11,0x8D,0xF5,0x21,0x00,0x00,0xC1,0xCD,0x1D,0xD2,0xC1,0x0D,0x20,0xD7	; CA29
	db	0xC9,0x0E,0x20,0xFD	; CA39
L_CA3D:
	call L_CFCA                   ; CA3D  CD CA CF
	nop                           ; CA40  00
	nop                           ; CA41  00
	nop                           ; CA42  00
	call L_CD94                   ; CA43  CD 94 CD
	call L_DAE9                   ; CA46  CD E9 DA
	call L_CA0C                   ; CA49  CD 0C CA
	call L_CF07                   ; CA4C  CD 07 CF
	call L_CE6A                   ; CA4F  CD 6A CE
	call L_C1FF                   ; CA52  CD FF C1
	call L_CA8D                   ; CA55  CD 8D CA
	ld hl,WORK_RAM+0x111          ; CA58  21 B9 F2  ; в каноне +0x100 этот операнд стухший
	ld de,WORK_RAM+0x112          ; CA5B  11 BA F2  ; в каноне +0x100 этот операнд стухший
	ld bc,0x56                    ; CA5E  01 56 00
	ld (hl),0x00                  ; CA61  36 00
	ldir                          ; CA63  ED B0
	xor a                         ; CA65  AF
	ld (D_CD42),a                 ; CA66  32 42 CD
	ld a,(LEVEL_VARS+0x1)         ; CA69  3A 7C CD
	ld (LEVEL_VARS),a             ; CA6C  32 7B CD
	call L_C38C                   ; CA6F  CD 8C C3
L_CA72:
	jp L_C62B                     ; CA72  C3 2B C6

D_CA75:			; данные CA75..CA7A (6 байт)
	db	0xCB,0x01,0x16,0xDD,0xCB,0x00	; CA75
L_CA7B:
	nop                           ; CA7B  00
	nop                           ; CA7C  00
	nop                           ; CA7D  00
	nop                           ; CA7E  00
	nop                           ; CA7F  00
	call SFX_64E6                 ; CA80  CD E5 D6
	ld a,(GAME_VARS+0x8)          ; CA83  3A F2 C1
	dec a                         ; CA86  3D
	ld (GAME_VARS+0x8),a          ; CA87  32 F2 C1
	jp L_CDD8                     ; CA8A  C3 D8 CD

L_CA8D:
	ld hl,OBJ_ARRAY_INIT          ; CA8D  21 E6 CB
	ld de,OBJ_ARRAY_CBBF          ; CA90  11 BF CB
	ld bc,0x27                    ; CA93  01 27 00
	ldir                          ; CA96  ED B0
	xor a                         ; CA98  AF
	ld (L_BF99+0x1),a             ; CA99  32 9A BF
	ld (D_BBD4),a                 ; CA9C  32 D4 BB
	ret                           ; CA9F  C9

L_CAA0:
	ld hl,TEXT_SHORT              ; CAA0  21 F9 B7  ; в каноне +0x100 этот операнд стухший
	ld de,0x0F1C                  ; CAA3  11 1C 0F
	ld b,0x13                     ; CAA6  06 13
	ld a,0x0F                     ; CAA8  3E 0F
	ld (L_BF99+0x1),a             ; CAAA  32 9A BF  ; в каноне +0x100 этот операнд стухший
	jr L_CABF                     ; CAAD  18 10

L_CAAF:
	ld hl,TEXT_SHORT+0x13         ; CAAF  21 0C B8  ; в каноне +0x100 этот операнд стухший
L_CAB2:
	ld de,0x0F1C                  ; CAB2  11 1C 0F
	jr L_CABD                     ; CAB5  18 06

L_CAB7:
	ld hl,TEXT_SHORT+0x1E         ; CAB7  21 17 B8  ; в каноне +0x100 этот операнд стухший
	ld de,0x111C                  ; CABA  11 1C 11
L_CABD:
	ld b,0x0B                     ; CABD  06 0B
L_CABF:
	call L_CDF9                   ; CABF  CD F9 CD  ; в каноне +0x100 этот операнд стухший
	ld b,0x00                     ; CAC2  06 00
	ld hl,0x01                    ; CAC4  21 01 00
	call L_C68A                   ; CAC7  CD 8A C6  ; в каноне +0x100 этот операнд стухший
	ld a,(D_CD42)                 ; CACA  3A 42 CD  ; в каноне +0x100 этот операнд стухший
	add a,0x0F                    ; CACD  C6 0F
	ld (D_CD42),a                 ; CACF  32 42 CD  ; в каноне +0x100 этот операнд стухший
	jp L_CA0C                     ; CAD2  C3 0C CA  ; в каноне +0x100 этот операнд стухший

L_CAD5:
	ld b,0x02                     ; CAD5  06 02
L_CAD7:
	push bc                       ; CAD7  C5
	ld de,GFX_B540                ; CAD8  11 40 B5
	call L_CAE8                   ; CADB  CD E8 CA
	ld de,GFX_B540+0x50           ; CADE  11 90 B5
	call L_CAE8                   ; CAE1  CD E8 CA
	pop bc                        ; CAE4  C1
	djnz L_CAD7                   ; CAE5  10 F0
	ret                           ; CAE7  C9

L_CAE8:
	ld hl,0x4360                  ; CAE8  21 60 43
	ld b,0x02                     ; CAEB  06 02
L_CAED:
	push bc                       ; CAED  C5
	ld bc,0x28                    ; CAEE  01 28 00
	push hl                       ; CAF1  E5
	call VDP_COPY_TO_VRAM         ; CAF2  CD 33 D3
	pop hl                        ; CAF5  E1
	inc h                         ; CAF6  24
	pop bc                        ; CAF7  C1
	djnz L_CAED                   ; CAF8  10 F3
	ld hl,0x00                    ; CAFA  21 00 00
L_CAFD:
	dec hl                        ; CAFD  2B
	ld a,h                        ; CAFE  7C
	or l                          ; CAFF  B5
L_CB00:
	jr nz,L_CAFD                  ; CB00  20 FB
	ret                           ; CB02  C9

	jr nz,L_CB00                  ; CB03  20 FB
	ret                           ; CB05  C9

D_CB06:			; данные CB06..CB07 (2 байт)
	db	0xFB,0xC9	; CB06
	ld c,0x00                     ; CB08  0E 00
	ld b,0x45                     ; CB0A  06 45
	call VDP_WR_STRIDE8           ; CB0C  CD 1D D2  ; в каноне +0x100 этот операнд стухший
	pop bc                        ; CB0F  C1
L_CB10:
	dec c                         ; CB10  0D
L_CB11:
	jr nz,L_CB10                  ; CB11  20 FD
	ld a,(hl)                     ; CB13  7E
	nop                           ; CB14  00
	or a                          ; CB15  B7
	jr z,L_CB1D                   ; CB16  28 05
	dec (iy+0x00)                 ; CB18  FD 35 00
	jr L_CB75                     ; CB1B  18 58

L_CB1D:
	ld l,(iy+0x01)                ; CB1D  FD 6E 01
	ld h,(iy+0x02)                ; CB20  FD 66 02
	ld a,(hl)                     ; CB23  7E
	inc hl                        ; CB24  23
	cp 0x0F                       ; CB25  FE 0F
	jr z,L_CBA8                   ; CB27  28 7F
	cp 0x0C                       ; CB29  FE 0C
	jr z,L_CB9F                   ; CB2B  28 72
	or a                          ; CB2D  B7
	jp z,L_CBB2                   ; CB2E  CA B2 CB  ; в каноне +0x100 этот операнд стухший
	ld e,a                        ; CB31  5F
	ld a,(hl)                     ; CB32  7E
	inc hl                        ; CB33  23
	ld (iy+0x00),a                ; CB34  FD 77 00
	ld (iy+0x01),l                ; CB37  FD 75 01
	ld (iy+0x02),h                ; CB3A  FD 74 02
	ld bc,0x00                    ; CB3D  01 00 00
	ld d,0x00                     ; CB40  16 00
	ld a,e                        ; CB42  7B
	and 0x0C                      ; CB43  E6 0C
	cp 0x08                       ; CB45  FE 08
	jr nz,L_CB4D                  ; CB47  20 04
	ld b,0x04                     ; CB49  06 04
	jr L_CB53                     ; CB4B  18 06

L_CB4D:
	cp 0x04                       ; CB4D  FE 04
	jr nz,L_CB53                  ; CB4F  20 02
	ld b,0xFC                     ; CB51  06 FC
L_CB53:
	ld a,e                        ; CB53  7B
	and 0x03                      ; CB54  E6 03
	cp 0x03                       ; CB56  FE 03
	jr nz,L_CB5E                  ; CB58  20 04
	ld d,0x01                     ; CB5A  16 01
	jr L_CB6C                     ; CB5C  18 0E

L_CB5E:
	cp 0x02                       ; CB5E  FE 02
	jr nz,L_CB66                  ; CB60  20 04
	ld c,0x02                     ; CB62  0E 02
	jr L_CB6C                     ; CB64  18 06

L_CB66:
	cp 0x01                       ; CB66  FE 01
	jr nz,L_CB6C                  ; CB68  20 02
	ld c,0xFE                     ; CB6A  0E FE
L_CB6C:
	ld (iy+0x0C),c                ; CB6C  FD 71 0C
	ld (iy+0x04),b                ; CB6F  FD 70 04
	ld (iy+0x05),d                ; CB72  FD 72 05
L_CB75:
	ld d,(iy+0x05)                ; CB75  FD 56 05
	ld c,(iy+0x04)                ; CB78  FD 4E 04
	ld b,(iy+0x0C)                ; CB7B  FD 46 0C
	ld a,(iy+0x0B)                ; CB7E  FD 7E 0B
	and 0x80                      ; CB81  E6 80
	ld e,a                        ; CB83  5F
	ld a,0xFE                     ; CB84  3E FE
	cp b                          ; CB86  B8
	jr z,L_CB92                   ; CB87  28 09
	ld a,0x02                     ; CB89  3E 02
	cp b                          ; CB8B  B8
	jr nz,L_CB94                  ; CB8C  20 06
	ld e,0x80                     ; CB8E  1E 80
	jr L_CB94                     ; CB90  18 02

L_CB92:
	ld e,0x00                     ; CB92  1E 00
L_CB94:
	ld a,(iy+0x07)                ; CB94  FD 7E 07
	add a,c                       ; CB97  81
	ld c,a                        ; CB98  4F
	ld a,(iy+0x08)                ; CB99  FD 7E 08
	add a,b                       ; CB9C  80
	ld b,a                        ; CB9D  47
	ret                           ; CB9E  C9

L_CB9F:
	ld e,(hl)                     ; CB9F  5E
	inc hl                        ; CBA0  23
	ld d,(hl)                     ; CBA1  56
	inc hl                        ; CBA2  23
	ld a,(de)                     ; CBA3  1A
	and 0x80                      ; CBA4  E6 80
	jr z,L_CBB2                   ; CBA6  28 0A
L_CBA8:
	ld a,r                        ; CBA8  ED 5F
	ld bc,0x02                    ; CBAA  01 02 00
	and 0x01                      ; CBAD  E6 01
	jr z,L_CBB2                   ; CBAF  28 01
	add hl,bc                     ; CBB1  09
L_CBB2:
	ld e,(hl)                     ; CBB2  5E
	inc hl                        ; CBB3  23
	ld d,(hl)                     ; CBB4  56
	ex de,hl                      ; CBB5  EB
	ld (iy+0x01),l                ; CBB6  FD 75 01
	ld (iy+0x02),h                ; CBB9  FD 74 02
	jp L_CB1D                     ; CBBC  C3 1D CB  ; в каноне +0x100 этот операнд стухший

OBJ_ARRAY_CBBF:			; данные CBBF..CBE5 (39 байт)
; рабочий массив объектов: 3 записи по 0x0D байт (0x27 = 39 = 3*13 байт
; копирует ldir из CB8D). База для iy в блоке C0FB (там написано ld
; iy,0xCBBF — операнд не пережил сдвиг +0x100). Отдельные поля читает
; C083: CCC5, CCC8, CCD2, CCD5, CCDF. Указателей в записи НЕТ: пара
; iy+7/iy+8 читается как b,c (C1C2/C22C) и идёт в рисование спрайта
; координатами, а не адресом
	db	0x00,0x28,0x78,0x27,0x00,0x00,0x0B,0x50,0x32,0x00,0x2A,0x00,0x00,0x00,0x2E,0x78	; CBBF
	db	0x2B,0x00,0x00,0x32,0x50,0x80,0x00,0x2E,0x00,0x00,0x00,0x2B,0x78,0x2F,0x00,0x00	; CBCF
	db	0x53,0x30,0x52,0x00,0x30,0x00,0x00	; CBDF
OBJ_ARRAY_INIT:			; данные CBE6..CC0C (39 байт)
; начальные значения массива: CB8D делает ld hl,0xCCE6 / ld de,0xCCBF / ld
; bc,0x27 / ldir
	db	0x00,0x28,0x78,0x27,0x00,0x00,0x0B,0x50,0x32,0x00,0x2A,0x00,0x00,0x00,0x2E,0x78	; CBE6
	db	0x2B,0x00,0x00,0x32,0x50,0x80,0x00,0x2E,0x00,0x00,0x00,0x2B,0x78,0x2F,0x00,0x00	; CBF6
	db	0x53,0x30,0x52,0x00,0x30,0x00,0x00	; CC06
L_CC0D:
	call L_CFCA                   ; CC0D  CD CA CF
	ld hl,0x6000                  ; CC10  21 00 60
	ld bc,0x181F                  ; CC13  01 1F 18
	ld a,0x30                     ; CC16  3E 30
	call L_CF28                   ; CC18  CD 28 CF
	ld hl,WORK_RAM+0x111          ; CC1B  21 B9 F2  ; в каноне +0x100 этот операнд стухший
	ld bc,0x5700                  ; CC1E  01 00 57
L_CC21:
	ld a,(hl)                     ; CC21  7E
	or a                          ; CC22  B7
	jr z,L_CC26                   ; CC23  28 01
	inc c                         ; CC25  0C
L_CC26:
	inc hl                        ; CC26  23
	djnz L_CC21                   ; CC27  10 F8
	srl c                         ; CC29  CB 39
	srl c                         ; CC2B  CB 39
	ld a,(D_CD42)                 ; CC2D  3A 42 CD
	add a,c                       ; CC30  81
	ld c,0x00                     ; CC31  0E 00
L_CC33:
	cp 0x0A                       ; CC33  FE 0A
	jr c,L_CC3C                   ; CC35  38 05
	sub 0x0A                      ; CC37  D6 0A
	inc c                         ; CC39  0C
	jr L_CC33                     ; CC3A  18 F7

L_CC3C:
	ld b,0x02                     ; CC3C  06 02
	ld hl,TEXT_ES+0x15            ; CC3E  21 F5 B5
L_CC41:
	and a                         ; CC41  A7
	jr z,L_CC48                   ; CC42  28 04
	add a,0x3A                    ; CC44  C6 3A
	jr L_CC4A                     ; CC46  18 02

L_CC48:
	ld a,0x44                     ; CC48  3E 44
L_CC4A:
	ld (hl),a                     ; CC4A  77
	dec hl                        ; CC4B  2B
	ld a,c                        ; CC4C  79
	djnz L_CC41                   ; CC4D  10 F2
	ld hl,TEXT_ES                 ; CC4F  21 E0 B5
	ld de,0x0808                  ; CC52  11 08 08
	ld b,0x29                     ; CC55  06 29
	call L_CDF9                   ; CC57  CD F9 CD
	jp MUS_TRACK_1                ; CC5A  C3 E7 DF

L_CC5D:
	ld a,0xF3                     ; CC5D  3E F3
	out (0xAA),a                  ; CC5F  D3 AA
	in a,(0xA9)                   ; CC61  DB A9
	bit 5,a                       ; CC63  CB 6F
	jr z,L_CC5D                   ; CC65  28 F6
L_CC67:
	ld b,0xF0                     ; CC67  06 F0
L_CC69:
	ld a,b                        ; CC69  78
	out (0xAA),a                  ; CC6A  D3 AA
	nop                           ; CC6C  00
	in a,(0xA9)                   ; CC6D  DB A9
	cp 0xFF                       ; CC6F  FE FF
	ret nz                        ; CC71  C0

	ld a,b                        ; CC72  78
	inc a                         ; CC73  3C
	ld b,a                        ; CC74  47
	cp 0xF9                       ; CC75  FE F9
	jr z,L_CC67                   ; CC77  28 EE
	jr L_CC69                     ; CC79  18 EE

L_CC7B:
	call L_C9E1                   ; CC7B  CD E1 C9
	push hl                       ; CC7E  E5
	push de                       ; CC7F  D5
	ld e,0x05                     ; CC80  1E 05
	ld hl,D_CC95                  ; CC82  21 95 CC
	ld b,0x00                     ; CC85  06 00
L_CC87:
	ld c,(hl)                     ; CC87  4E
	nop                           ; CC88  00
	call KBD_SCAN                 ; CC89  CD DF D3
	rl b                          ; CC8C  CB 10
	inc hl                        ; CC8E  23
	dec e                         ; CC8F  1D
	jr nz,L_CC87                  ; CC90  20 F5
	pop de                        ; CC92  D1
	pop hl                        ; CC93  E1
	ret                           ; CC94  C9

D_CC95:			; данные CC95..CC99 (5 байт)
	db	0x80,0x45,0x44,0x26,0x46	; CC95
L_CC9A:
	ld hl,0x6000                  ; CC9A  21 00 60
	ld a,0xF1                     ; CC9D  3E F1
	call L_CCB3                   ; CC9F  CD B3 CC
	ld hl,0x4000                  ; CCA2  21 00 40
	jr L_CCB2                     ; CCA5  18 0B

L_CCA7:
	ld hl,0x6C00                  ; CCA7  21 00 6C
	ld a,0xF1                     ; CCAA  3E F1
	call L_CCB3                   ; CCAC  CD B3 CC
	ld hl,0x4C00                  ; CCAF  21 00 4C
L_CCB2:
	xor a                         ; CCB2  AF
L_CCB3:
	ld e,0x0C                     ; CCB3  1E 0C
L_CCB5:
	ld bc,0xC0                    ; CCB5  01 C0 00
	push af                       ; CCB8  F5
	call VDP_FILL                 ; CCB9  CD 11 D3
	pop af                        ; CCBC  F1
	ld l,0x00                     ; CCBD  2E 00
	inc h                         ; CCBF  24
	dec e                         ; CCC0  1D
	jr nz,L_CCB5                  ; CCC1  20 F2
	ret                           ; CCC3  C9

D_CCC4:			; данные CCC4..CCCE (11 байт)
	db	0xC9,0xC9,0xC9,0xC9,0xC9,0xC9,0xC9,0xC9,0xC9,0xC9,0xC9	; CCC4
L_CCCF:
	ret                           ; CCCF  C9

L_CCD0:
	ld a,0xC9                     ; CCD0  3E C9
	ld (L_D7A8),a                 ; CCD2  32 A8 D7
	xor a                         ; CCD5  AF
	call L_D868                   ; CCD6  CD 68 D8
	ld a,0xE5                     ; CCD9  3E E5
	ld (L_D7A8),a                 ; CCDB  32 A8 D7
	ret                           ; CCDE  C9

	ex de,hl                      ; CCDF  EB
L_CCE0:
	ld (hl),0xD1                  ; CCE0  36 D1
	djnz L_CCE0                   ; CCE2  10 FC
	ret                           ; CCE4  C9

D_CCE5:			; данные CCE5..CCF0 (12 байт)
	db	0xC9,0xC9,0xC9,0xC9,0xC9,0xC9,0xC9,0xC9,0xC9,0xC9,0xC9,0xC9	; CCE5
L_CCF1:
	ld a,(iy+0x04)                ; CCF1  FD 7E 04
	and 0x7F                      ; CCF4  E6 7F
	ld a,(iy+0x03)                ; CCF6  FD 7E 03
L_CCF9:
	ret nz                        ; CCF9  C0

L_CCFA:
	ld b,0x01                     ; CCFA  06 01
	bit 6,a                       ; CCFC  CB 77
	jr z,L_CD02                   ; CCFE  28 02
	ld b,0x02                     ; CD00  06 02
L_CD02:
	bit 7,a                       ; CD02  CB 7F
	jr z,L_CD0B                   ; CD04  28 05
	sub b                         ; CD06  90
	xor 0x40                      ; CD07  EE 40
	jr L_CD0C                     ; CD09  18 01

L_CD0B:
	add a,b                       ; CD0B  80
L_CD0C:
	xor 0x80                      ; CD0C  EE 80
	ld (iy+0x03),a                ; CD0E  FD 77 03
	ret                           ; CD11  C9

L_CD12:
	call L_CD43                   ; CD12  CD 43 CD
	ld hl,0x70C8                  ; CD15  21 C8 70
	ld bc,0x0303                  ; CD18  01 03 03
	ld a,0xF1                     ; CD1B  3E F1
	jr L_CD34                     ; CD1D  18 15

L_CD1F:
	call L_CD43                   ; CD1F  CD 43 CD
	ld hl,0x6CC8                  ; CD22  21 C8 6C
	ld bc,0x0304                  ; CD25  01 04 03
	ld a,0xA0                     ; CD28  3E A0
	jr L_CD34                     ; CD2A  18 08

L_CD2C:
	ld hl,0x6CE8                  ; CD2C  21 E8 6C
	ld bc,0x0302                  ; CD2F  01 02 03
	ld a,0x50                     ; CD32  3E 50
L_CD34:
	call L_CF28                   ; CD34  CD 28 CF
	ld a,(D_CD42)                 ; CD37  3A 42 CD
	add a,0x0F                    ; CD3A  C6 0F
	ld (D_CD42),a                 ; CD3C  32 42 CD
	jp RET_STUB                   ; CD3F  C3 F8 D3

D_CD42:			; данные CD42..CD42 (1 байт)
	db	0x00	; CD42
L_CD43:
	ld b,(iy+0x01)                ; CD43  FD 46 01
	ld c,0x38                     ; CD46  0E 38
	ld a,0x17                     ; CD48  3E 17
	jp L_CCCF                     ; CD4A  C3 CF CC

L_CD4D:
	ld a,(iy+0x06)                ; CD4D  FD 7E 06
	and a                         ; CD50  A7
	ret nz                        ; CD51  C0

	ld a,0x19                     ; CD52  3E 19
	jr L_CD72                     ; CD54  18 1C

L_CD56:
	ld e,0x17                     ; CD56  1E 17
	jr L_CD5C                     ; CD58  18 02

L_CD5A:
	ld e,0x18                     ; CD5A  1E 18
L_CD5C:
	ld a,(iy+0x06)                ; CD5C  FD 7E 06
	and a                         ; CD5F  A7
	jr nz,L_CD70                  ; CD60  20 0E
	ld a,e                        ; CD62  7B
	ex af,af'                     ; CD63  08
	ld a,0x39                     ; CD64  3E 39
	add a,d                       ; CD66  82
	ld c,a                        ; CD67  4F
	ex af,af'                     ; CD68  08
	push bc                       ; CD69  C5
	push de                       ; CD6A  D5
	call L_D0A0                   ; CD6B  CD A0 D0
	pop de                        ; CD6E  D1
	pop bc                        ; CD6F  C1
L_CD70:
	ld a,0x16                     ; CD70  3E 16
L_CD72:
	ex af,af'                     ; CD72  08
	ld a,0x50                     ; CD73  3E 50
	add a,d                       ; CD75  82
	ld c,a                        ; CD76  4F
	ex af,af'                     ; CD77  08
	jp L_D0A0                     ; CD78  C3 A0 D0

LEVEL_VARS:			; данные CD7B..CD87 (13 байт)
; переменные уровня: CE7B, CE7C, CE7E, CE80, CE82, CE84, CE86 — 22
; обращения из живого кода
	db	0x35,0x35,0x90,0x1C,0x80,0x0F,0x50,0x00,0x00,0x00,0x00,0x00,0x00	; CD7B
JUMP_TABLE_CD88:			; данные CD88..CD93 (12 байт)
; таблица переходов, 6 слов: CE5A, CE56, CE4D, CE12, CE1F, CE2C. Все шесть
; разобраны как код (точки входа в tools/entries.json)
	dw	L_CD5A	; CD88  5A CD
	dw	L_CD56	; CD8A  56 CD
	dw	L_CD4D	; CD8C  4D CD
	dw	L_CD12	; CD8E  12 CD
	dw	L_CD1F	; CD90  1F CD
	dw	L_CD2C	; CD92  2C CD
L_CD94:
	ld hl,SPR_BANK_E04B           ; CD94  21 4B E0
	ld (SPR_BANK_VAR+0x1),hl      ; CD97  22 53 D2
	ld bc,L_C85F+0x1              ; CD9A  01 60 C8
	ld a,0x17                     ; CD9D  3E 17
	call L_D202                   ; CD9F  CD 02 D2
	ld bc,L_C880                  ; CDA2  01 80 C8
	ld a,0x18                     ; CDA5  3E 18
	call L_D202                   ; CDA7  CD 02 D2
	ld bc,SPR_BANK_E04B+0x815     ; CDAA  01 60 E8
	ld a,0x19                     ; CDAD  3E 19
	call L_D202                   ; CDAF  CD 02 D2
	ld hl,SPR_DATA_AA76           ; CDB2  21 76 AA
	ld (SPR_BANK_VAR+0x1),hl      ; CDB5  22 53 D2
	ret                           ; CDB8  C9

	ld hl,0x3E                    ; CDB9  21 3E 00
	ld b,0x00                     ; CDBC  06 00
L_CDBE:
	in a,(0x1F)                   ; CDBE  DB 1F
	bit 5,a                       ; CDC0  CB 6F
	jr nz,L_CDC9                  ; CDC2  20 05
	djnz L_CDBE                   ; CDC4  10 F8
	ld hl,0x1FDB                  ; CDC6  21 DB 1F
L_CDC9:
	ld (L_CC7B),hl                ; CDC9  22 7B CC  ; в каноне +0x100 этот операнд стухший
	ret                           ; CDCC  C9

L_CDCD:
	ld de,0x18                    ; CDCD  11 18 00
	ld b,0x7F                     ; CDD0  06 7F
	ld hl,HUD_TILES               ; CDD2  21 56 B7
	jp L_CDF9                     ; CDD5  C3 F9 CD

L_CDD8:
	ld de,0x011D                  ; CDD8  11 1D 01
	ld hl,0x21E8                  ; CDDB  21 E8 21
L_CDDE:
	and a                         ; CDDE  A7
	jr z,L_CDEC                   ; CDDF  28 0B
	dec a                         ; CDE1  3D
	dec de                        ; CDE2  1B
	dec de                        ; CDE3  1B
	push af                       ; CDE4  F5
	ld a,l                        ; CDE5  7D
	sub 0x10                      ; CDE6  D6 10
	ld l,a                        ; CDE8  6F
	pop af                        ; CDE9  F1
	jr L_CDDE                     ; CDEA  18 F2

L_CDEC:
	ld a,0xA0                     ; CDEC  3E A0
	ld bc,0x0402                  ; CDEE  01 02 04
	call L_CF28                   ; CDF1  CD 28 CF
	ld b,0x0B                     ; CDF4  06 0B
	ld hl,HUD_TILES+0x98          ; CDF6  21 EE B7
L_CDF9:
	push bc                       ; CDF9  C5
	push de                       ; CDFA  D5
	push hl                       ; CDFB  E5
	ld a,(hl)                     ; CDFC  7E
	cp 0x20                       ; CDFD  FE 20
	jr c,L_CE0E                   ; CDFF  38 0D
	call L_CE36                   ; CE01  CD 36 CE
	pop hl                        ; CE04  E1
	pop de                        ; CE05  D1
	inc hl                        ; CE06  23
	call L_CE19                   ; CE07  CD 19 CE
L_CE0A:
	pop bc                        ; CE0A  C1
	djnz L_CDF9                   ; CE0B  10 EC
	ret                           ; CE0D  C9

L_CE0E:
	pop hl                        ; CE0E  E1
	inc hl                        ; CE0F  23
	pop de                        ; CE10  D1
	ld b,a                        ; CE11  47
L_CE12:
	call L_CE19                   ; CE12  CD 19 CE
	djnz L_CE12                   ; CE15  10 FB
	jr L_CE0A                     ; CE17  18 F1

L_CE19:
	inc de                        ; CE19  13
	ld a,0x1F                     ; CE1A  3E 1F
	cp e                          ; CE1C  BB
	ret nc                        ; CE1D  D0

	ld e,0x00                     ; CE1E  1E 00
	inc d                         ; CE20  14
	ret                           ; CE21  C9

	jr nz,L_CE29                  ; CE22  20 05
	ld a,l                        ; CE24  7D
	sub 0x08                      ; CE25  D6 08
	ld l,a                        ; CE27  6F
	inc h                         ; CE28  24
L_CE29:
	inc l                         ; CE29  2C
	pop bc                        ; CE2A  C1
	dec b                         ; CE2B  05
	jp nz,L_D149                  ; CE2C  C2 49 D1  ; в каноне +0x100 этот операнд стухший
	ret                           ; CE2F  C9

D_CE30:			; данные CE30..CE35 (6 байт)
	db	0xC8,0xC1,0xC5,0xAF,0xBB,0xC4	; CE30
L_CE36:
	ld hl,HUD_TILES+0x8C          ; CE36  21 E2 B7
	ld bc,0x08                    ; CE39  01 08 00
L_CE3C:
	dec a                         ; CE3C  3D
	jr z,L_CE42                   ; CE3D  28 03
	add hl,bc                     ; CE3F  09
	jr L_CE3C                     ; CE40  18 FA

L_CE42:
	ex de,hl                      ; CE42  EB
	call L_CE5F                   ; CE43  CD 5F CE
	ld b,0x08                     ; CE46  06 08
L_CE48:
	call VDP_RD_BYTE              ; CE48  CD 20 D3
	ld c,a                        ; CE4B  4F
	ld a,(de)                     ; CE4C  1A
L_CE4D:
	nop                           ; CE4D  00
	call VDP_WR_BYTE              ; CE4E  CD 28 D3
	inc l                         ; CE51  2C
	inc de                        ; CE52  13
	djnz L_CE48                   ; CE53  10 F3
	nop                           ; CE55  00
	nop                           ; CE56  00
	nop                           ; CE57  00
	nop                           ; CE58  00
	nop                           ; CE59  00
	nop                           ; CE5A  00
	nop                           ; CE5B  00
	nop                           ; CE5C  00
	nop                           ; CE5D  00
	nop                           ; CE5E  00
L_CE5F:
	sla l                         ; CE5F  CB 25
	sla l                         ; CE61  CB 25
	sla l                         ; CE63  CB 25
	ret                           ; CE65  C9

	rla                           ; CE66  17
	sub h                         ; CE67  94
	ld h,a                        ; CE68  67
	ret                           ; CE69  C9

L_CE6A:
	ld b,0x0B                     ; CE6A  06 0B
	ld a,0x36                     ; CE6C  3E 36
	ld hl,PARAM_TABLE_CEAA+0x24   ; CE6E  21 CE CE
L_CE71:
	ld e,(hl)                     ; CE71  5E
	inc hl                        ; CE72  23
	ld d,(hl)                     ; CE73  56
	inc hl                        ; CE74  23
	ld (de),a                     ; CE75  12
	djnz L_CE71                   ; CE76  10 F9
	ld b,0x09                     ; CE78  06 09
L_CE7A:
	ld e,(hl)                     ; CE7A  5E
	inc hl                        ; CE7B  23
	ld d,(hl)                     ; CE7C  56
	inc hl                        ; CE7D  23
	ld a,(hl)                     ; CE7E  7E
	inc hl                        ; CE7F  23
	ld (de),a                     ; CE80  12
	djnz L_CE7A                   ; CE81  10 F7
	ld de,0x7F9C                  ; CE83  11 9C 7F
	ld bc,0x08                    ; CE86  01 08 00
	ldir                          ; CE89  ED B0
	ld a,r                        ; CE8B  ED 5F
	and 0x0F                      ; CE8D  E6 0F
	inc a                         ; CE8F  3C
	ld hl,PARAM_TABLE_CEAA        ; CE90  21 AA CE
L_CE93:
	dec a                         ; CE93  3D
	jr z,L_CE9A                   ; CE94  28 04
	inc hl                        ; CE96  23
	inc hl                        ; CE97  23
	jr L_CE93                     ; CE98  18 F9

L_CE9A:
	ld de,LEVEL_VARS+0x1          ; CE9A  11 7C CD
	ld bc,0x06                    ; CE9D  01 06 00
	ldir                          ; CEA0  ED B0
	xor a                         ; CEA2  AF
	ld b,0x06                     ; CEA3  06 06
L_CEA5:
	ld (de),a                     ; CEA5  12
	inc de                        ; CEA6  13
	djnz L_CEA5                   ; CEA7  10 FC
	ret                           ; CEA9  C9

PARAM_TABLE_CEAA:			; данные CEAA..CF06 (93 байт)
; таблица параметров: живой код ни разу не переходит сюда и не читает
; отсюда по имени; начало повторяет структуру LEVEL_VARS (35 90 1C 80 0F
; 50)
	db	0x09,0x78,0x35,0x90,0x1C,0x80,0x0F,0x50,0x44,0x20,0x12,0x88,0x4D,0x24,0x23,0x3C	; CEAA
	db	0x43,0x60,0x3C,0x90,0x27,0x58,0x48,0x50,0x50,0x28,0x2E,0x50,0x1E,0x98,0x45,0x04	; CEBA
	db	0x1A,0x98,0x53,0x90	; CECA
	dw	ROOM_MAPS+0x201	; CECE  48 86
	dw	ROOM_MAPS+0x597	; CED0  DE 89
	dw	ROOM_MAPS+0xA65	; CED2  AC 8E
	dw	ROOM_MAPS+0xD67	; CED4  AE 91
	dw	ROOM_MAPS+0x2105	; CED6  4C A5
	dw	ROOM_MAPS+0x1933	; CED8  7A 9D
	dw	ROOM_MAPS+0x1E35	; CEDA  7C A2
	dw	ROOM_MAPS+0x1E39	; CEDC  80 A2
	dw	ROOM_MAPS+0x1E3D	; CEDE  84 A2
	dw	ROOM_MAPS+0x1F19	; CEE0  60 A3
	dw	ROOM_MAPS+0x1F1D	; CEE2  64 A3
	dw	ROOM_MAPS+0x180	; CEE4  C7 85
	db	0x23	; CEE6
	dw	ROOM_MAPS+0x7B6	; CEE7  FD 8B
	db	0x2A	; CEE9
	dw	ROOM_MAPS+0x9F8	; CEEA  3F 8E
	db	0x24	; CEEC
	dw	ROOM_MAPS+0xC7C	; CEED  C3 90
	db	0x23	; CEEF
	dw	ROOM_MAPS+0x1992	; CEF0  D9 9D
	db	0x18	; CEF2
	dw	ROOM_MAPS+0x19F8	; CEF3  3F 9E
	db	0x1A	; CEF5
	dw	ROOM_MAPS+0x1E00	; CEF6  47 A2
	db	0x15	; CEF8
	dw	ROOM_MAPS+0x1EBC	; CEF9  03 A3
	db	0x23	; CEFB
	dw	ROOM_MAPS+0x2090	; CEFC  D7 A4
	db	0x20,0x14,0x40,0x90,0xBD,0x14,0x30,0x90,0xBD	; CEFE
L_CF07:
	ld hl,0x20C0                  ; CF07  21 C0 20
	ld de,VRAM_COLOR_ROWS         ; CF0A  11 22 B8
	ld c,0x18                     ; CF0D  0E 18
L_CF0F:
	push hl                       ; CF0F  E5
	ld b,0x08                     ; CF10  06 08
L_CF12:
	push bc                       ; CF12  C5
	ld bc,0x08                    ; CF13  01 08 00
	ld a,(de)                     ; CF16  1A
	call VDP_FILL                 ; CF17  CD 11 D3
	inc de                        ; CF1A  13
	ld bc,0x08                    ; CF1B  01 08 00
	add hl,bc                     ; CF1E  09
	pop bc                        ; CF1F  C1
	djnz L_CF12                   ; CF20  10 F0
	pop hl                        ; CF22  E1
	inc h                         ; CF23  24
	dec c                         ; CF24  0D
	jr nz,L_CF0F                  ; CF25  20 E8
	ret                           ; CF27  C9

L_CF28:
	rlc c                         ; CF28  CB 01
	rlc c                         ; CF2A  CB 01
	rlc c                         ; CF2C  CB 01
L_CF2E:
	push bc                       ; CF2E  C5
	push hl                       ; CF2F  E5
	ld b,0x00                     ; CF30  06 00
	call VDP_FILL                 ; CF32  CD 11 D3
	pop hl                        ; CF35  E1
	ld bc,0x0100                  ; CF36  01 00 01
	add hl,bc                     ; CF39  09
	pop bc                        ; CF3A  C1
	djnz L_CF2E                   ; CF3B  10 F1
	ret                           ; CF3D  C9

L_CF3E:
	call L_CFCA                   ; CF3E  CD CA CF
	ld hl,0x2900                  ; CF41  21 00 29
	ld bc,0x0100                  ; CF44  01 00 01
	ld a,0xA1                     ; CF47  3E A1
	call VDP_FILL                 ; CF49  CD 11 D3
	inc h                         ; CF4C  24
	ld bc,0x0100                  ; CF4D  01 00 01
	ld a,0x71                     ; CF50  3E 71
	call VDP_FILL                 ; CF52  CD 11 D3
	inc h                         ; CF55  24
	ld bc,0x0100                  ; CF56  01 00 01
	ld a,0xC1                     ; CF59  3E C1
	call VDP_FILL                 ; CF5B  CD 11 D3
	ld a,0xA9                     ; CF5E  3E A9
	ld (L_CE4D),a                 ; CF60  32 4D CE
L_CF63:
	ld b,0x06                     ; CF63  06 06
	ld hl,TEXT_ES+0x29            ; CF65  21 09 B6
	ld de,BUF_CF90+0x14           ; CF68  11 A4 CF
L_CF6B:
	push bc                       ; CF6B  C5
	ld a,(de)                     ; CF6C  1A
	ld b,a                        ; CF6D  47
	push hl                       ; CF6E  E5
	push de                       ; CF6F  D5
	ld de,0x1108                  ; CF70  11 08 11
	call L_CDF9                   ; CF73  CD F9 CD
	call L_D021                   ; CF76  CD 21 D0
	pop de                        ; CF79  D1
	pop hl                        ; CF7A  E1
	ld a,(de)                     ; CF7B  1A
	ld c,a                        ; CF7C  4F
	ld b,0x00                     ; CF7D  06 00
	add hl,bc                     ; CF7F  09
	inc de                        ; CF80  13
	pop bc                        ; CF81  C1
	call L_CFAA                   ; CF82  CD AA CF
	jr nz,L_CF8B                  ; CF85  20 04
	djnz L_CF6B                   ; CF87  10 E2
	jr L_CF63                     ; CF89  18 D8

L_CF8B:
	xor a                         ; CF8B  AF
	ld (L_CE4D),a                 ; CF8C  32 4D CE
	ret                           ; CF8F  C9

BUF_CF90:			; данные CF90..CFA9 (26 байт)
; 20 нулевых байт (буфер) + 6-байтная таблица D0A4..D0A9; процедура
; начинается только с D0AA
	db	0x00,0x00,0x00,0x00,0x00,0x00,0x00,0x00,0x00,0x00,0x00,0x00,0x00,0x00,0x00,0x00	; CF90
	db	0x00,0x00,0x00,0x00,0x13,0x1D,0x1C,0x1E,0x18,0x17	; CFA0
L_CFAA:
	call L_CFAD                   ; CFAA  CD AD CF
L_CFAD:
	push bc                       ; CFAD  C5
	push hl                       ; CFAE  E5
	ld h,0x46                     ; CFAF  26 46
L_CFB1:
	ld b,0xF0                     ; CFB1  06 F0
L_CFB3:
	ld a,b                        ; CFB3  78
	out (0xAA),a                  ; CFB4  D3 AA
	in a,(0xA9)                   ; CFB6  DB A9
	cp 0xFF                       ; CFB8  FE FF
	jr nz,L_CFC7                  ; CFBA  20 0B
	inc b                         ; CFBC  04
	ld a,0xF9                     ; CFBD  3E F9
	cp b                          ; CFBF  B8
	jr z,L_CFB1                   ; CFC0  28 EF
	dec hl                        ; CFC2  2B
	ld a,h                        ; CFC3  7C
	or l                          ; CFC4  B5
	jr nz,L_CFB3                  ; CFC5  20 EC
L_CFC7:
	pop hl                        ; CFC7  E1
	pop bc                        ; CFC8  C1
	ret                           ; CFC9  C9

L_CFCA:
	ld hl,0x1B00                  ; CFCA  21 00 1B
	ld bc,0x80                    ; CFCD  01 80 00
	ld a,0xD1                     ; CFD0  3E D1
	call VDP_FILL                 ; CFD2  CD 11 D3
	ld bc,0x1800                  ; CFD5  01 00 18
	ld hl,0x00                    ; CFD8  21 00 00
	xor a                         ; CFDB  AF
	call VDP_FILL                 ; CFDC  CD 11 D3
	ld bc,0x1800                  ; CFDF  01 00 18
	ld hl,0x2000                  ; CFE2  21 00 20
	ld a,0x11                     ; CFE5  3E 11
	jp VDP_FILL                   ; CFE7  C3 11 D3

DEAD_CFEA:			; данные CFEA..D000 (23 байт)
; мёртвый хвост: его jr/djnz ведут в середину живой процедуры D0CA, а
; команды дословно повторяют её
	db	0xF1,0xD3,0x98,0x78,0xB1,0x20,0xE9,0xDD,0xE1,0x11,0x64,0x00,0xDD,0x19,0xE1,0xC1	; CFEA
	db	0x10,0xD7,0x01,0x00,0x18,0x21,0x00	; CFFA
